-- phpMyAdmin SQL Dump
-- version 4.8.5
-- https://www.phpmyadmin.net/
--
-- Servidor: 127.0.0.1
-- Tiempo de generación: 05-06-2019 a las 18:07:40
-- Versión del servidor: 10.1.40-MariaDB
-- Versión de PHP: 7.3.5

SET SQL_MODE = "NO_AUTO_VALUE_ON_ZERO";
SET AUTOCOMMIT = 0;
START TRANSACTION;
SET time_zone = "+00:00";


/*!40101 SET @OLD_CHARACTER_SET_CLIENT=@@CHARACTER_SET_CLIENT */;
/*!40101 SET @OLD_CHARACTER_SET_RESULTS=@@CHARACTER_SET_RESULTS */;
/*!40101 SET @OLD_COLLATION_CONNECTION=@@COLLATION_CONNECTION */;
/*!40101 SET NAMES utf8mb4 */;

--
-- Base de datos: `bloodbowl`
--

-- --------------------------------------------------------

--
-- Estructura de tabla para la tabla `banned`
--

CREATE TABLE `banned` (
  `id` int(11) NOT NULL,
  `ip` varchar(15) NOT NULL,
  `created_at` datetime DEFAULT NULL,
  `updated_at` datetime DEFAULT NULL,
  `deleted_at` datetime DEFAULT NULL,
  `created_by` int(11) DEFAULT NULL,
  `updated_by` int(11) DEFAULT NULL,
  `deleted_by` int(11) DEFAULT NULL
) ENGINE=MyISAM DEFAULT CHARSET=utf8 ROW_FORMAT=DYNAMIC;

--
-- Volcado de datos para la tabla `banned`
--

INSERT INTO `banned` (`id`, `ip`, `created_at`, `updated_at`, `deleted_at`, `created_by`, `updated_by`, `deleted_by`) VALUES
(1, '10.25.25.10', '2015-12-23 11:29:43', NULL, NULL, 1, NULL, NULL),
(2, '10.10.10.10', '2015-12-23 11:31:51', NULL, NULL, 1, NULL, NULL);

-- --------------------------------------------------------

--
-- Estructura de tabla para la tabla `coaches`
--

CREATE TABLE `coaches` (
  `id` int(10) UNSIGNED NOT NULL,
  `name` varchar(80) DEFAULT NULL,
  `permalink` varchar(255) NOT NULL,
  `created_at` datetime DEFAULT NULL,
  `updated_at` datetime DEFAULT NULL,
  `deleted_at` datetime DEFAULT NULL,
  `created_by` int(11) DEFAULT NULL,
  `updated_by` int(11) DEFAULT NULL,
  `deleted_by` int(11) DEFAULT NULL
) ENGINE=InnoDB DEFAULT CHARSET=utf8 ROW_FORMAT=COMPACT;

--
-- Volcado de datos para la tabla `coaches`
--

INSERT INTO `coaches` (`id`, `name`, `permalink`, `created_at`, `updated_at`, `deleted_at`, `created_by`, `updated_by`, `deleted_by`) VALUES
(1, 'Aaron', 'aaron', NULL, NULL, NULL, NULL, NULL, NULL),
(2, 'Alez', 'alez', NULL, NULL, NULL, NULL, NULL, NULL),
(3, 'Carlitos', 'carlitos', NULL, NULL, NULL, NULL, NULL, NULL),
(4, 'Celia', 'celia', NULL, NULL, NULL, NULL, NULL, NULL),
(5, 'Dan', 'dan', NULL, NULL, NULL, NULL, NULL, NULL),
(6, 'David', 'david', NULL, NULL, NULL, NULL, NULL, NULL),
(7, 'Jairo', 'jairo', NULL, NULL, NULL, NULL, NULL, NULL),
(8, 'JJ', 'jj', NULL, NULL, NULL, NULL, NULL, NULL),
(9, 'KyoShiro', 'kyoshiro', NULL, NULL, NULL, NULL, NULL, NULL),
(10, 'Juan', 'juan', NULL, NULL, NULL, NULL, NULL, NULL),
(11, 'Koke', 'koke', NULL, NULL, NULL, NULL, NULL, NULL),
(12, 'Pablo', 'pablo', NULL, NULL, NULL, NULL, NULL, NULL),
(13, 'Pano', 'pano', NULL, NULL, NULL, NULL, NULL, NULL),
(14, 'Random', 'random', NULL, NULL, NULL, NULL, NULL, NULL),
(15, 'Xose', 'xose', NULL, NULL, NULL, NULL, NULL, NULL),
(16, 'DaniMou', 'danimou', NULL, NULL, NULL, NULL, NULL, NULL),
(17, 'Aruspex', 'aruspex', NULL, NULL, NULL, NULL, NULL, NULL);

-- --------------------------------------------------------

--
-- Estructura de tabla para la tabla `comments`
--

CREATE TABLE `comments` (
  `id` int(10) UNSIGNED NOT NULL,
  `post_id` int(10) UNSIGNED NOT NULL,
  `author` varchar(150) NOT NULL,
  `author_url` varchar(200) DEFAULT NULL,
  `content` text NOT NULL,
  `approved` enum('0','1') NOT NULL,
  `created_at` datetime DEFAULT NULL,
  `updated_at` datetime DEFAULT NULL,
  `deleted_at` datetime DEFAULT NULL
) ENGINE=InnoDB DEFAULT CHARSET=utf8 ROW_FORMAT=DYNAMIC;

--
-- Volcado de datos para la tabla `comments`
--

INSERT INTO `comments` (`id`, `post_id`, `author`, `author_url`, `content`, `approved`, `created_at`, `updated_at`, `deleted_at`) VALUES
(1, 1, 'Alex', NULL, 'Pues si que me ha quedado bien la web, este comentario es de prueba, por si no funciona, comprobar por que no lo hace. salu2', '1', '2008-11-24 17:29:17', NULL, NULL),
(2, 1, 'El Link', NULL, 'Segundo comentario de prueba para haber si casca y asi reirnos un rato.', '1', '2008-11-24 19:07:18', NULL, NULL),
(3, 1, 'Random', NULL, 'Ale, he descubierto que teneis un sitio pa probar comentarios YAY!!\r\n¿tienes codigo html? ¿codigo phpBB? ¿alguna otra cosa? a ver si lo rompo...\r\n[b]negrita?[/b] o {b}negrita?{/b} o (b)negrita?(/b)\r\n[i]cursiva?[/i] o {i}cursiva?{/i} o (i)cursiva?(/i)\r\n[u]suubrayado?[/u] o {u}subrayado?{/u} o (u)subrayado?(/u)\r\n\r\nmas cosas...\r\n&20 <-- and + veinte\r\n#25 <-- esterilla + veinticinco\r\n%20 <-- porcentaje + veinte\r\n$DELETE FROM TABLE$ <-- dolar + delete from table + dolar\r\n;break; <-- puntoycoma + break + puntoycoma\r\n[/BODY][/HTML] <-- final de cuerpo html + final html\r\n\r\n¿fuciona todo?', '1', '2008-11-26 11:19:58', NULL, NULL),
(4, 1, 'Alex', NULL, 'La verdad es que habria estado muy bien que funcionara algo de todo lo que escribiste, pero no es asi.\r\n\r\nDe momento solo \'plain text\' para que no haya problemas, en cuanto tenga un rato os pongo un editor chulo para que metais codigo html. Si quereis', '1', '2008-11-26 15:42:23', NULL, NULL),
(5, 1, 'Link', NULL, 'Joder Random ya te vale macho, intentando romper la pagina, si es que... [b]ESTO NO ES UN FORO[/b] :P.\r\n\r\nA ver si salen los iconos :P, xD, :), ;)', '1', '2008-11-26 20:26:41', NULL, NULL),
(6, 3, 'Random', NULL, 'En http://www.coolstuffinc.com/ tambien venden dados de chessex (casi toda la gama) y de paso tengo descuento, no se si con el descuento (un 5% creo) nos valdra mas baratos que al distribuidor oficial, pero si que el formulario de compra es mas facil...', '1', '2008-12-04 15:42:03', NULL, NULL),
(7, 3, 'Alex', NULL, 'Ok, me parece bien, pues ya iré eligiendo dados', '1', '2008-12-04 18:45:52', NULL, NULL),
(8, 3, 'NeoLink', NULL, 'Bueno pues cuando pueda le hec ho un vistacin a la pagina', '1', '2008-12-05 01:29:57', NULL, NULL),
(9, 2, 'DAn', NULL, 'Es la una y media de la mañana, estoy en el bar y me aburro.....\r\n\r\n\r\n\r\nY de paso opino que quien quiera puede usar equipo nuevo o el de la liga anterior...Yo por mi parte jugare igual con halfos', '1', '2008-12-06 01:35:56', NULL, NULL),
(10, 3, 'NeoLink', NULL, 'yo he visto esta pagina tambien en la que me interesaria comprar algun dadito de los que hay que molan mucho, asi que mirar a ver si quereis algo y asi pedimos a la vez y ahorramos gastos de envio\r\n\r\nhttp://www.gmdice.com/', '1', '2008-12-09 16:29:42', NULL, NULL),
(11, 2, 'David', NULL, 'Cuando gane esta liga empezaremos a jugar una especie de torneo para ir metiendonos en las nuevas reglas y eso..en el cual se podra jugar con el equipo viejo o uno nuevo y despues de esto empezara la nueva liga 09 con equipo nuevo o viejo a eleccion de cada uno. Abra que mirar los equipos que necesiten modificacion para seguir jugando en las reglas y mediante votacion decidiremos lo que mejor convenga a cada una de las partes....si os parece bien me lo decis jejejej ', '1', '2008-12-11 22:15:29', NULL, NULL),
(12, 2, 'DAn', NULL, 'Bien', '1', '2008-12-12 01:26:16', NULL, NULL),
(13, 2, 'JJ', NULL, 'Bien', '1', '2008-12-12 22:28:52', NULL, NULL),
(14, 1, 'JJ', NULL, 'voy hacer un plain text de esos con un currlele y aver si hackeo la pag y muere el sistema a la vez q la phate de la face de la tripleql hace algo divertido', '1', '2008-12-12 22:31:51', NULL, NULL),
(15, 2, 'Link', NULL, 'Yo creo que estas cosas se podian hablar en el foro y tal como se viene haciendo que digo yo que para algo lo tenemos', '1', '2008-12-13 01:43:08', NULL, NULL),
(16, 10, 'Alex2', '', '<p>Bonita afoto2</p>', '0', '2009-02-27 10:28:21', '2017-11-07 09:34:18', NULL),
(17, 14, 'Random', '', 'Los goblins en la primera parte hicieron bien su juego, todos juntitos y los trolls y &quot;estrellas&quot; a repartir. Como se observa la zona de inconscientos de elfos oscuros estaba bien llenita.', '1', '2009-03-01 13:35:06', '2017-11-06 18:16:00', NULL),
(18, 13, 'Random', '', 'JJ aun no consiguio los kekos de goblins, porque ebay es malo y no se los envio (vamos, que enga&ntilde;aron a Pano). Asi que tuve que dejarle unos skavens.\r\nAqui los elfos retomaron el control de la situacion y abrieron bien el campo (lastima que no les sirviera de mucho).', '1', '2009-03-01 13:36:34', NULL, NULL),
(19, 12, 'Random', '', 'Eran los Orcos de JoseKyo contra los humanos de Juan. Joer, los humanos de Juan son unicos, pintados como el villareal XD', '1', '2009-03-01 13:37:46', NULL, NULL),
(20, 14, 'JJ', '', 'Lastima que fue la de inconsciente jeje, falta la foto del goblin volador, ese que marco en un turno, cuando el resultado era desfavorable y encarrilo la victoria verde.', '1', '2009-03-01 16:17:45', NULL, NULL),
(21, 15, 'fallo en la nueva seccion', '', '', '0', '2009-03-05 20:45:38', '2018-02-28 15:55:51', NULL),
(22, 15, 'JJ', '', 'ups perdon\r\nfallo en la nueva seccion, david quedo primero y riks segundo', '1', '2009-03-05 20:46:12', NULL, NULL),
(23, 15, 'Alex', '', 'Lo estoy estudiando, he hecho un cambio en la forma de calcular la clasificaci&oacute;n. Suele ser l&oacute;gico que el que m&aacute;s puntos tiene gane. En este caso no es as&iacute;, por ello ahora la clasificaci&oacute;n se calcula por la diferencia (partidos ganados, partidos empatados, partidos perdidos) y luego por puntos y desempate. A no ser que se os ocurra algo m&aacute;s refinado, es la &uacute;nica manera de que salga correctamente', '1', '2009-03-06 10:33:13', NULL, NULL),
(24, 18, 'David en nombre de todos', '', 'ALEXXXXXXXXX...............por favor necesitamos esa web la hechamos de menos es como tu primera novia que funcionaba y no  la apreciabas hasta que se fue Vuelve!!!!!! me refiero a la web no a mi ex', '1', '2009-04-05 16:57:31', NULL, NULL),
(25, 19, 'peque&ntilde;o error', '', 'mi equipo de goblins de la copa tiene una valoracion de 1.090.000, ya que subio 3 su factor de hinchas, una  hab normal, y un +1 a la agi, lo que son 90.000 mas del millon y su tesoreria es de 250.000 mo, ya que al 2 le daban 50.000 creo y el mje al azar fue un troll, que lo tire con riks.\r\npor lo demas creo q todo esta bien', '1', '2009-04-15 19:56:45', NULL, NULL),
(26, 20, 'Carlos', '', 'Pues gracias =D', '1', '2009-05-13 13:56:58', NULL, NULL),
(27, 10, '', '', 'ciegos son elfos pros contra altos elfos', '1', '2009-08-26 11:40:37', NULL, NULL),
(30, 19, 'oook', NULL, 'ooook', '1', '2018-02-28 17:03:07', NULL, NULL),
(31, 19, 'oook', NULL, 'ooook', '1', '2018-02-28 17:08:02', NULL, NULL),
(32, 19, 'Alex', NULL, 'prueba mensaje', '1', '2018-02-28 17:35:32', NULL, NULL),
(33, 19, 'adsa', NULL, 'adsasd', '1', '2018-02-28 17:36:34', NULL, NULL),
(34, 19, 'asd', NULL, 'aasdass', '1', '2018-02-28 17:37:19', NULL, NULL),
(35, 19, 'asdasd', NULL, 'asdasd', '1', '2018-02-28 17:37:29', NULL, NULL),
(36, 19, 'fecha', NULL, 'fecha', '1', '2018-02-28 17:38:44', NULL, NULL),
(37, 19, 'fecha2', NULL, 'fecha2', '1', '2018-02-28 17:39:44', NULL, NULL),
(38, 19, 'asd', NULL, 'asdasd', '1', '2018-02-28 17:47:02', NULL, NULL),
(39, 19, 'fade', NULL, 'fade', '1', '2018-02-28 17:47:34', NULL, NULL),
(40, 19, 'asdasd', NULL, 'asdasdasdd', '1', '2018-02-28 17:51:13', NULL, NULL),
(41, 19, 'adadasd', NULL, 'asdasdddd', '1', '2018-02-28 17:52:55', NULL, NULL),
(42, 19, 'asdasd', NULL, 'asdasdsd', '1', '2018-02-28 17:53:05', NULL, NULL),
(43, 19, 'asdasd', NULL, 'asdasd', '1', '2018-02-28 17:54:43', NULL, NULL),
(44, 19, 'asdasd', NULL, 'asdasd', '1', '2018-02-28 17:57:52', NULL, NULL),
(45, 12, 'adaasd', NULL, 'asdasdddss', '1', '2018-02-28 17:58:26', NULL, NULL),
(46, 12, 'asdasd', NULL, 'asdasd', '1', '2018-02-28 17:58:34', NULL, NULL),
(47, 13, 'asd', NULL, 'asds', '1', '2018-02-28 17:58:43', NULL, NULL);

-- --------------------------------------------------------

--
-- Estructura de tabla para la tabla `groups`
--

CREATE TABLE `groups` (
  `id` mediumint(8) UNSIGNED NOT NULL,
  `name` varchar(20) NOT NULL,
  `description` varchar(100) NOT NULL
) ENGINE=InnoDB DEFAULT CHARSET=utf8 ROW_FORMAT=COMPACT;

--
-- Volcado de datos para la tabla `groups`
--

INSERT INTO `groups` (`id`, `name`, `description`) VALUES
(1, 'admin', 'Administradores'),
(2, 'miembros', 'Usuarios');

-- --------------------------------------------------------

--
-- Estructura de tabla para la tabla `journeys`
--

CREATE TABLE `journeys` (
  `journey` tinyint(3) UNSIGNED NOT NULL,
  `tournament_id` tinyint(3) UNSIGNED NOT NULL,
  `begin` date NOT NULL,
  `end` date NOT NULL
) ENGINE=InnoDB DEFAULT CHARSET=utf8 ROW_FORMAT=COMPACT;

--
-- Volcado de datos para la tabla `journeys`
--

INSERT INTO `journeys` (`journey`, `tournament_id`, `begin`, `end`) VALUES
(1, 1, '2008-08-16', '2008-08-31'),
(1, 2, '2009-01-16', '2009-01-31'),
(1, 3, '2009-03-16', '2009-03-31'),
(1, 4, '2009-10-01', '2009-10-15'),
(2, 1, '2008-09-01', '2008-09-15'),
(2, 2, '2009-02-01', '2009-02-14'),
(2, 3, '2009-04-01', '2009-04-15'),
(2, 4, '2009-10-16', '2009-10-31'),
(3, 1, '2008-09-16', '2008-09-30'),
(3, 2, '2009-02-15', '2009-02-28'),
(3, 3, '2009-04-16', '2009-04-30'),
(3, 4, '2009-11-01', '2009-11-15'),
(4, 1, '2008-10-01', '2008-10-15'),
(4, 3, '2009-05-01', '2009-05-15'),
(5, 1, '2008-10-16', '2008-10-31'),
(5, 3, '2009-05-16', '2009-05-31'),
(6, 1, '2008-11-01', '2008-11-15'),
(6, 3, '2009-06-01', '2009-06-15'),
(7, 1, '2008-11-16', '2008-11-30'),
(7, 3, '2009-06-16', '2009-06-30'),
(8, 1, '2008-12-01', '2008-12-15'),
(8, 3, '2009-07-01', '2009-07-15'),
(9, 1, '2008-12-16', '2008-12-31'),
(9, 3, '2009-07-16', '2009-07-31'),
(10, 3, '2009-08-01', '2009-08-15'),
(11, 3, '2009-08-16', '2009-08-31');

-- --------------------------------------------------------

--
-- Estructura de tabla para la tabla `links`
--

CREATE TABLE `links` (
  `id` int(11) NOT NULL,
  `name` text NOT NULL,
  `url` text NOT NULL,
  `description` text NOT NULL,
  `published` tinyint(1) NOT NULL DEFAULT '1',
  `created_at` datetime DEFAULT NULL,
  `updated_at` datetime DEFAULT NULL,
  `deleted_at` datetime DEFAULT NULL,
  `created_by` int(11) DEFAULT NULL,
  `updated_by` int(11) DEFAULT NULL,
  `deleted_by` int(11) DEFAULT NULL
) ENGINE=MyISAM DEFAULT CHARSET=utf8 ROW_FORMAT=DYNAMIC;

--
-- Volcado de datos para la tabla `links`
--

INSERT INTO `links` (`id`, `name`, `url`, `description`, `published`, `created_at`, `updated_at`, `deleted_at`, `created_by`, `updated_by`, `deleted_by`) VALUES
(1, 'Bloodbowl ES', 'http://es.games-workshop.com/especialista/bloodbowl/index.asp', 'Web en castellano de Bloodbowl', 1, '2009-01-10 13:45:06', '2009-01-10 13:45:06', NULL, NULL, NULL, NULL),
(3, 'Lord of the boards', 'http://www.creatish.com/core/sam/lord_of_the_boards/html/design/bloodbowl.htm', 'Una página sobre los campos de Bloodbowl con varios diseños para descargar e imprimir', 1, '2009-01-10 13:47:52', '2017-10-11 11:41:58', '2017-10-11 11:42:06', NULL, 1, 1),
(4, 'FUMBBL', 'http://fumbbl.com', 'La liga más grande que se juega en Net. Se pueden encontrar además estrategias para cada raza', 1, '2009-01-10 14:14:34', '2009-01-10 14:14:34', NULL, NULL, NULL, NULL),
(5, 'Bloodbowl PlayBook', 'http://www.bbpb.de', 'Estrategias y guias para desplegar a tus jugadores en un campo', 1, '2009-01-12 10:43:32', '2017-10-11 11:00:58', NULL, NULL, 1, NULL),
(6, 'Probabilidades en Bloodbowl', 'http://spanishteam.tbbl.org/index.php?opcion=calculadora', 'Calcula tus probabilidades al esquivar con elfos o al placar con orkoz', 1, '2009-01-26 17:44:24', '2009-01-26 17:44:24', NULL, NULL, NULL, NULL),
(7, 'Bloodbowl, the game', 'http://www.bloodbowl-game.com', 'El juego de Bloodbowl para PC', 1, '2009-02-07 19:00:39', '2017-10-11 11:03:46', NULL, NULL, 1, NULL),
(8, 'Hoja de encuentro', 'http://alejandrorocha.es/bloodbowl/upload/hoja_encuentro.pdf', 'La hoja para apuntar los datos de los encuentros', 0, '2009-09-05 19:52:15', '2017-11-07 09:34:40', NULL, NULL, 1, NULL);

-- --------------------------------------------------------

--
-- Estructura de tabla para la tabla `matches`
--

CREATE TABLE `matches` (
  `id` int(11) NOT NULL,
  `tournament_id` tinyint(3) UNSIGNED NOT NULL,
  `team_id_1` int(10) UNSIGNED NOT NULL,
  `team_id_2` int(10) UNSIGNED NOT NULL,
  `journey` tinyint(3) UNSIGNED NOT NULL,
  `updated` tinyint(1) UNSIGNED NOT NULL DEFAULT '0',
  `tournament_group` char(1) COLLATE latin1_spanish_ci DEFAULT NULL,
  `fans` mediumint(9) UNSIGNED NOT NULL,
  `notes` mediumtext COLLATE latin1_spanish_ci,
  `cas` tinyint(4) UNSIGNED NOT NULL,
  `td_1` tinyint(4) UNSIGNED NOT NULL,
  `td_2` tinyint(4) UNSIGNED NOT NULL,
  `cas_1` tinyint(4) UNSIGNED NOT NULL,
  `cas_2` tinyint(4) UNSIGNED NOT NULL,
  `winnings_1` mediumint(8) UNSIGNED NOT NULL,
  `winnings_2` mediumint(8) UNSIGNED NOT NULL,
  `points_1` tinyint(4) UNSIGNED NOT NULL,
  `points_2` tinyint(4) UNSIGNED NOT NULL,
  `ff_modifier_1` tinyint(4) NOT NULL,
  `ff_modifier_2` tinyint(4) NOT NULL,
  `not_showed_1` tinyint(1) UNSIGNED DEFAULT NULL,
  `not_showed_2` tinyint(1) UNSIGNED DEFAULT NULL,
  `created_at` datetime DEFAULT NULL,
  `updated_at` datetime DEFAULT NULL,
  `deleted_at` datetime DEFAULT NULL,
  `created_by` int(11) DEFAULT NULL,
  `updated_by` int(11) DEFAULT NULL,
  `deleted_by` int(11) DEFAULT NULL
) ENGINE=InnoDB DEFAULT CHARSET=latin1 COLLATE=latin1_spanish_ci;

--
-- Volcado de datos para la tabla `matches`
--

INSERT INTO `matches` (`id`, `tournament_id`, `team_id_1`, `team_id_2`, `journey`, `updated`, `tournament_group`, `fans`, `notes`, `cas`, `td_1`, `td_2`, `cas_1`, `cas_2`, `winnings_1`, `winnings_2`, `points_1`, `points_2`, `ff_modifier_1`, `ff_modifier_2`, `not_showed_1`, `not_showed_2`, `created_at`, `updated_at`, `deleted_at`, `created_by`, `updated_by`, `deleted_by`) VALUES
(1, 4, 30, 19, 1, 1, 'a', 0, '', 0, 5, 5, 0, 0, 20000, 40000, 14, 14, 1, 1, 0, 0, NULL, NULL, NULL, NULL, NULL, NULL),
(2, 4, 30, 18, 2, 1, 'a', 28000, '', 0, 5, 5, 0, 0, 30000, 30000, 14, 14, 1, -1, 0, 0, NULL, NULL, NULL, NULL, NULL, NULL),
(3, 4, 19, 18, 3, 1, 'a', 28000, '', 0, 5, 5, 0, 0, 70000, 30000, 14, 14, 0, 1, 0, 0, NULL, NULL, NULL, NULL, NULL, NULL),
(4, 4, 28, 27, 1, 1, 'b', 12000, '', 0, 2, 0, 0, 0, 100000, 0, 36, 0, 1, -1, 0, 1, NULL, NULL, NULL, NULL, NULL, NULL),
(5, 4, 28, 10, 2, 1, 'b', 27000, '', 2, 2, 3, 4, 0, 30000, 80000, 9, 27, 0, 1, 0, 0, NULL, NULL, NULL, NULL, NULL, NULL),
(6, 4, 27, 10, 3, 1, 'b', 14000, '', 0, 0, 2, 0, 0, 0, 80000, 0, 36, -1, 1, 1, 0, NULL, NULL, NULL, NULL, NULL, NULL),
(7, 4, 29, 20, 1, 1, 'c', 16000, '', 3, 1, 2, 1, 3, 50000, 40000, 3, 33, 0, 1, 0, 0, NULL, NULL, NULL, NULL, NULL, NULL),
(8, 4, 29, 9, 2, 1, 'c', 22000, '', 1, 1, 2, 0, 3, 50000, 70000, 2, 34, 0, 1, 0, 0, NULL, NULL, NULL, NULL, NULL, NULL),
(9, 4, 20, 9, 3, 1, 'c', 20000, 'El troll se comio al gublin...XD', 1, 0, 2, 2, 2, 60000, 70000, 4, 32, 0, 1, 0, 0, NULL, NULL, NULL, NULL, NULL, NULL),
(10, 4, 34, 21, 1, 1, 'd', 18000, '', 1, 1, 1, 0, 0, 30000, 50000, 14, 14, 1, 1, 0, 0, NULL, NULL, NULL, NULL, NULL, NULL),
(11, 4, 32, 31, 1, 1, 'd', 25000, '', 0, 4, 1, 2, 0, 80000, 30000, 35, 1, 1, 0, 0, 0, NULL, NULL, NULL, NULL, NULL, NULL),
(12, 4, 34, 32, 2, 1, 'd', 26000, '', 1, 1, 3, 2, 0, 40000, 70000, 6, 30, 0, 1, 0, 0, NULL, NULL, NULL, NULL, NULL, NULL),
(13, 4, 21, 31, 2, 1, 'd', 25000, '', 0, 1, 0, 1, 0, 60000, 40000, 32, 4, 1, 0, 0, 0, NULL, NULL, NULL, NULL, NULL, NULL),
(14, 4, 34, 31, 3, 0, 'd', 0, NULL, 0, 0, 0, 0, 0, 0, 0, 0, 0, 0, 0, 0, 0, NULL, NULL, NULL, NULL, NULL, NULL),
(15, 4, 21, 32, 3, 1, 'd', 24000, '', 0, 4, 4, 0, 0, 30000, 40000, 14, 14, 0, 0, 0, 0, NULL, NULL, NULL, NULL, NULL, NULL),
(16, 2, 20, 16, 1, 1, NULL, 20000, '', 0, 2, 1, 5, 0, 40000, 40000, 36, 0, 1, 0, 0, 0, NULL, NULL, NULL, NULL, NULL, NULL),
(17, 2, 22, 13, 1, 1, NULL, 19000, '+1FF Juan', 1, 1, 0, 1, 1, 50000, 60000, 31, 5, 1, 0, 0, 0, NULL, NULL, NULL, NULL, NULL, NULL),
(18, 2, 23, 18, 1, 1, NULL, 27000, '+1FF Koke\r\nDavid equipo nuevo', 0, 2, 1, 2, 0, 40000, 0, 33, 3, 1, 0, 0, 0, NULL, NULL, NULL, NULL, NULL, NULL),
(19, 2, 25, 24, 1, 1, NULL, 12000, '', 0, 2, 0, 0, 0, 80000, 0, 32, 0, 1, -1, 0, 1, NULL, NULL, NULL, NULL, NULL, NULL),
(20, 2, 17, 26, 1, 1, NULL, 26000, '+1 FF Random\r\nDan equipo nuevo', 10, 0, 2, 0, 9, 0, 40000, 0, 36, 0, 1, 0, 0, NULL, NULL, NULL, NULL, NULL, NULL),
(21, 2, 14, 19, 1, 1, NULL, 21000, '+1 FF Jairo', 0, 0, 1, 0, 4, 70000, 50000, 1, 35, 0, 1, 0, 0, NULL, NULL, NULL, NULL, NULL, NULL),
(22, 2, 15, 21, 1, 1, NULL, 28000, '-1FF Jose\r\n+1FF Carlitos', 0, 1, 0, 1, 3, 40000, 40000, 29, 7, 1, -1, 0, 0, NULL, NULL, NULL, NULL, NULL, NULL),
(23, 2, 18, 24, 2, 1, NULL, 8000, '', 0, 2, 0, 0, 0, 100000, 0, 32, 0, 1, -1, 0, 1, NULL, NULL, NULL, NULL, NULL, NULL),
(24, 2, 17, 25, 2, 1, NULL, 21000, 'El Bailarin fichado de Dan marco 2 td', 2, 3, 0, 2, 4, 50000, 10000, 31, 5, 1, 0, 0, 0, NULL, NULL, NULL, NULL, NULL, NULL),
(25, 2, 13, 26, 2, 1, NULL, 20000, '+1FF Random', 0, 0, 2, 1, 4, 30000, 50000, 1, 35, 0, 1, 0, 0, NULL, NULL, NULL, NULL, NULL, NULL),
(26, 2, 20, 14, 2, 1, NULL, 20000, '', 1, 2, 1, 0, 1, 60000, 30000, 30, 6, 1, 0, 0, 0, NULL, NULL, NULL, NULL, NULL, NULL),
(27, 2, 22, 21, 2, 1, NULL, 15000, '', 0, 0, 1, 0, 2, 50000, 50000, 3, 33, 0, 1, 0, 0, NULL, NULL, NULL, NULL, NULL, NULL),
(28, 2, 15, 23, 2, 1, NULL, 15000, '+1FF Carlitos', 1, 3, 0, 3, 2, 50000, 20000, 34, 2, 1, 0, 0, 0, NULL, NULL, NULL, NULL, NULL, NULL),
(29, 2, 19, 16, 2, 1, NULL, 14000, '', 0, 2, 0, 0, 0, 90000, 0, 32, 0, 1, -1, 0, 1, NULL, NULL, NULL, NULL, NULL, NULL),
(30, 2, 14, 25, 3, 1, NULL, 19000, '', 2, 1, 2, 0, 3, 0, 0, 2, 34, 0, 1, 0, 0, NULL, NULL, NULL, NULL, NULL, NULL),
(31, 2, 16, 22, 3, 1, NULL, 25000, '', 1, 1, 0, 2, 1, 60000, 10000, 32, 4, 1, 0, 0, 0, NULL, NULL, NULL, NULL, NULL, NULL),
(32, 2, 15, 17, 3, 0, NULL, 0, NULL, 0, 0, 0, 0, 0, 0, 0, 0, 0, 0, 0, 0, 0, NULL, NULL, NULL, NULL, NULL, NULL),
(33, 2, 21, 26, 3, 1, NULL, 23000, '', 0, 1, 2, 1, 1, 20000, 30000, 5, 31, 0, 1, 0, 0, NULL, NULL, NULL, NULL, NULL, NULL),
(34, 2, 13, 23, 3, 0, NULL, 0, NULL, 0, 0, 0, 0, 0, 0, 0, 0, 0, 0, 0, 0, 0, NULL, NULL, NULL, NULL, NULL, NULL),
(35, 2, 19, 18, 3, 1, NULL, 24000, '', 0, 1, 3, 0, 5, 30000, 60000, 0, 36, -1, 1, 0, 0, NULL, NULL, NULL, NULL, NULL, NULL),
(36, 2, 24, 20, 3, 1, NULL, 10000, '', 0, 0, 2, 0, 0, 0, 100000, 0, 32, -1, 1, 1, 0, NULL, NULL, NULL, NULL, NULL, NULL),
(37, 1, 5, 4, 1, 1, NULL, 58000, '', 0, 2, 0, 0, 0, 90000, 80000, 4, 1, 1, 0, 0, 0, NULL, '2017-11-23 11:19:13', NULL, NULL, 1, NULL),
(38, 1, 7, 10, 1, 1, NULL, 33000, '+1 FF Sombras de Eshin', 0, 0, 2, 1, 1, 40000, 40000, 1, 4, 0, 1, 0, 0, NULL, NULL, NULL, NULL, NULL, NULL),
(39, 1, 1, 3, 1, 1, NULL, 18000, '+1 FF Thiz rocket will kill uz', 0, 0, 1, 0, 1, 50000, 60000, 2, 4, 0, 1, 0, 0, NULL, NULL, NULL, NULL, NULL, NULL),
(40, 1, 2, 6, 1, 1, NULL, 77000, '+1 FF Silvanos Ball, +1 FF Los Bukaneros', 0, 1, 2, 4, 0, 60000, 100000, 2, 4, 1, 1, 0, 0, NULL, NULL, NULL, NULL, NULL, NULL),
(41, 1, 8, 9, 1, 1, NULL, 29000, '+1 FF Pano', 0, 0, 2, 0, 4, 0, 60000, 1, 4, 0, 1, 0, 0, NULL, NULL, NULL, NULL, NULL, NULL),
(42, 1, 5, 3, 2, 1, NULL, 44000, '-1FF Dan, -1FF Alez', 0, 1, 0, 0, 0, 40000, 60000, 4, 2, -1, -1, 0, 0, NULL, NULL, NULL, NULL, NULL, NULL),
(43, 1, 4, 7, 2, 1, NULL, 39000, '+1 FF carlitos, -1 FF Jairo', 0, 1, 0, 2, 1, 50000, 60000, 4, 2, 1, -1, 0, 0, NULL, NULL, NULL, NULL, NULL, NULL),
(44, 1, 1, 10, 2, 1, NULL, 27000, '+1 FF Random', 0, 0, 3, 0, 0, 0, 70000, 1, 4, 0, 1, 0, 0, NULL, NULL, NULL, NULL, NULL, NULL),
(45, 1, 9, 6, 2, 1, NULL, 49000, '', 0, 2, 2, 1, 0, 40000, 80000, 2, 2, 0, 0, 0, 0, NULL, NULL, NULL, NULL, NULL, NULL),
(46, 1, 8, 2, 2, 1, NULL, 33000, '+1 FF Xose', 0, 1, 2, 0, 2, 30000, 70000, 2, 4, 0, 1, 0, 0, NULL, NULL, NULL, NULL, NULL, NULL),
(47, 1, 7, 9, 3, 1, NULL, 42000, '', 0, 3, 0, 3, 2, 70000, 40000, 4, 1, 0, 0, 0, 0, NULL, NULL, NULL, NULL, NULL, NULL),
(48, 1, 2, 4, 3, 1, NULL, 65000, '+1 FF Xose\r\n-1 FF Carlitos', 0, 2, 2, 1, 1, 40000, 40000, 2, 2, 1, -1, 0, 0, NULL, NULL, NULL, NULL, NULL, NULL),
(49, 1, 6, 1, 3, 1, NULL, 48000, '-1 FF Aaron', 0, 3, 1, 0, 1, 50000, 50000, 4, 1, 0, -1, 0, 0, NULL, NULL, NULL, NULL, NULL, NULL),
(50, 1, 10, 5, 3, 1, NULL, 66000, '-1 FF de Random', 0, 2, 1, 0, 3, 80000, 50000, 4, 2, -1, 0, 0, 0, NULL, NULL, NULL, NULL, NULL, NULL),
(51, 1, 3, 8, 3, 1, NULL, 22000, '-1 Factor de hinchas JJ\r\nLinea Orco muerto', 0, 2, 2, 1, 2, 40000, 50000, 2, 2, 0, -1, 0, 0, NULL, NULL, NULL, NULL, NULL, NULL),
(52, 1, 7, 5, 4, 1, NULL, 30000, '-1FF Dan\r\nMuerto un Orco Negro', 0, 0, 0, 1, 3, 60000, 70000, 2, 2, 0, -1, 0, 0, NULL, NULL, NULL, NULL, NULL, NULL),
(53, 1, 1, 2, 4, 1, NULL, 45000, '+1FF Aaron', 0, 2, 0, 2, 1, 50000, 70000, 4, 1, 1, 0, 0, 0, NULL, NULL, NULL, NULL, NULL, NULL),
(54, 1, 9, 3, 4, 1, NULL, 46000, '-1FF Alez', 0, 1, 2, 3, 0, 80000, 50000, 2, 4, 0, -1, 0, 0, NULL, NULL, NULL, NULL, NULL, NULL),
(55, 1, 6, 8, 4, 1, NULL, 37000, '+1FF JJ', 0, 5, 2, 1, 0, 70000, 70000, 4, 1, 0, 1, 0, 0, NULL, NULL, NULL, NULL, NULL, NULL),
(56, 1, 10, 4, 4, 1, NULL, 62000, '', 0, 2, 0, 0, 4, 60000, 80000, 4, 1, 0, 0, 0, 0, NULL, NULL, NULL, NULL, NULL, NULL),
(57, 1, 1, 7, 5, 1, NULL, 23000, '-1 Factor hinchas Jairo\r\n-1 Factor hinchas Aaron', 0, 0, 1, 3, 2, 10000, 70000, 2, 4, -1, -1, 0, 0, NULL, NULL, NULL, NULL, NULL, NULL),
(58, 1, 9, 2, 5, 1, NULL, 66000, '+1FF Pano', 0, 1, 2, 2, 1, 40000, 100000, 2, 4, 1, 0, 0, 0, NULL, NULL, NULL, NULL, NULL, NULL),
(59, 1, 6, 5, 5, 1, NULL, 59000, '2 Elfos silvanos muertos', 0, 2, 1, 0, 2, 30000, 30000, 4, 2, 0, 0, 0, 0, NULL, NULL, NULL, NULL, NULL, NULL),
(60, 1, 10, 8, 5, 1, NULL, 41000, '', 0, 5, 2, 1, 1, 40000, 70000, 4, 1, 0, 0, 0, 0, NULL, NULL, NULL, NULL, NULL, NULL),
(61, 1, 3, 4, 5, 1, NULL, 26000, '', 0, 2, 1, 1, 0, 30000, 10000, 4, 2, 0, 0, 0, 0, NULL, NULL, NULL, NULL, NULL, NULL),
(62, 1, 5, 2, 6, 1, NULL, 52000, '+1FF Xose', 0, 1, 2, 0, 1, 40000, 70000, 2, 4, 0, 1, 0, 0, NULL, NULL, NULL, NULL, NULL, NULL),
(63, 1, 1, 9, 6, 1, NULL, 38000, '+1FF Pano', 0, 0, 1, 2, 2, 30000, 30000, 2, 4, 0, 1, 0, 0, NULL, NULL, NULL, NULL, NULL, NULL),
(64, 1, 6, 10, 6, 1, NULL, 72000, '+1FF David', 0, 1, 4, 2, 1, 60000, 60000, 1, 4, 1, 0, 0, 0, NULL, NULL, NULL, NULL, NULL, NULL),
(65, 1, 8, 4, 6, 1, NULL, 46000, '', 0, 1, 2, 0, 1, 30000, 50000, 2, 4, 0, 0, 0, 0, NULL, NULL, NULL, NULL, NULL, NULL),
(66, 1, 3, 7, 6, 1, NULL, 14000, '+1 Factor Hinchas Jairo', 0, 0, 2, 1, 0, 20000, 30000, 1, 4, 0, 1, 0, 0, NULL, NULL, NULL, NULL, NULL, NULL),
(67, 1, 5, 1, 7, 1, NULL, 42000, '+1 FH Dan\r\nDan compra segunda oportunidad', 0, 2, 2, 1, 2, 40000, 30000, 2, 2, 1, 0, 0, 0, NULL, NULL, NULL, NULL, NULL, NULL),
(68, 1, 4, 9, 7, 1, NULL, 59000, '-1 FH Pano', 0, 3, 0, 0, 3, 70000, 60000, 4, 1, 0, -1, 0, 0, NULL, NULL, NULL, NULL, NULL, NULL),
(69, 1, 10, 2, 7, 1, NULL, 66000, '-1 FF Random', 0, 0, 1, 0, 1, 30000, 40000, 2, 4, -1, 0, 0, 0, NULL, NULL, NULL, NULL, NULL, NULL),
(70, 1, 8, 7, 7, 1, NULL, 23000, '+1 FH JJ\r\n+1 Segunda Oportunidad Jairo', 0, 2, 3, 2, 1, 50000, 60000, 2, 4, 1, 0, 0, 0, NULL, NULL, NULL, NULL, NULL, NULL),
(71, 1, 3, 6, 7, 1, NULL, 57000, '+1 FH David\r\nnº8 de Alez es Iron Man!', 0, 1, 2, 1, 1, 40000, 60000, 2, 4, 0, 1, 0, 0, NULL, NULL, NULL, NULL, NULL, NULL),
(72, 1, 4, 6, 8, 1, NULL, 75000, '', 0, 0, 3, 2, 0, 50000, 80000, 1, 4, 0, 0, 0, 0, NULL, NULL, NULL, NULL, NULL, NULL),
(73, 1, 2, 7, 8, 1, NULL, 49000, '-1FF Xose\r\n+1FF Jairo\r\nEn el saco!\r\nRetrasados!', 0, 1, 2, 2, 0, 30000, 40000, 2, 4, -1, 1, 0, 0, NULL, NULL, NULL, NULL, NULL, NULL),
(74, 1, 9, 5, 8, 1, NULL, 57000, '-1FF Pano\r\n¡Mala Prensa!', 0, 0, 4, 0, 5, 40000, 70000, 1, 4, -1, 0, 0, 0, NULL, NULL, NULL, NULL, NULL, NULL),
(75, 1, 8, 1, 8, 1, NULL, 23000, '-1FF JJ\r\n+1FF Aaron', 0, 1, 2, 0, 4, 30000, 30000, 2, 4, -1, 1, 0, 0, NULL, NULL, NULL, NULL, NULL, NULL),
(76, 1, 3, 10, 8, 1, NULL, 33000, '+1FF Alez\r\nMalos Habitos!\r\nAsesino!', 0, 2, 1, 2, 1, 40000, 40000, 4, 2, 1, 0, 0, 0, NULL, NULL, NULL, NULL, NULL, NULL),
(77, 1, 5, 8, 9, 1, NULL, 35000, '', 0, 1, 0, 3, 0, 60000, 60000, 4, 2, 0, 0, 0, 0, NULL, NULL, NULL, NULL, NULL, NULL),
(78, 1, 4, 1, 9, 1, NULL, 48000, 'Orcos 1 y 5 muertos!', 0, 1, 1, 2, 4, 20000, 30000, 2, 2, 0, 0, 0, 0, NULL, NULL, NULL, NULL, NULL, NULL),
(79, 1, 7, 6, 9, 1, NULL, 64000, 'Un linea humano muerto\r\n-1 FF Jairo', 2, 4, 4, 0, 0, 40000, 70000, 2, 2, -1, 0, 0, 0, NULL, NULL, NULL, NULL, NULL, NULL),
(80, 1, 2, 3, 9, 1, NULL, 12000, '', 0, 0, 0, 0, 0, 0, 40000, 0, 4, -1, 0, 1, 0, NULL, NULL, NULL, NULL, NULL, NULL),
(81, 1, 9, 10, 9, 1, NULL, 56000, '+1FF Pano', 1, 1, 4, 0, 0, 60000, 60000, 1, 4, 1, 0, 0, 0, NULL, NULL, NULL, NULL, NULL, NULL),
(82, 1, 10, 3, 10, 1, NULL, 41000, '¡Estilete!\r\nContrato comercial.\r\n-1FF Random\r\n-1 FF Alez', 1, 4, 0, 0, 1, 60000, 40000, 4, 1, -1, -1, 0, 0, NULL, NULL, NULL, NULL, NULL, NULL),
(83, 1, 6, 7, 10, 1, NULL, 75000, '¡Mala prensa!\r\n-1FF David', 1, 5, 1, 0, 1, 40000, 50000, 4, 1, -1, 0, 0, 0, NULL, NULL, NULL, NULL, NULL, NULL),
(84, 1, 10, 6, 11, 1, NULL, 63000, '+1FF de David y Random. Corredor de alcantarillas (14) asesinado por el público. Ambos alquilaron hechicero. +80k monedas para David por 1er puesto. +60k monedas para Random por 2º puesto', 2, 1, 2, 2, 6, 50000, 40000, 2, 4, 1, 1, 0, 0, NULL, NULL, NULL, NULL, NULL, NULL),
(85, 1, 3, 7, 11, 1, NULL, 29000, '+40.000mo a Jairo por 3er clasificado.\r\n+1 FF Jairo', 1, 1, 2, 2, 2, 50000, 60000, 2, 4, 0, 1, 0, 0, NULL, NULL, NULL, NULL, NULL, NULL),
(86, 3, 21, 1, 1, 1, NULL, 8000, '', 0, 0, 2, 0, 0, 0, 60000, 0, 36, 0, 1, 1, 0, NULL, NULL, NULL, NULL, NULL, NULL),
(87, 3, 23, 6, 1, 1, NULL, 27000, '', 0, 0, 3, 2, 1, 30000, 30000, 4, 32, 0, 1, 0, 0, NULL, NULL, NULL, NULL, NULL, NULL),
(88, 3, 14, 25, 1, 1, NULL, 23000, '', 1, 1, 1, 0, 1, 60000, 20000, 13, 15, 1, 1, 0, 0, NULL, NULL, NULL, NULL, NULL, NULL),
(89, 3, 4, 22, 1, 1, NULL, 24000, '', 2, 2, 0, 3, 0, 20000, 50000, 35, 1, 1, 0, 0, 0, NULL, NULL, NULL, NULL, NULL, NULL),
(90, 3, 26, 7, 1, 1, NULL, 17000, '¡¡¡Robada!!! (<- a mi no me mires, lo puso Pano en la hoja del partido)', 0, 2, 1, 2, 0, 70000, 50000, 33, 3, 1, 0, 0, 0, NULL, NULL, NULL, NULL, NULL, NULL),
(91, 3, 17, 8, 1, 1, NULL, 21000, '', 2, 2, 3, 1, 2, 80000, 10000, 4, 32, 0, 1, 0, 0, NULL, NULL, NULL, NULL, NULL, NULL),
(92, 3, 6, 14, 2, 1, NULL, 30000, '', 0, 4, 0, 2, 0, 50000, 30000, 36, 0, 0, 0, 0, 0, NULL, NULL, NULL, NULL, NULL, NULL),
(93, 3, 25, 1, 2, 1, NULL, 23000, '', 1, 1, 2, 0, 1, 20000, 60000, 4, 32, 0, 1, 0, 0, NULL, NULL, NULL, NULL, NULL, NULL),
(94, 3, 8, 23, 2, 1, NULL, 26000, '', 1, 2, 1, 1, 5, 50000, 60000, 27, 9, 0, 0, 0, 0, NULL, NULL, NULL, NULL, NULL, NULL),
(95, 3, 26, 17, 2, 1, NULL, 23000, 'Dan Retirado', 0, 1, 0, 8, 1, 90000, 0, 36, 0, 1, -1, 0, 0, NULL, NULL, NULL, NULL, NULL, NULL),
(96, 3, 21, 4, 2, 1, NULL, 17000, '', 0, 0, 2, 0, 0, 0, 60000, 0, 36, 0, 1, 1, 0, NULL, NULL, NULL, NULL, NULL, NULL),
(97, 3, 7, 22, 2, 1, NULL, 21000, '', 0, 4, 0, 2, 0, 60000, 70000, 36, 0, 1, 0, 0, 0, NULL, NULL, NULL, NULL, NULL, NULL),
(98, 3, 26, 23, 3, 1, NULL, 22000, '', 0, 0, 0, 1, 4, 50000, 60000, 11, 17, 1, 1, 0, 0, NULL, NULL, NULL, NULL, NULL, NULL),
(99, 3, 21, 7, 3, 1, NULL, 12000, '', 0, 0, 2, 0, 0, 0, 10000, 0, 36, 0, 1, 1, 0, NULL, NULL, NULL, NULL, NULL, NULL),
(100, 3, 17, 6, 3, 1, NULL, 38000, '', 1, 0, 2, 3, 6, 20000, 50000, 1, 35, -1, 1, 0, 0, NULL, NULL, NULL, NULL, NULL, NULL),
(101, 3, 14, 8, 3, 1, NULL, 22000, '', 0, 3, 3, 2, 1, 70000, 40000, 15, 13, 1, 1, 0, 0, NULL, NULL, NULL, NULL, NULL, NULL),
(102, 3, 22, 1, 3, 1, NULL, 0, '', 0, 0, 0, 0, 0, 0, 0, 14, 14, 0, 0, 0, 0, NULL, NULL, NULL, NULL, NULL, NULL),
(103, 3, 25, 4, 3, 1, NULL, 32000, '', 0, 1, 1, 2, 1, 10000, 50000, 15, 13, 0, 0, 0, 0, NULL, NULL, NULL, NULL, NULL, NULL),
(104, 3, 4, 8, 4, 1, NULL, 21000, '', 0, 2, 2, 4, 0, 40000, 60000, 18, 10, 0, 1, 0, 0, NULL, NULL, NULL, NULL, NULL, NULL),
(105, 3, 14, 22, 4, 1, NULL, 23000, '', 3, 3, 1, 0, 2, 30000, 60000, 30, 6, 1, 0, 0, 0, NULL, NULL, NULL, NULL, NULL, NULL),
(106, 3, 26, 1, 4, 1, NULL, 27000, '', 0, 2, 0, 3, 2, 20000, 70000, 33, 3, 1, -1, 0, 0, NULL, NULL, NULL, NULL, NULL, NULL),
(107, 3, 7, 6, 4, 1, NULL, 33000, '', 0, 0, 3, 1, 5, 30000, 60000, 0, 36, 0, 0, 0, 0, NULL, NULL, NULL, NULL, NULL, NULL),
(108, 3, 17, 25, 4, 1, NULL, 27000, 'Dan se hizo equipo nuevo al empezar el partido.\r\nDan se hizo equipo nuevo al terminar el partido.', 3, 0, 2, 1, 4, 50000, 40000, 1, 35, -1, 1, 0, 0, NULL, NULL, NULL, NULL, NULL, NULL),
(109, 3, 21, 23, 4, 1, NULL, 12000, '', 0, 0, 2, 0, 0, 0, 90000, 0, 36, 0, 1, 1, 0, NULL, NULL, NULL, NULL, NULL, NULL),
(110, 3, 17, 22, 5, 1, NULL, 0, 'La recaudacion son 110000', 0, 0, 2, 0, 0, 0, 11000, 0, 36, -1, 1, 1, 0, NULL, NULL, NULL, NULL, NULL, NULL),
(111, 3, 26, 4, 5, 1, NULL, 33000, '', 2, 2, 1, 1, 1, 20000, 40000, 31, 5, 1, -1, 0, 0, NULL, NULL, NULL, NULL, NULL, NULL),
(112, 3, 21, 14, 5, 1, NULL, 7000, '', 0, 0, 2, 0, 0, 0, 110000, 0, 36, -1, 1, 1, 0, NULL, NULL, NULL, NULL, NULL, NULL),
(113, 3, 25, 23, 5, 1, NULL, 29000, '', 0, 0, 1, 1, 1, 50000, 40000, 5, 31, 0, 0, 0, 0, NULL, NULL, NULL, NULL, NULL, NULL),
(114, 3, 7, 8, 5, 1, NULL, 25000, '', 2, 0, 4, 3, 1, 40000, 30000, 4, 32, 0, 1, 0, 0, NULL, NULL, NULL, NULL, NULL, NULL),
(115, 3, 1, 6, 5, 1, NULL, 37000, '', 0, 0, 4, 3, 0, 50000, 60000, 5, 31, 0, 0, 0, 0, NULL, NULL, NULL, NULL, NULL, NULL),
(116, 3, 7, 25, 6, 1, NULL, 30000, '', 0, 2, 0, 1, 3, 50000, 70000, 30, 6, 0, -1, 0, 0, NULL, NULL, NULL, NULL, NULL, NULL),
(117, 3, 17, 21, 6, 1, NULL, 16000, '', 0, 2, 0, 0, 0, 100000, 0, 36, 0, 1, -1, 0, 1, NULL, NULL, NULL, NULL, NULL, NULL),
(118, 3, 23, 22, 6, 1, NULL, 26000, '', 0, 2, 1, 4, 2, 20000, 60000, 33, 3, 0, 0, 0, 0, NULL, NULL, NULL, NULL, NULL, NULL),
(119, 3, 8, 1, 6, 1, NULL, 24000, '', 0, 2, 1, 0, 1, 10000, 20000, 30, 6, 1, 0, 0, 0, NULL, NULL, NULL, NULL, NULL, NULL),
(120, 3, 4, 6, 6, 1, NULL, 34000, '', 0, 1, 4, 1, 2, 60000, 50000, 2, 34, -1, 0, 0, 0, NULL, NULL, NULL, NULL, NULL, NULL),
(121, 3, 26, 14, 6, 1, NULL, 30000, '', 1, 1, 1, 3, 0, 30000, 30000, 17, 11, 1, 0, 0, 0, NULL, NULL, NULL, NULL, NULL, NULL),
(122, 3, 14, 4, 7, 1, NULL, 27000, '', 0, 2, 0, 3, 2, 10000, 50000, 33, 3, -1, 1, 0, 0, NULL, NULL, NULL, NULL, NULL, NULL),
(123, 3, 6, 8, 7, 1, NULL, 38000, '', 0, 3, 3, 0, 2, 10000, 30000, 12, 16, -1, 0, 0, 0, NULL, NULL, NULL, NULL, NULL, NULL),
(124, 3, 1, 7, 7, 1, NULL, 25000, '', 0, 0, 1, 4, 0, 40000, 60000, 9, 27, 0, 1, 0, 0, NULL, NULL, NULL, NULL, NULL, NULL),
(125, 3, 21, 26, 7, 1, NULL, 14000, '', 0, 0, 2, 0, 0, 0, 50000, 0, 36, -1, 1, 1, 0, NULL, NULL, NULL, NULL, NULL, NULL),
(126, 3, 25, 22, 7, 1, NULL, 23000, '', 0, 2, 1, 1, 1, 70000, 40000, 31, 5, 0, 0, 0, 0, NULL, NULL, NULL, NULL, NULL, NULL),
(127, 3, 23, 17, 7, 1, NULL, 25000, '', 2, 1, 3, 5, 2, 60000, 50000, 7, 29, 0, 1, 0, 0, NULL, NULL, NULL, NULL, NULL, NULL),
(128, 3, 8, 26, 8, 1, NULL, 26000, '', 0, 1, 1, 0, 2, 10000, 70000, 12, 16, 0, 0, 0, 0, NULL, NULL, NULL, NULL, NULL, NULL),
(129, 3, 7, 14, 8, 1, NULL, 23000, '', 0, 4, 3, 1, 1, 50000, 20000, 31, 5, 1, 0, 0, 0, NULL, NULL, NULL, NULL, NULL, NULL),
(130, 3, 4, 17, 8, 1, NULL, 32000, '', 0, 0, 1, 2, 1, 50000, 70000, 6, 30, -1, 0, 0, 0, NULL, NULL, NULL, NULL, NULL, NULL),
(131, 3, 6, 25, 8, 1, NULL, 37000, '', 0, 3, 3, 0, 0, 60000, 30000, 14, 14, 0, 1, 0, 0, NULL, NULL, NULL, NULL, NULL, NULL),
(132, 3, 1, 23, 8, 1, NULL, 24000, '', 0, 0, 0, 3, 2, 10000, 70000, 15, 13, 1, 0, 0, 0, NULL, NULL, NULL, NULL, NULL, NULL),
(133, 3, 22, 21, 8, 1, NULL, 14000, '', 0, 2, 0, 0, 0, 90000, 0, 36, 0, 1, 0, 0, 1, NULL, NULL, NULL, NULL, NULL, NULL),
(134, 3, 25, 21, 9, 1, NULL, 18000, '', 0, 2, 0, 0, 0, 100000, 0, 36, 0, 1, -1, 0, 1, NULL, NULL, NULL, NULL, NULL, NULL),
(135, 3, 1, 17, 9, 1, NULL, 37000, '6 Expulsados con Doble 1 (5 de Aaron)', 0, 2, 3, 6, 1, 70000, 40000, 10, 26, -1, 1, 0, 0, NULL, NULL, NULL, NULL, NULL, NULL),
(136, 3, 22, 8, 9, 1, NULL, 32000, '', 0, 2, 5, 3, 1, 30000, 30000, 5, 31, 0, 0, 0, 0, NULL, NULL, NULL, NULL, NULL, NULL),
(137, 3, 23, 14, 9, 1, NULL, 26000, '', 1, 1, 2, 4, 0, 20000, 20000, 9, 27, 0, 1, 0, 0, NULL, NULL, NULL, NULL, NULL, NULL),
(138, 3, 6, 26, 9, 1, NULL, 40000, '', 1, 4, 0, 3, 4, 40000, 50000, 33, 3, 1, -1, 0, 0, NULL, NULL, NULL, NULL, NULL, NULL),
(139, 3, 4, 7, 9, 1, NULL, 30000, '', 0, 0, 2, 3, 0, 20000, 60000, 7, 29, 0, 0, 0, 0, NULL, NULL, NULL, NULL, NULL, NULL),
(140, 3, 23, 7, 10, 1, NULL, 33000, '', 1, 0, 2, 2, 1, 20000, 60000, 5, 31, -1, 1, 0, 0, NULL, NULL, NULL, NULL, NULL, NULL),
(141, 3, 22, 26, 10, 1, NULL, 26000, '', 2, 0, 4, 1, 3, 10000, 60000, 0, 36, 0, 0, 0, 0, NULL, NULL, NULL, NULL, NULL, NULL),
(142, 3, 6, 21, 10, 1, NULL, 19000, '', 0, 2, 0, 0, 0, 50000, 0, 36, 0, 1, 0, 0, 1, NULL, NULL, NULL, NULL, NULL, NULL),
(143, 3, 1, 4, 10, 1, NULL, 24000, '', 0, 2, 2, 3, 0, 20000, 60000, 17, 11, 1, 1, 0, 0, NULL, NULL, NULL, NULL, NULL, NULL),
(144, 3, 14, 17, 10, 1, NULL, 31000, '', 2, 3, 1, 0, 0, 40000, 60000, 32, 4, 1, -1, 0, 0, NULL, NULL, NULL, NULL, NULL, NULL),
(145, 3, 8, 25, 10, 1, NULL, 32000, '', 0, 2, 1, 5, 1, 20000, 40000, 35, 1, 1, -1, 0, 0, NULL, NULL, NULL, NULL, NULL, NULL),
(146, 3, 22, 6, 11, 1, NULL, 28000, '', 0, 1, 4, 1, 4, 50000, 30000, 0, 36, 0, 1, 0, 0, NULL, NULL, NULL, NULL, NULL, NULL),
(147, 3, 4, 23, 11, 1, NULL, 24000, '', 2, 1, 0, 0, 2, 60000, 60000, 29, 7, 1, -1, 0, 0, NULL, NULL, NULL, NULL, NULL, NULL),
(148, 3, 25, 26, 11, 1, NULL, 21000, '', 1, 1, 1, 2, 3, 50000, 70000, 13, 15, 1, 0, 0, 0, NULL, NULL, NULL, NULL, NULL, NULL),
(149, 3, 17, 7, 11, 1, NULL, 30000, '', 3, 2, 2, 2, 3, 50000, 50000, 13, 15, 0, 0, 0, 0, NULL, NULL, NULL, NULL, NULL, NULL),
(150, 3, 8, 21, 11, 1, NULL, 17000, '', 0, 2, 0, 0, 0, 40000, 0, 36, 0, 1, 0, 0, 1, NULL, NULL, NULL, NULL, NULL, NULL),
(151, 3, 14, 1, 11, 1, NULL, 33000, '', 0, 2, 1, 2, 0, 50000, 20000, 33, 3, 1, -1, 0, 0, NULL, NULL, NULL, NULL, NULL, NULL),
(152, 1, 7, 1, 9, 0, '', 0, NULL, 0, 0, 0, 0, 0, 0, 0, 0, 0, 0, 0, NULL, NULL, '2017-11-23 11:21:04', NULL, NULL, 1, NULL, NULL);

-- --------------------------------------------------------

--
-- Estructura de tabla para la tabla `players`
--

CREATE TABLE `players` (
  `id` int(11) NOT NULL,
  `team_id` int(10) UNSIGNED NOT NULL,
  `number` tinyint(3) UNSIGNED NOT NULL,
  `status` enum('active','fired','dead') NOT NULL DEFAULT 'active',
  `name` varchar(80) DEFAULT NULL,
  `position_id` smallint(6) UNSIGNED NOT NULL,
  `ma` tinyint(3) UNSIGNED NOT NULL COMMENT 'movement',
  `st` tinyint(3) UNSIGNED NOT NULL COMMENT 'strength',
  `ag` tinyint(3) UNSIGNED NOT NULL COMMENT 'agility',
  `av` tinyint(3) UNSIGNED NOT NULL COMMENT 'armour',
  `skills` longtext,
  `injuries` enum('','injured') NOT NULL,
  `value` mediumint(8) UNSIGNED NOT NULL,
  `created_at` datetime DEFAULT NULL,
  `updated_at` datetime DEFAULT NULL,
  `deleted_at` datetime DEFAULT NULL,
  `created_by` int(11) DEFAULT NULL,
  `updated_by` int(11) DEFAULT NULL,
  `deleted_by` int(11) DEFAULT NULL
) ENGINE=InnoDB DEFAULT CHARSET=utf8 ROW_FORMAT=COMPACT;

--
-- Volcado de datos para la tabla `players`
--

INSERT INTO `players` (`id`, `team_id`, `number`, `status`, `name`, `position_id`, `ma`, `st`, `ag`, `av`, `skills`, `injuries`, `value`, `created_at`, `updated_at`, `deleted_at`, `created_by`, `updated_by`, `deleted_by`) VALUES
(1, 1, 1, 'active', 'besti', 94, 4, 5, 1, 9, 'Tipejo grandote, Rematadamente estupido, Golpe mortifero, Apariencia asquerosa, Tentaculos, Regeneracion, Placar, Mantenerse firme', '', 170000, NULL, '2017-12-01 08:39:36', NULL, NULL, 1, NULL),
(2, 1, 2, 'active', '', 66, 5, 3, 3, 8, 'Degenerar, Putrefaccion de Nurgle', '', 40000, NULL, '2017-12-01 08:39:36', NULL, NULL, 1, NULL),
(3, 1, 3, 'active', '', 66, 5, 3, 3, 8, 'Degenerar, Putrefaccion de Nurgle, Defensa', '', 70000, NULL, '2017-12-01 08:39:36', NULL, NULL, 1, NULL),
(4, 1, 4, 'active', '', 66, 5, 3, 3, 8, 'Degenerar, Putrefaccion de Nurgle', '', 40000, NULL, '2017-12-01 08:39:36', NULL, NULL, 1, NULL),
(5, 1, 5, 'active', '', 66, 5, 3, 3, 8, 'Degenerar, Putrefaccion de Nurgle', '', 40000, NULL, '2017-12-01 08:39:36', NULL, NULL, 1, NULL),
(6, 1, 6, 'active', '', 66, 5, 3, 3, 8, 'Degenerar, Putrefaccion de Nurgle, Garras', '', 60000, NULL, '2017-12-01 08:39:36', NULL, NULL, 1, NULL),
(7, 1, 9, 'active', '', 67, 6, 3, 3, 8, 'Cuernos, Putrefaccion de Nurgle, Regeneracion, Placar, Defensa, Lesion permanente', '', 120000, NULL, '2017-12-01 08:39:36', NULL, NULL, 1, NULL),
(8, 1, 10, 'active', '', 67, 7, 3, 3, 8, 'Cuernos, Putrefaccion de Nurgle, Regeneracion, +1MO, Placar', '', 130000, NULL, '2017-12-01 08:39:36', NULL, NULL, 1, NULL),
(9, 1, 11, 'active', '', 67, 6, 3, 3, 8, 'Cuernos, Putrefaccion de Nurgle, Regeneracion, Garras, Placar', '', 120000, NULL, '2017-12-01 08:39:36', NULL, NULL, 1, NULL),
(10, 1, 12, 'active', '', 67, 6, 3, 3, 8, 'Cuernos, Putrefaccion de Nurgle, Regeneracion, Placar, Defensa', '', 120000, NULL, '2017-12-01 08:39:36', NULL, NULL, 1, NULL),
(11, 1, 13, 'active', '', 96, 4, 4, 2, 9, 'Presencia perturbadora, Apariencia asquerosa, Putrefaccion de Nurgle, Regeneracion, Placar, Esquivar', '', 160000, NULL, '2017-12-01 08:39:36', NULL, NULL, 1, NULL),
(12, 1, 14, 'active', '', 96, 4, 4, 2, 9, 'Presencia perturbadora, Apariencia asquerosa, Putrefaccion de Nurgle, Regeneracion, Placar', '', 130000, NULL, '2017-12-01 08:39:36', NULL, NULL, 1, NULL),
(13, 1, 15, 'active', '', 96, 4, 4, 2, 9, 'Presencia perturbadora, Apariencia asquerosa, Putrefaccion de Nurgle, Regeneracion, Lesion Permanente, Placar', '', 130000, NULL, '2017-12-01 08:39:36', NULL, NULL, 1, NULL),
(14, 1, 16, 'active', '', 96, 4, 4, 2, 9, 'Presencia perturbadora, Apariencia asquerosa, Putrefaccion de Nurgle, Regeneracion, Placar, Defensa', '', 150000, NULL, '2017-12-01 08:39:36', NULL, NULL, 1, NULL),
(15, 2, 1, 'active', '', 86, 5, 5, 1, 8, 'Solitario, Garras, Presencia perturbadora, Furia, Animal salvaje', '', 140000, NULL, NULL, NULL, NULL, NULL, NULL),
(16, 2, 2, 'active', '', 59, 6, 3, 3, 7, 'Placar, Furia, En pie de un salto,  Defensa', '', 110000, NULL, NULL, NULL, NULL, NULL, NULL),
(17, 2, 3, 'active', '', 59, 6, 3, 3, 7, 'Placar, Furia, En pie de un salto, Defensa', '', 110000, NULL, NULL, NULL, NULL, NULL, NULL),
(18, 2, 4, 'active', '', 83, 6, 4, 2, 8, 'Furia', '', 110000, NULL, NULL, NULL, NULL, NULL, NULL),
(19, 2, 5, 'active', '', 83, 6, 4, 2, 8, 'Furia', '', 110000, NULL, NULL, NULL, NULL, NULL, NULL),
(20, 2, 6, 'active', '', 57, 7, 3, 4, 7, 'Placar, Agallas, +1 AG', '', 130000, NULL, NULL, NULL, NULL, NULL, NULL),
(21, 2, 7, 'active', '', 58, 6, 3, 3, 7, 'Placar, Pasar, Manos seguras', '', 90000, NULL, NULL, NULL, NULL, NULL, NULL),
(22, 2, 8, 'active', '', 56, 6, 3, 3, 7, 'Placar, Esquivar, Defensa', '', 110000, NULL, NULL, NULL, NULL, NULL, NULL),
(23, 2, 9, 'active', '', 56, 6, 3, 3, 7, 'Placar, Placar en defensa', '', 70000, NULL, NULL, NULL, NULL, NULL, NULL),
(24, 2, 10, 'active', '', 56, 6, 3, 3, 7, 'Placar', '', 50000, NULL, NULL, NULL, NULL, NULL, NULL),
(25, 2, 11, 'active', '', 56, 6, 3, 3, 7, 'Placar, Robar balon', '', 70000, NULL, NULL, NULL, NULL, NULL, NULL),
(26, 2, 12, 'active', '', 56, 6, 3, 3, 7, 'Placar', '', 50000, NULL, NULL, NULL, NULL, NULL, NULL),
(27, 2, 13, 'active', '', 56, 6, 3, 3, 7, 'Placar', '', 50000, NULL, NULL, NULL, NULL, NULL, NULL),
(28, 2, 14, 'active', '', 56, 6, 3, 3, 7, 'Placar', '', 50000, NULL, NULL, NULL, NULL, NULL, NULL),
(29, 2, 15, 'active', '', 56, 6, 3, 3, 7, 'Placar', '', 50000, NULL, NULL, NULL, NULL, NULL, NULL),
(30, 2, 16, 'active', '', 57, 7, 3, 3, 7, 'Placar, Agallas', '', 90000, NULL, NULL, NULL, NULL, NULL, NULL),
(31, 3, 1, 'active', 'ManoZuelta', 49, 5, 3, 3, 8, 'Pasar, Manos seguras, Precision', '', 90000, NULL, NULL, NULL, NULL, NULL, NULL),
(32, 3, 2, 'active', 'MuerdeBalonez', 49, 5, 3, 3, 8, 'Pasar, Manos seguras, Precision', '', 90000, NULL, NULL, NULL, NULL, NULL, NULL),
(33, 3, 3, 'active', 'AplaztaKanicaz', 50, 4, 4, 2, 9, '', '', 80000, NULL, NULL, NULL, NULL, NULL, NULL),
(34, 3, 4, 'active', 'EztrujaPinoz', 50, 4, 4, 2, 9, '', '', 80000, NULL, NULL, NULL, NULL, NULL, NULL),
(35, 3, 5, 'active', 'PateaGoblinz', 51, 6, 3, 3, 9, 'Placar, Placaje defensivo, Manos seguras', '', 120000, NULL, NULL, NULL, NULL, NULL, NULL),
(36, 3, 6, 'active', 'TrituraElfoz', 51, 6, 3, 4, 9, 'Placar, Robar balon, +1AG', '', 140000, NULL, NULL, NULL, NULL, NULL, NULL),
(37, 3, 7, 'active', 'EskivaTipejoz', 51, 6, 3, 3, 9, 'Placar', '', 80000, NULL, NULL, NULL, NULL, NULL, NULL),
(38, 3, 8, 'active', 'Medioelfo', 48, 5, 3, 4, 9, '+1AG, Placar', '', 110000, NULL, NULL, NULL, NULL, NULL, NULL),
(39, 3, 9, 'active', 'Bonehead #2', 48, 5, 3, 3, 9, '', '', 50000, NULL, NULL, NULL, NULL, NULL, NULL),
(40, 3, 10, 'active', 'RompeMeñikez', 48, 5, 3, 3, 9, 'Placar', '', 70000, NULL, NULL, NULL, NULL, NULL, NULL),
(41, 3, 11, 'active', 'Bonehead #4', 48, 5, 3, 3, 9, '', '', 50000, NULL, NULL, NULL, NULL, NULL, NULL),
(42, 3, 12, 'active', 'Gilgaz', 50, 4, 4, 2, 9, '', '', 80000, NULL, NULL, NULL, NULL, NULL, NULL),
(43, 3, 13, 'active', 'CortaOdejaz', 51, 6, 3, 3, 9, 'Placar, Esquivar', '', 110000, NULL, NULL, NULL, NULL, NULL, NULL),
(44, 3, 14, 'active', 'Gorgutz', 50, 4, 4, 2, 9, 'Placar', '', 100000, NULL, NULL, NULL, NULL, NULL, NULL),
(45, 3, 15, 'active', 'Rodney', 47, 6, 2, 3, 7, 'Agilidad felina, Esquivar, Escurridizo', '', 40000, NULL, NULL, NULL, NULL, NULL, NULL),
(46, 3, 16, 'active', 'Vala', 47, 6, 2, 3, 7, 'Agilidad felina, Esquivar, Escurridizo', '', 40000, NULL, NULL, NULL, NULL, NULL, NULL),
(47, 4, 1, 'active', '', 49, 5, 3, 3, 8, 'Pasar, Manos seguras, Brazo fuerte', '', 100000, NULL, NULL, NULL, NULL, NULL, NULL),
(48, 4, 2, 'active', '', 50, 4, 4, 2, 9, 'Placar, Defensa', '', 120000, NULL, NULL, NULL, NULL, NULL, NULL),
(49, 4, 3, 'active', '', 50, 4, 4, 2, 9, 'Placar, Defensa', '', 120000, NULL, NULL, NULL, NULL, NULL, NULL),
(50, 4, 4, 'active', '', 50, 3, 4, 2, 9, 'Placar, -1MO', '', 100000, NULL, NULL, NULL, NULL, NULL, NULL),
(51, 4, 5, 'active', '', 50, 4, 4, 2, 9, 'Placar', '', 100000, NULL, NULL, NULL, NULL, NULL, NULL),
(52, 4, 6, 'active', '', 51, 6, 3, 4, 9, 'Placar, +1AG, Robar balon, Placar en defensa', '', 160000, NULL, NULL, NULL, NULL, NULL, NULL),
(53, 4, 7, 'active', '', 51, 6, 3, 3, 9, 'Placar, Placar en defensa, Esquivar, Defensa', '', 150000, NULL, NULL, NULL, NULL, NULL, NULL),
(54, 4, 8, 'active', '', 48, 5, 3, 3, 9, 'Placar', '', 70000, NULL, NULL, NULL, NULL, NULL, NULL),
(55, 4, 11, 'active', '', 48, 5, 3, 3, 9, '', '', 50000, NULL, NULL, NULL, NULL, NULL, NULL),
(56, 4, 12, 'active', '', 51, 6, 3, 4, 9, 'Placar, Robar Balon, +1AG', '', 140000, NULL, NULL, NULL, NULL, NULL, NULL),
(57, 4, 13, 'active', '', 51, 6, 3, 3, 9, 'Placar, Defensa', '', 100000, NULL, NULL, NULL, NULL, NULL, NULL),
(58, 4, 14, 'active', '', 93, 4, 5, 1, 9, 'Solitario, Siempre hambriento, Realmente estupido, Lanzar compa&#241;ero de equipo, Regeneracion, Golpe mortifero, Defensa', '', 130000, NULL, NULL, NULL, NULL, NULL, NULL),
(59, 4, 15, 'active', '', 47, 6, 2, 3, 7, 'Agilidad felina, Esquivar, Escurridizo', '', 40000, NULL, NULL, NULL, NULL, NULL, NULL),
(60, 5, 1, 'active', 'Grosh Berserk', 51, 6, 3, 3, 9, 'Placar, Robar Balon', 'injured', 100000, NULL, '2017-12-01 11:18:08', NULL, NULL, 1, NULL),
(61, 5, 2, 'active', 'Mort Berserk', 51, 6, 3, 3, 9, 'Placar, Placar en defensa, Defensa, Robar Balon', '', 140000, NULL, '2017-12-01 11:18:08', NULL, NULL, 1, NULL),
(62, 5, 3, 'active', 'Gork Berserk', 51, 6, 3, 3, 9, 'Placar, Esquivar', '', 110000, NULL, '2017-12-01 11:18:08', NULL, NULL, 1, NULL),
(63, 5, 4, 'active', 'Mak Berserk', 51, 6, 3, 3, 9, 'Placar, Esquivar', '', 110000, NULL, '2017-12-01 11:18:08', NULL, NULL, 1, NULL),
(64, 5, 5, 'active', 'Buert Aplastasnargles', 50, 4, 4, 2, 9, 'Placar', '', 80000, NULL, '2017-12-01 11:18:08', NULL, NULL, 1, NULL),
(65, 5, 6, 'active', 'Rauj Comecuernos', 50, 3, 4, 2, 9, '-1MO, Placar', '', 100000, NULL, '2017-12-01 11:18:08', NULL, NULL, 1, NULL),
(66, 5, 7, 'active', 'Garrot Arrancaojos', 50, 4, 4, 2, 9, '', '', 80000, NULL, '2017-12-01 11:18:08', NULL, NULL, 1, NULL),
(67, 5, 8, 'active', 'Dork Pisapies', 50, 4, 4, 2, 9, '', '', 80000, NULL, '2017-12-01 11:18:08', NULL, NULL, 1, NULL),
(68, 5, 9, 'active', 'Urk-ojo de cosa voladora que sabe a pollo', 49, 5, 3, 3, 8, 'Pasar, Manos seguras', '', 70000, NULL, '2017-12-01 11:18:08', NULL, NULL, 1, NULL),
(69, 5, 10, 'active', 'Rook', 48, 5, 3, 3, 9, '', '', 50000, NULL, '2017-12-01 11:18:08', NULL, NULL, 1, NULL),
(70, 5, 11, 'active', 'Rugo Berserk El primo', 48, 5, 3, 3, 8, 'Placar, Patada, -1AR', '', 90000, NULL, '2017-12-01 11:18:08', NULL, NULL, 1, NULL),
(71, 5, 12, 'active', 'Fish', 48, 5, 3, 3, 9, '', '', 50000, NULL, '2017-12-01 11:18:08', NULL, NULL, 1, NULL),
(72, 5, 13, 'active', 'Urik el mediohumano', 48, 5, 3, 3, 9, '', '', 50000, NULL, '2017-12-01 11:18:08', NULL, NULL, 1, NULL),
(73, 6, 1, 'active', 'Picollo', 15, 7, 3, 4, 7, 'Placar', '', 90000, NULL, NULL, NULL, NULL, NULL, NULL),
(74, 6, 2, 'active', 'Satan', 15, 7, 3, 4, 7, '', '', 70000, NULL, NULL, NULL, NULL, NULL, NULL),
(75, 6, 3, 'active', 'Tenshinhan', 15, 7, 4, 4, 6, '+1FU, Golpe mortifero, -1AR', '', 150000, NULL, NULL, NULL, NULL, NULL, NULL),
(76, 6, 4, 'active', 'Raditz', 15, 7, 4, 4, 7, '+1FU, Placar, Furia, Esquivar', '', 180000, NULL, NULL, NULL, NULL, NULL, NULL),
(77, 6, 5, 'active', 'Krillin', 15, 7, 3, 4, 7, '', '', 70000, NULL, NULL, NULL, NULL, NULL, NULL),
(78, 6, 6, 'active', '', 15, 7, 3, 4, 7, '', '', 70000, NULL, NULL, NULL, NULL, NULL, NULL),
(79, 6, 7, 'active', 'Vegeta', 18, 8, 3, 5, 7, 'Placar, Esquivar, Saltar, Placar en defensa, Echarse a un lado, +1AG, Bloquear pase', '', 200000, NULL, NULL, NULL, NULL, NULL, NULL),
(80, 6, 8, 'active', 'Gokuh', 18, 8, 3, 5, 7, 'Placar, Esquivar, Saltar, Robar Balon, Echarse a un lado, +1AG', '', 200000, NULL, NULL, NULL, NULL, NULL, NULL),
(81, 6, 9, 'active', 'Trunks', 16, 9, 2, 5, 7, 'Atrapar, Esquivar, +1AG, Saltar, Placar, Echarse a un lado, Bloquear Pase', '', 210000, NULL, NULL, NULL, NULL, NULL, NULL),
(82, 6, 10, 'active', 'Goten', 16, 9, 2, 4, 7, 'Atrapar, Esquivar, Placar, Echarse a un lado', '', 130000, NULL, NULL, NULL, NULL, NULL, NULL),
(83, 6, 11, 'active', 'Videl', 16, 9, 2, 4, 7, 'Atrapar, Esquivar, Placar, Echarse a un lado', '', 130000, NULL, NULL, NULL, NULL, NULL, NULL),
(84, 6, 12, 'active', 'Gohan', 17, 7, 3, 4, 7, 'Pasar, Brazo fuerte, Precision, Manos seguras, Lider', '', 180000, NULL, NULL, NULL, NULL, NULL, NULL),
(85, 6, 13, 'active', 'Broly', 89, 3, 6, 1, 10, 'Tipejo grandote, Echar raices, Lanzar compa&#241;ero de equipo, Golpe mortifero, Mantenerse firme, Cabeza dura, Placar, +1 MO, Brazo fuerte, Placar multiple', '', 200000, NULL, NULL, NULL, NULL, NULL, NULL),
(86, 7, 1, 'active', 'AAAAAAAAUUURRRRRRRGHHH', 85, 5, 5, 2, 9, 'Estupido, Cabeza dura, Golpe mortifero, Lanzar compa&#241;ero de equipo, Tipejo grandote, Placar, Mantenerse firme, Apartar', '', 210000, NULL, NULL, NULL, NULL, NULL, NULL),
(87, 7, 2, 'active', 'Armando Broncas', 41, 7, 3, 3, 8, 'Placar, Placar en defensa, Defensa', '', 130000, NULL, NULL, NULL, NULL, NULL, NULL),
(88, 7, 3, 'active', 'Thomas Murdock', 41, 7, 3, 3, 8, 'Placar, Robar balon', '', 110000, NULL, NULL, NULL, NULL, NULL, NULL),
(89, 7, 4, 'active', 'Matt Anderson', 41, 7, 3, 4, 8, 'Placar, Robar balon, +1AG, Mantenerse firme', '', 170000, NULL, NULL, NULL, NULL, NULL, NULL),
(90, 7, 6, 'active', 'Jeff A MI NO!! Lopez', 39, 8, 3, 3, 7, 'Esquivar, Atrapar, Placar, +1FU, Echarse a un lado', '', 160000, NULL, NULL, NULL, NULL, NULL, NULL),
(91, 7, 7, 'active', 'John Ojo de Aguila Gila', 40, 5, 3, 3, 8, 'Pasar, Manos seguras, Precision, Placar, -1MO, Nervios de acero', '', 130000, NULL, NULL, NULL, NULL, NULL, NULL),
(92, 7, 8, 'active', 'Ger Bala Perdida Cipon', 40, 6, 3, 3, 8, 'Pasar, Manos seguras, Placar, Precision, Brazo fuerte', '', 140000, NULL, NULL, NULL, NULL, NULL, NULL),
(93, 7, 9, 'active', 'Que mas da', 38, 6, 3, 3, 8, 'Lider, Placar', '', 100000, NULL, NULL, NULL, NULL, NULL, NULL),
(94, 7, 10, 'active', 'Humano Insignificante nº4', 38, 6, 3, 3, 8, '', '', 50000, NULL, NULL, NULL, NULL, NULL, NULL),
(95, 7, 11, 'active', 'Humano Insignificante nº5', 38, 6, 3, 3, 8, '', '', 50000, NULL, NULL, NULL, NULL, NULL, NULL),
(96, 7, 13, 'active', 'Lisa Manson', 41, 7, 3, 3, 8, 'Placar, Placar en defensa', '', 110000, NULL, NULL, NULL, NULL, NULL, NULL),
(97, 7, 14, 'active', 'Deb Manson', 39, 8, 2, 4, 7, 'Atrapar, Esquivar, Placar, +1AG, Echarse a un lado', '', 150000, NULL, NULL, NULL, NULL, NULL, NULL),
(98, 7, 15, 'active', 'Humano insignificante nº2', 38, 6, 3, 3, 8, '', '', 50000, NULL, NULL, NULL, NULL, NULL, NULL),
(99, 7, 16, 'active', 'Maggie anz', 39, 8, 2, 3, 7, 'Atrapar, Esquivar', '', 70000, NULL, NULL, NULL, NULL, NULL, NULL),
(100, 8, 1, 'active', 'Y. Llanowar', 1, 6, 3, 4, 8, 'Placar, Lesion permanente', '', 90000, NULL, '2017-12-01 11:56:39', NULL, NULL, 1, NULL),
(101, 8, 2, 'active', 'F. Fyndhor', 1, 6, 3, 4, 8, 'Lider, Patada', '', 120000, NULL, '2017-12-01 11:56:39', NULL, NULL, 1, NULL),
(102, 8, 4, 'active', 'R. Yamivaya, el asesino', 1, 6, 3, 4, 8, 'Esquivar, Placar', '', 110000, NULL, '2017-12-01 11:56:39', NULL, NULL, 1, NULL),
(103, 8, 6, 'active', 'X. Shisato', 1, 6, 3, 4, 8, 'Defensa, Lesion permanente', '', 100000, NULL, '2017-12-01 11:56:39', NULL, NULL, 1, NULL),
(104, 8, 7, 'active', 'A. Sakura', 1, 6, 3, 4, 8, 'Placar, Lesion permanente', '', 90000, NULL, '2017-12-01 11:56:39', NULL, NULL, 1, NULL),
(105, 8, 8, 'active', 'B. Tauning', 1, 6, 3, 4, 8, 'Esquivar, Defensa', '', 120000, NULL, '2017-12-01 11:56:39', NULL, NULL, 1, NULL),
(106, 8, 9, 'active', 'Ricardo Benalter', 4, 7, 3, 4, 8, 'Placar, Placar en defensa, Agallas', '', 140000, NULL, '2017-12-01 11:56:39', NULL, NULL, 1, NULL),
(107, 8, 10, 'active', 'Romualdo, el implacable', 4, 7, 3, 4, 8, 'Placar, Placar en defensa, Esquivar', '', 140000, NULL, '2017-12-01 11:56:39', NULL, NULL, 1, NULL),
(108, 8, 11, 'active', 'Imrik, ojo de aguila', 2, 6, 3, 4, 8, 'Pasar, Precision, Brazo fuerte, Pase seguro, Manos seguras', '', 160000, NULL, '2017-12-01 11:56:39', NULL, NULL, 1, NULL),
(109, 8, 12, 'active', 'Terry ', 2, 6, 3, 4, 8, 'Pasar, Pase seguro', '', 90000, NULL, NULL, NULL, NULL, NULL, NULL),
(110, 8, 13, 'active', 'Flix, trading torm', 3, 8, 3, 4, 7, 'Atrapar, Esquivar, Robar balon, Saltar', '', 150000, NULL, '2017-12-01 11:56:39', NULL, NULL, 1, NULL),
(111, 8, 14, 'active', 'Jhon, pies firmes', 3, 8, 3, 4, 7, 'Atrapar, Esquivar,  Placar, Nervios de Acero, Echarse a un lado', '', 180000, NULL, '2017-12-01 11:56:39', NULL, NULL, 1, NULL),
(112, 8, 15, 'active', 'Eslatan Movich', 3, 8, 3, 4, 7, 'Atrapar', '', 90000, NULL, NULL, NULL, NULL, NULL, NULL),
(113, 8, 16, 'active', 'Zondler, el tangao', 3, 8, 3, 4, 7, 'Atrapar, Esquivar, Robar balon, Saltar', '', 150000, NULL, '2017-12-01 11:56:39', NULL, NULL, 1, NULL),
(114, 9, 1, 'active', 'Murtgen', 27, 4, 3, 2, 9, 'Placar, Placaje defensivo, Cabeza dura', '', 70000, NULL, NULL, NULL, NULL, NULL, NULL),
(115, 9, 2, 'active', 'Kurizh', 27, 4, 3, 2, 9, 'Placar, Placar en defensa, Cabeza dura, Defensa', '', 90000, NULL, NULL, NULL, NULL, NULL, NULL),
(116, 9, 3, 'active', 'Gernteh', 27, 4, 3, 2, 9, 'Placar, Placar en defensa, Cabeza dura', '', 70000, NULL, NULL, NULL, NULL, NULL, NULL),
(117, 9, 4, 'active', 'Bazhrak', 27, 4, 3, 2, 9, 'Placar, Placar en defensa, Cabeza dura', '', 70000, NULL, NULL, NULL, NULL, NULL, NULL),
(118, 9, 5, 'active', 'Zharrat', 27, 4, 3, 2, 9, 'Placar, Placar en defensa, Cabeza dura', '', 70000, NULL, NULL, NULL, NULL, NULL, NULL),
(119, 9, 6, 'active', 'Gurzat', 27, 4, 3, 2, 9, 'Placar, Placar en defensa, Cabeza dura, Lesion Permanente', '', 70000, NULL, NULL, NULL, NULL, NULL, NULL),
(120, 9, 7, 'active', 'Ran', 26, 6, 3, 3, 7, 'Placar', '', 60000, NULL, NULL, NULL, NULL, NULL, NULL),
(121, 9, 8, 'active', 'Tak', 26, 6, 3, 3, 7, '', '', 40000, NULL, NULL, NULL, NULL, NULL, NULL),
(122, 9, 11, 'active', 'Sam', 26, 6, 3, 3, 7, 'Manos seguras, Placar', '', 80000, NULL, NULL, NULL, NULL, NULL, NULL),
(123, 9, 12, 'active', 'Zok', 26, 6, 3, 3, 7, '', '', 40000, NULL, NULL, NULL, NULL, NULL, NULL),
(124, 9, 13, 'active', 'Mot', 26, 6, 3, 3, 7, '', '', 40000, NULL, NULL, NULL, NULL, NULL, NULL),
(125, 9, 14, 'active', 'Lucas pies de plomo', 29, 6, 4, 2, 9, 'Carrera, Pies firmes, Cabeza dura, Placar, Golpe Mortifero', 'injured', 170000, NULL, NULL, NULL, NULL, NULL, NULL),
(126, 9, 15, 'active', 'Oliver el expreso siberiano', 29, 6, 4, 2, 9, 'Carrera, Pies firmes, Cabeza dura, Placar, Golpe mortifero', '', 170000, NULL, NULL, NULL, NULL, NULL, NULL),
(127, 10, 1, 'active', 'Masticahuesos', 55, 7, 3, 3, 8, 'Placar', '', 90000, NULL, NULL, NULL, NULL, NULL, NULL),
(128, 10, 2, 'active', 'Roecarnes II', 55, 7, 3, 3, 8, 'Placar', '', 90000, NULL, NULL, NULL, NULL, NULL, NULL),
(129, 10, 3, 'active', 'Esquivasombras', 54, 9, 2, 4, 7, 'Esquivar, Placar, Atrapar, Echarse a un lado', '', 140000, NULL, NULL, NULL, NULL, NULL, NULL),
(130, 10, 4, 'active', 'Vuelatormentas', 54, 9, 2, 4, 7, 'Esquivar, Carrera, Pies firmes, Placar', '', 140000, NULL, NULL, NULL, NULL, NULL, NULL),
(131, 10, 5, 'active', 'Harry el seguro', 53, 7, 3, 3, 7, 'Pasar, Manos seguras, Precision', '', 90000, NULL, NULL, NULL, NULL, NULL, NULL),
(132, 10, 6, 'active', 'Remo', 52, 7, 3, 3, 7, 'Placar', '', 70000, NULL, NULL, NULL, NULL, NULL, NULL),
(133, 10, 7, 'active', 'Remulo', 52, 6, 3, 3, 7, '-1MO, Patada', '', 70000, NULL, NULL, NULL, NULL, NULL, NULL),
(134, 10, 10, 'active', 'Colarota Esquivaorcos', 52, 7, 3, 3, 7, 'Defensa', '', 80000, NULL, NULL, NULL, NULL, NULL, NULL),
(135, 10, 13, 'active', 'Saltatuneles II', 54, 9, 2, 4, 7, 'Esquivar', '', 80000, NULL, NULL, NULL, NULL, NULL, NULL),
(136, 10, 14, 'active', 'Corretechos II', 54, 9, 2, 4, 7, 'Esquivar', '', 80000, NULL, NULL, NULL, NULL, NULL, NULL),
(138, 13, 4, 'active', '', 59, 6, 3, 3, 7, 'Placar, Furia, En pie de un salto', '', 90000, NULL, NULL, NULL, NULL, NULL, NULL),
(139, 13, 5, 'active', '', 59, 6, 3, 3, 7, 'Placar, Furia, En pie de un salto', '', 90000, NULL, NULL, NULL, NULL, NULL, NULL),
(140, 13, 9, 'active', '', 56, 6, 3, 3, 7, 'Placar', '', 50000, NULL, NULL, NULL, NULL, NULL, NULL),
(141, 13, 10, 'active', '', 56, 6, 3, 3, 7, 'Placar', '', 50000, NULL, NULL, NULL, NULL, NULL, NULL),
(142, 13, 11, 'active', '', 56, 6, 3, 3, 7, 'Placar', '', 50000, NULL, NULL, NULL, NULL, NULL, NULL),
(143, 13, 13, 'active', '', 57, 7, 3, 3, 7, 'Placar, Agallas', '', 90000, NULL, NULL, NULL, NULL, NULL, NULL),
(144, 13, 14, 'active', '', 57, 7, 3, 3, 7, 'Placar, Agallas', '', 90000, NULL, NULL, NULL, NULL, NULL, NULL),
(145, 13, 15, 'active', '', 83, 6, 4, 2, 8, 'Furia', '', 110000, NULL, NULL, NULL, NULL, NULL, NULL),
(146, 13, 16, 'active', '', 83, 6, 4, 2, 8, 'Furia', '', 110000, NULL, NULL, NULL, NULL, NULL, NULL),
(149, 14, 1, 'active', '', 11, 7, 3, 4, 7, 'Esquivar, -1AR, +1 MO', '', 90000, NULL, '2017-12-01 11:50:28', NULL, NULL, 1, NULL),
(150, 14, 2, 'active', 'Raszagal', 14, 7, 4, 4, 7, 'Furia, Esquivar, En pie de un salto, +1FU, Lesion permanente, Placar, Saltar', '', 200000, NULL, '2017-12-01 11:50:28', NULL, NULL, 1, NULL),
(151, 14, 3, 'active', '', 12, 7, 3, 4, 7, 'Pase precipitado', '', 80000, NULL, '2017-12-01 11:50:28', NULL, NULL, 1, NULL),
(152, 14, 4, 'active', 'Taldarin', 11, 6, 3, 4, 8, 'Placar, Golpe mort&amp;#237;fero', '', 120000, NULL, '2017-12-01 11:50:28', NULL, NULL, 1, NULL),
(153, 14, 5, 'active', '', 14, 7, 3, 4, 7, 'Furia, Esquivar, En pie de un salto', '', 110000, NULL, '2017-12-01 11:50:28', NULL, NULL, 1, NULL),
(154, 14, 6, 'active', 'Tassadar', 12, 7, 3, 4, 7, 'Pase precipitado, Pasar, Nervios de acero', '', 120000, NULL, '2017-12-01 11:50:28', NULL, NULL, 1, NULL),
(155, 14, 7, 'active', 'Aldaris', 11, 5, 3, 4, 8, '-1MO', '', 70000, NULL, '2017-12-01 11:50:28', NULL, NULL, 1, NULL),
(156, 14, 8, 'active', 'Zeratul', 13, 7, 3, 4, 8, 'Placar, Esquivar, Saltar', '', 140000, NULL, '2017-12-01 11:50:28', NULL, NULL, 1, NULL),
(157, 14, 9, 'active', 'Fénix', 13, 7, 4, 4, 8, 'Placar, Golpe mortifero, +1FU', '', 180000, NULL, '2017-12-01 11:50:28', NULL, NULL, 1, NULL),
(158, 14, 10, 'active', 'Khas', 11, 6, 3, 4, 8, 'Placar, Juego sucio', '', 110000, NULL, '2017-12-01 11:50:28', NULL, NULL, 1, NULL),
(159, 14, 11, 'active', 'Khala', 11, 6, 3, 4, 8, 'Esquivar', '', 90000, NULL, '2017-12-01 11:50:28', NULL, NULL, 1, NULL),
(160, 14, 12, 'active', 'Artanis', 13, 7, 3, 4, 8, 'Placar, Esquivar, Saltar, Robar balon', '', 160000, NULL, '2017-12-01 11:50:28', NULL, NULL, 1, NULL),
(161, 14, 13, 'active', 'Adun', 13, 7, 3, 4, 8, 'Placar, Robar balon, Placar en defensa', '', 120000, NULL, NULL, NULL, NULL, NULL, NULL),
(162, 14, 14, 'active', '', 11, 6, 3, 4, 8, '', '', 70000, NULL, NULL, NULL, NULL, NULL, NULL),
(163, 15, 1, 'active', '', 83, 6, 4, 2, 8, 'Furia', '', 110000, NULL, NULL, NULL, NULL, NULL, NULL),
(164, 15, 2, 'active', '', 86, 5, 5, 1, 8, 'Solitario, Garras, Presencia perturbadora, Furia, Animal salvaje, Defensa, Golpe mortifero', '', 180000, NULL, NULL, NULL, NULL, NULL, NULL),
(165, 15, 3, 'active', '', 56, 6, 3, 3, 7, 'Placar', '', 50000, NULL, NULL, NULL, NULL, NULL, NULL),
(166, 15, 4, 'active', '', 56, 6, 3, 3, 7, 'Placar', '', 50000, NULL, NULL, NULL, NULL, NULL, NULL),
(167, 15, 5, 'active', '', 56, 6, 3, 3, 6, 'Placar, -1AR', 'injured', 50000, NULL, NULL, NULL, NULL, NULL, NULL),
(168, 15, 6, 'active', '', 56, 6, 3, 3, 7, 'Placar', '', 50000, NULL, NULL, NULL, NULL, NULL, NULL),
(169, 15, 7, 'active', '', 56, 5, 3, 3, 7, 'Placar, -1MO', 'injured', 50000, NULL, NULL, NULL, NULL, NULL, NULL),
(170, 15, 8, 'active', '', 57, 7, 3, 3, 7, 'Placar, Agallas', '', 90000, NULL, NULL, NULL, NULL, NULL, NULL),
(171, 15, 9, 'active', '', 57, 7, 3, 3, 7, 'Placar, Agallas, Esquivar', '', 110000, NULL, NULL, NULL, NULL, NULL, NULL),
(172, 15, 10, 'active', '', 59, 6, 3, 3, 7, 'Placar, Furia, En pie de un salto', '', 90000, NULL, NULL, NULL, NULL, NULL, NULL),
(173, 15, 11, 'active', '', 59, 6, 3, 3, 7, 'Placar, Furia, En pie de un salto', '', 90000, NULL, NULL, NULL, NULL, NULL, NULL),
(176, 16, 1, 'active', '', 5, 6, 3, 3, 7, 'Esquivar', '', 50000, NULL, NULL, NULL, NULL, NULL, NULL),
(177, 16, 2, 'active', '', 5, 6, 3, 3, 7, 'Esquivar', '', 50000, NULL, NULL, NULL, NULL, NULL, NULL),
(178, 16, 3, 'active', '', 5, 6, 3, 3, 7, 'Esquivar', '', 50000, NULL, NULL, NULL, NULL, NULL, NULL),
(179, 16, 4, 'active', '', 5, 6, 3, 3, 7, 'Esquivar, Placar', '', 70000, NULL, NULL, NULL, NULL, NULL, NULL),
(180, 16, 5, 'active', '', 5, 6, 3, 3, 7, 'Esquivar', '', 50000, NULL, NULL, NULL, NULL, NULL, NULL),
(181, 16, 6, 'active', '', 5, 6, 3, 3, 7, 'Esquivar, Lesion permanente', '', 50000, NULL, NULL, NULL, NULL, NULL, NULL),
(182, 16, 7, 'active', '', 7, 6, 3, 3, 7, 'Esquivar, Pasar', '', 70000, NULL, NULL, NULL, NULL, NULL, NULL),
(183, 16, 8, 'active', '', 8, 6, 3, 3, 7, 'Esquivar, Placar', '', 90000, NULL, NULL, NULL, NULL, NULL, NULL),
(184, 16, 9, 'active', '', 8, 6, 3, 3, 7, 'Esquivar, Placar', '', 90000, NULL, NULL, NULL, NULL, NULL, NULL),
(185, 16, 10, 'active', '', 8, 6, 3, 3, 7, 'Esquivar, Placar', '', 90000, NULL, NULL, NULL, NULL, NULL, NULL),
(186, 16, 11, 'active', '', 8, 6, 3, 3, 7, 'Esquivar, Placar', '', 90000, NULL, NULL, NULL, NULL, NULL, NULL),
(187, 17, 1, 'active', 'G', 88, 2, 6, 1, 10, 'Solitario, Echar raices, Lanzar compa&#241;ero de equipo, Golpe mortifero, Mantenerse firme, Cabeza dura, Brazo fuerte, Placar multiple', '', 140000, NULL, NULL, NULL, NULL, NULL, NULL),
(188, 17, 2, 'active', '', 88, 2, 6, 1, 10, 'Solitario, Echar raices, Lanzar compa&#241;ero de equipo, Golpe mortifero, Mantenerse firme, Cabeza dura, Brazo fuerte', '', 120000, NULL, NULL, NULL, NULL, NULL, NULL),
(189, 17, 3, 'active', '', 35, 5, 2, 3, 6, 'Agilidad felina, Esquivar, Escurridizo', '', 30000, NULL, NULL, NULL, NULL, NULL, NULL),
(190, 17, 4, 'active', '', 35, 5, 2, 3, 6, 'Agilidad felina, Esquivar, Escurridizo', '', 30000, NULL, NULL, NULL, NULL, NULL, NULL),
(191, 17, 5, 'active', '', 35, 5, 2, 3, 6, 'Agilidad felina, Esquivar, Escurridizo, Lesion permanente', '', 30000, NULL, NULL, NULL, NULL, NULL, NULL),
(192, 17, 6, 'active', '', 35, 5, 2, 3, 6, 'Agilidad felina, Esquivar, Escurridizo', '', 30000, NULL, NULL, NULL, NULL, NULL, NULL),
(193, 17, 7, 'active', '', 35, 5, 2, 3, 6, 'Agilidad felina, Esquivar, Escurridizo, Carrera', '', 50000, NULL, NULL, NULL, NULL, NULL, NULL),
(194, 17, 8, 'active', '', 35, 5, 2, 3, 6, 'Agilidad felina, Esquivar, Escurridizo, Pies firmes', '', 50000, NULL, NULL, NULL, NULL, NULL, NULL),
(195, 17, 9, 'active', '', 35, 5, 2, 3, 6, 'Agilidad felina, Esquivar, Escurridizo', '', 30000, NULL, NULL, NULL, NULL, NULL, NULL),
(196, 17, 10, 'active', '', 35, 5, 2, 3, 6, 'Agilidad felina, Esquivar, Escurridizo, Recepci&#243;n heroica', '', 50000, NULL, NULL, NULL, NULL, NULL, NULL),
(197, 17, 11, 'active', '', 35, 5, 2, 3, 6, 'Agilidad felina, Esquivar, Escurridizo', '', 30000, NULL, NULL, NULL, NULL, NULL, NULL),
(198, 17, 12, 'active', 'Gandalf', 35, 6, 2, 3, 6, 'Agilidad felina, Esquivar, Escurridizo, +1MO, Atrapar', '', 80000, NULL, NULL, NULL, NULL, NULL, NULL),
(199, 17, 13, 'active', '', 35, 5, 2, 3, 6, 'Agilidad felina, Esquivar, Escurridizo', '', 30000, NULL, NULL, NULL, NULL, NULL, NULL),
(200, 17, 14, 'active', '', 35, 5, 2, 3, 6, 'Agilidad felina, Esquivar, Escurridizo', '', 30000, NULL, NULL, NULL, NULL, NULL, NULL),
(201, 17, 15, 'active', '', 35, 5, 2, 3, 6, 'Agilidad felina, Esquivar, Escurridizo', '', 30000, NULL, NULL, NULL, NULL, NULL, NULL),
(202, 17, 16, 'active', '', 35, 5, 2, 3, 6, 'Agilidad felina, Esquivar, Escurridizo', '', 30000, NULL, NULL, NULL, NULL, NULL, NULL),
(203, 18, 1, 'active', 'Boby', 76, 8, 3, 4, 8, 'Furia, Garras, Regeneracion, +1AG, Golpe mortifero', '', 190000, NULL, NULL, NULL, NULL, NULL, NULL),
(204, 18, 2, 'active', 'Toby', 76, 8, 3, 3, 8, 'Furia, Garras, Regeneracion, Placar', '', 140000, NULL, NULL, NULL, NULL, NULL, NULL),
(205, 18, 3, 'active', 'Cosa', 75, 4, 4, 2, 9, 'Mantenerse firme, Regeneracion, Cabeza dura, Placar, Defensa', '', 140000, NULL, NULL, NULL, NULL, NULL, NULL),
(206, 18, 4, 'active', 'Pedazo', 75, 4, 4, 2, 9, 'Mantenerse firme, Regeneracion, Cabeza dura, Placar', '', 120000, NULL, NULL, NULL, NULL, NULL, NULL),
(207, 18, 5, 'active', 'Cacique', 74, 6, 3, 3, 8, 'Placar, Regeneracion,Apartar', '', 110000, NULL, NULL, NULL, NULL, NULL, NULL),
(208, 18, 6, 'active', 'Brugal', 74, 6, 3, 3, 8, 'Placar, Regeneracion, Apartar', '', 110000, NULL, NULL, NULL, NULL, NULL, NULL),
(209, 18, 7, 'active', 'Penetrador', 72, 4, 3, 2, 8, 'Regeneracion, Placar', '', 60000, NULL, NULL, NULL, NULL, NULL, NULL),
(210, 18, 8, 'active', 'Azotador', 72, 4, 3, 2, 8, 'Regeneracion', '', 40000, NULL, NULL, NULL, NULL, NULL, NULL),
(211, 18, 9, 'active', 'Encaretador', 72, 4, 3, 2, 8, 'Regeneracion', '', 40000, NULL, NULL, NULL, NULL, NULL, NULL),
(212, 18, 10, 'active', 'Metedor', 72, 4, 3, 2, 8, 'Regeneracion', '', 40000, NULL, NULL, NULL, NULL, NULL, NULL),
(213, 18, 11, 'active', 'Profundizador', 72, 4, 3, 2, 8, 'Regeneracion', '', 40000, NULL, NULL, NULL, NULL, NULL, NULL),
(214, 18, 12, 'active', '', 73, 7, 3, 3, 7, 'Esquivar, Placar', '', 90000, NULL, NULL, NULL, NULL, NULL, NULL),
(215, 19, 1, 'active', 'Maggie ', 69, 6, 3, 4, 7, 'Pasar, Precision, Manos seguras', '', 110000, NULL, NULL, NULL, NULL, NULL, NULL),
(216, 19, 2, 'active', ' Bart ', 70, 8, 3, 4, 7, 'Atrapar, Nervios de acero, Esquivar', '', 120000, NULL, NULL, NULL, NULL, NULL, NULL),
(217, 19, 3, 'active', 'Lisa ', 70, 8, 3, 4, 7, 'Atrapar, Nervios de acero, Esquivar', '', 120000, NULL, NULL, NULL, NULL, NULL, NULL),
(218, 19, 4, 'active', 'Homer ', 71, 7, 3, 4, 8, 'Placar, Echarse a un lado, Robar balon', '', 130000, NULL, NULL, NULL, NULL, NULL, NULL),
(219, 19, 5, 'active', 'Marge ', 71, 7, 3, 4, 8, 'Placar, Echarse a un lado,  Esquivar', '', 130000, NULL, NULL, NULL, NULL, NULL, NULL),
(220, 19, 6, 'active', 'Ralf ', 68, 6, 3, 4, 7, 'Placar', '', 80000, NULL, NULL, NULL, NULL, NULL, NULL),
(221, 19, 7, 'active', 'RApu ', 68, 6, 3, 4, 7, '', '', 60000, NULL, NULL, NULL, NULL, NULL, NULL),
(222, 19, 8, 'active', 'Moe ', 68, 6, 3, 4, 7, '', '', 60000, NULL, NULL, NULL, NULL, NULL, NULL),
(223, 19, 9, 'active', 'Lenny ', 68, 6, 3, 4, 7, '', '', 60000, NULL, NULL, NULL, NULL, NULL, NULL),
(224, 19, 10, 'active', 'Carl ', 68, 6, 3, 4, 7, '', '', 60000, NULL, NULL, NULL, NULL, NULL, NULL),
(225, 19, 11, 'active', 'Nedi ', 68, 6, 3, 4, 7, '', '', 60000, NULL, NULL, NULL, NULL, NULL, NULL),
(226, 19, 12, 'active', 'Barney Granbebedo', 70, 8, 3, 4, 7, 'Atrapar, Nervios de acero', '', 100000, NULL, NULL, NULL, NULL, NULL, NULL),
(227, 20, 1, 'active', 'toma ahi va', 31, 6, 2, 3, 7, 'Bombardero, Esquivar, Sin manos, Arma secreta, Escurridizo', '', 40000, NULL, NULL, NULL, NULL, NULL, NULL),
(228, 20, 2, 'active', 'zrum-zrum', 33, 6, 2, 3, 7, 'Sierra mecanica, Sin manos, Arma secreta, Escurridizo', '', 40000, NULL, NULL, NULL, NULL, NULL, NULL),
(229, 20, 3, 'active', 'toi mareadoz', 34, 3, 7, 3, 7, 'Bola con cadena, Sin manos, Arma secreta, Escurridizo', '', 70000, NULL, NULL, NULL, NULL, NULL, NULL),
(230, 20, 4, 'active', 'berz-ash el volardor', 30, 6, 2, 3, 7, 'Agilidad felina, Esquivar, Escurridizo', '', 40000, NULL, NULL, NULL, NULL, NULL, NULL),
(231, 20, 5, 'active', 'Frishdez', 30, 6, 2, 3, 7, 'Agilidad felina, Esquivar, Escurridizo', '', 60000, NULL, NULL, NULL, NULL, NULL, NULL),
(232, 20, 7, 'active', 'corredoz', 30, 6, 2, 3, 7, 'Agilidad felina, Esquivar, Escurridizo', '', 40000, NULL, NULL, NULL, NULL, NULL, NULL),
(233, 20, 8, 'active', 'Arrancadientez', 30, 6, 2, 3, 7, 'Agilidad felina, Esquivar, Escurridizo, Recepcion heroica', '', 60000, NULL, NULL, NULL, NULL, NULL, NULL),
(234, 20, 9, 'active', 'Zin pi&#241;oz', 30, 6, 2, 3, 7, 'Agilidad felina, Esquivar, Escurridizo', '', 40000, NULL, NULL, NULL, NULL, NULL, NULL),
(235, 20, 10, 'active', 'locoz rony', 30, 6, 2, 3, 7, 'Agilidad felina, Esquivar, Escurridizo', '', 40000, NULL, NULL, NULL, NULL, NULL, NULL),
(236, 20, 11, 'active', 'zin priza', 30, 6, 2, 3, 7, 'Agilidad felina, Esquivar, Escurridizo', '', 40000, NULL, NULL, NULL, NULL, NULL, NULL),
(237, 20, 13, 'active', 'Gumerzindo', 30, 6, 2, 3, 7, 'Agilidad felina, Esquivar, Escurridizo', '', 40000, NULL, NULL, NULL, NULL, NULL, NULL),
(238, 20, 14, 'active', 'zervazio', 30, 6, 2, 3, 7, 'Agilidad felina, Esquivar, Escurridizo', '', 40000, NULL, NULL, NULL, NULL, NULL, NULL),
(239, 20, 15, 'active', 'aaaaaaaa', 92, 4, 5, 1, 9, 'Solitario, Siempre hambriento, Realmente estupido, Lanzar compa&#241;ero de equipo, Regeneracion, Golpe mortifero', '', 110000, NULL, NULL, NULL, NULL, NULL, NULL),
(240, 20, 16, 'active', 'eeeeeeee', 92, 4, 5, 1, 9, 'Solitario, Siempre hambriento, Realmente estupido, Lanzar compa&#241;ero de equipo, Regeneracion, Golpe mortifero, Brazo fuerte', '', 130000, NULL, NULL, NULL, NULL, NULL, NULL),
(241, 21, 1, 'active', 'Krom, The God', 50, 4, 4, 2, 9, 'Placar,Defensa', '', 120000, NULL, NULL, NULL, NULL, NULL, NULL),
(242, 21, 2, 'active', 'Karnn Quex', 50, 4, 4, 2, 9, 'Placar', '', 100000, NULL, NULL, NULL, NULL, NULL, NULL),
(243, 21, 3, 'active', 'Krugg Quex', 50, 4, 4, 2, 9, 'Placar', '', 100000, NULL, NULL, NULL, NULL, NULL, NULL),
(244, 21, 4, 'active', 'Gremmo GJ', 50, 4, 4, 2, 9, '', '', 80000, NULL, NULL, NULL, NULL, NULL, NULL),
(245, 21, 5, 'active', 'Prumac Xems', 51, 6, 3, 3, 9, 'Placar', '', 80000, NULL, NULL, NULL, NULL, NULL, NULL),
(246, 21, 6, 'active', 'SemuS', 51, 6, 3, 3, 9, 'Placar,Esquivar', '', 110000, NULL, NULL, NULL, NULL, NULL, NULL),
(247, 21, 7, 'active', 'Valgrant Flesh', 51, 6, 3, 3, 9, 'Placar', '', 80000, NULL, NULL, NULL, NULL, NULL, NULL),
(248, 21, 8, 'active', 'Vanglesh Flesh', 51, 6, 3, 3, 9, 'Placar, Placar en defensa', '', 100000, NULL, NULL, NULL, NULL, NULL, NULL),
(249, 21, 10, 'active', 'Grumos Atos', 48, 5, 3, 3, 9, '', '', 50000, NULL, NULL, NULL, NULL, NULL, NULL),
(250, 21, 14, 'active', '', 93, 4, 5, 1, 9, 'Solitario, Siempre hambriento, Realmente estupido, Lanzar compa&#241;ero de equipo, Regeneracion, Golpe mortifero', '', 110000, NULL, NULL, NULL, NULL, NULL, NULL),
(251, 21, 15, 'active', 'Grug Puespin', 49, 5, 3, 3, 8, 'Manos seguras, Pasar', '', 70000, NULL, NULL, NULL, NULL, NULL, NULL),
(252, 22, 1, 'active', 'El Sigmarita', 40, 6, 3, 3, 8, 'Manos seguras, Pasar, Precision, Pase precipitado', '', 110000, NULL, NULL, NULL, NULL, NULL, NULL),
(253, 22, 2, 'active', 'Ke-voy', 41, 7, 3, 3, 8, 'Placar', '', 90000, NULL, NULL, NULL, NULL, NULL, NULL),
(254, 22, 3, 'active', 'Ke-Tedoy', 41, 6, 3, 3, 7, 'Placar, -1MO, Esquivar, -1AR', '', 120000, NULL, NULL, NULL, NULL, NULL, NULL),
(255, 22, 4, 'active', 'Ke-Tarreo', 41, 7, 3, 3, 8, 'Placar, Placar en defensa, Robar balon', '', 130000, NULL, NULL, NULL, NULL, NULL, NULL),
(256, 22, 5, 'active', 'Ke-Tescupo', 41, 7, 3, 3, 8, 'Placar', '', 90000, NULL, NULL, NULL, NULL, NULL, NULL),
(257, 22, 6, 'active', 'Jo-Manomierda', 39, 8, 2, 3, 7, 'Atrapar, Esquivar, Placar', '', 90000, NULL, NULL, NULL, NULL, NULL, NULL),
(258, 22, 7, 'active', 'Jack-Manomierda', 39, 10, 2, 3, 6, 'Atrapar, Esquivar, Lesion permanente, +1MO, -1AR, +1MO', '', 130000, NULL, NULL, NULL, NULL, NULL, NULL),
(259, 22, 8, 'active', 'Losco Jones', 38, 6, 3, 3, 8, 'Lider', '', 80000, NULL, NULL, NULL, NULL, NULL, NULL),
(260, 22, 9, 'active', 'Keko Jones', 38, 6, 3, 3, 8, '', '', 50000, NULL, NULL, NULL, NULL, NULL, NULL),
(261, 22, 10, 'active', 'Tusco Jones', 38, 6, 3, 3, 8, 'Lesion permanente, Patada', '', 70000, NULL, NULL, NULL, NULL, NULL, NULL),
(262, 22, 11, 'active', 'Paco Jones', 38, 6, 3, 3, 8, 'Lesion Permanente', '', 50000, NULL, NULL, NULL, NULL, NULL, NULL),
(263, 22, 12, 'active', 'Misco Jones', 38, 6, 3, 3, 8, '', '', 50000, NULL, NULL, NULL, NULL, NULL, NULL),
(264, 22, 13, 'active', '', 85, 5, 5, 2, 9, 'Solitario, Cabeza hueca, Lanzar compa&#241;ero de equipo, Golpe mortifero, Cabeza dura, Lesion permanente', '', 140000, NULL, NULL, NULL, NULL, NULL, NULL),
(265, 23, 1, 'active', 'Gatuzzo', 50, 4, 4, 2, 9, 'Placar, Golpe mortifero', '', 120000, NULL, NULL, NULL, NULL, NULL, NULL),
(266, 23, 2, 'active', 'Matagüena', 50, 4, 4, 2, 9, 'Placar', '', 100000, NULL, NULL, NULL, NULL, NULL, NULL),
(267, 23, 3, 'active', 'Emperador machakazaurio', 50, 4, 4, 2, 9, '', '', 80000, NULL, NULL, NULL, NULL, NULL, NULL),
(268, 23, 4, 'active', 'Materazzi', 50, 4, 4, 2, 9, '', '', 80000, NULL, NULL, NULL, NULL, NULL, NULL),
(269, 23, 5, 'active', 'Pequeï¿½o Jon', 51, 6, 3, 3, 9, 'Placar, Golpe mortifero', '', 100000, NULL, NULL, NULL, NULL, NULL, NULL),
(270, 23, 6, 'active', 'Ujuzfakulonuz VI', 51, 6, 3, 3, 9, 'Placar, Robar balon', '', 100000, NULL, NULL, NULL, NULL, NULL, NULL),
(271, 23, 7, 'active', 'Jojo', 51, 6, 3, 3, 9, 'Placar, Apartar', '', 100000, NULL, NULL, NULL, NULL, NULL, NULL),
(272, 23, 8, 'active', 'Zonilabiozzellados', 51, 6, 3, 3, 9, 'Placar, Placar en defensa, Defensa, Golpe mortifero', '', 140000, NULL, NULL, NULL, NULL, NULL, NULL),
(273, 23, 9, 'active', 'Guthrakk Er Gafe', 48, 4, 3, 3, 9, '-1MO, Patada, Placar', '', 90000, NULL, NULL, NULL, NULL, NULL, NULL),
(274, 23, 10, 'active', 'Unuzvezkuremanumekazulokionazumanoz \'Unuz\'', 48, 5, 3, 3, 9, 'Juego sucio, Placar', '', 90000, NULL, NULL, NULL, NULL, NULL, NULL),
(275, 23, 11, 'active', 'Guzulmuzkuz Vizta Zertera', 49, 5, 3, 3, 8, 'Manos seguras, Pasar, Precision, Placar', '', 110000, NULL, NULL, NULL, NULL, NULL, NULL),
(276, 23, 12, 'active', 'Gran Jon', 47, 7, 2, 3, 7, 'Agilidad felina, Esquivar, Escurridizo, +1MO', '', 70000, NULL, NULL, NULL, NULL, NULL, NULL),
(277, 23, 13, 'active', '', 93, 4, 5, 1, 9, 'Solitario, Siempre hambriento, Realmente estupido, Lanzar compa&#241;ero de equipo, Regeneracion, Golpe mortifero', '', 110000, NULL, NULL, NULL, NULL, NULL, NULL),
(278, 25, 1, 'active', 'El innombrable numero uno', 9, 6, 4, 2, 7, 'Cuernos, -1AR, +1FU, -1AG', '', 110000, NULL, NULL, NULL, NULL, NULL, NULL),
(279, 25, 2, 'active', 'El innombrable numero dos', 9, 6, 3, 4, 8, 'Cuernos, Brazos adicionales,  +1AG', '', 120000, NULL, NULL, NULL, NULL, NULL, NULL),
(280, 25, 3, 'active', 'El innombrable numero tres', 9, 6, 3, 3, 8, 'Cuernos, Furia, Placar en defensa', '', 100000, NULL, NULL, NULL, NULL, NULL, NULL),
(281, 25, 4, 'active', 'El innombrable numero cuatro', 9, 6, 3, 3, 8, 'Cuernos, Esquivar', '', 90000, NULL, NULL, NULL, NULL, NULL, NULL),
(282, 25, 5, 'active', 'El innombrable numero cinco', 9, 5, 3, 3, 8, 'Cuernos, -1MO', 'injured', 60000, NULL, NULL, NULL, NULL, NULL, NULL),
(283, 25, 6, 'active', 'El innombrable numero seis', 9, 7, 3, 3, 8, 'Cuernos, +1MO, Esquivar', '', 120000, NULL, NULL, NULL, NULL, NULL, NULL),
(284, 25, 7, 'active', 'El innombrable numero siete', 9, 6, 3, 3, 8, 'Cuernos, Furia', '', 80000, NULL, NULL, NULL, NULL, NULL, NULL),
(285, 25, 9, 'active', 'El innombrable numero nueve', 10, 4, 4, 3, 9, 'Placar, -1MO, Mantenerse firme', '', 140000, NULL, NULL, NULL, NULL, NULL, NULL),
(286, 25, 10, 'active', 'El innombrable numero diez', 10, 5, 4, 3, 9, 'Placar, Defensa', '', 140000, NULL, NULL, NULL, NULL, NULL, NULL),
(287, 25, 11, 'active', 'El innombrable numero once', 10, 5, 4, 3, 9, 'Placar, Golpe mortifero', '', 140000, NULL, NULL, NULL, NULL, NULL, NULL),
(288, 25, 12, 'active', 'El innombrable numero doce', 10, 5, 4, 3, 9, 'Placar', '', 120000, NULL, NULL, NULL, NULL, NULL, NULL),
(289, 25, 13, 'active', 'El innombrable numero trece', 81, 5, 5, 2, 8, 'Solitario, Animal salvaje, Golpe mortifero, Furia, Cuernos, Cabeza dura', '', 150000, NULL, NULL, NULL, NULL, NULL, NULL),
(290, 25, 14, 'active', 'El innombrable numero catorce', 9, 7, 3, 3, 8, 'Cuernos, +1MO', '', 90000, NULL, NULL, NULL, NULL, NULL, NULL),
(291, 26, 2, 'active', 'Unokinesis XXVII', 46, 3, 5, 1, 9, 'Golpe mortifero, Regeneracion, Defensa, Mantenerse firme', '', 150000, NULL, NULL, NULL, NULL, NULL, NULL),
(292, 26, 3, 'active', 'Ramanakesis XIX', 46, 3, 5, 1, 9, 'Golpe mortifero, Regeneracion, Defensa, Placar Multiple', '', 150000, NULL, NULL, NULL, NULL, NULL, NULL),
(293, 26, 4, 'active', 'Sir Fortesque III', 45, 6, 3, 3, 8, 'Placar, Regeneracion', '', 90000, NULL, NULL, NULL, NULL, NULL, NULL),
(294, 26, 5, 'active', 'Ar\'Uro de K\'mlot', 45, 6, 3, 4, 8, 'Placar, Regeneracion, +1AG', '', 130000, NULL, NULL, NULL, NULL, NULL, NULL),
(295, 26, 6, 'active', 'Niceforo Staggs', 44, 7, 3, 3, 7, 'Esquivar, Placar, Robar balon', '', 110000, NULL, NULL, NULL, NULL, NULL, NULL),
(296, 26, 7, 'active', 'Eutropio Staggs', 44, 7, 3, 3, 7, 'Esquivar, Placar, Manos seguras, Zafarse', '', 110000, NULL, NULL, NULL, NULL, NULL, NULL),
(297, 26, 8, 'active', 'Marcindo Staggs', 44, 7, 3, 3, 7, 'Esquivar, Placar', '', 90000, NULL, NULL, NULL, NULL, NULL, NULL),
(298, 26, 10, 'active', 'Calavera Invocada', 42, 5, 3, 2, 7, 'Regeneracion, Cabeza dura, Juego sucio, Rastrero', '', 90000, NULL, NULL, NULL, NULL, NULL, NULL),
(299, 26, 12, 'active', 'Ug Levantado', 43, 4, 3, 2, 8, 'Regeneracion', '', 40000, NULL, NULL, NULL, NULL, NULL, NULL),
(300, 26, 13, 'active', 'Yakumo', 43, 4, 3, 2, 8, 'Regeneracion, Patada, Placar', '', 80000, NULL, NULL, NULL, NULL, NULL, NULL),
(301, 26, 14, 'active', 'Fran \'K\' Stein', 43, 4, 3, 2, 8, 'Regeneracion, Placar', '', 60000, NULL, NULL, NULL, NULL, NULL, NULL),
(302, 26, 15, 'active', 'Fraga', 43, 4, 3, 2, 8, 'Regeneracion, Placar, Placar en defensa', '', 80000, NULL, NULL, NULL, NULL, NULL, NULL),
(303, 26, 16, 'active', 'Nemesio', 43, 4, 3, 2, 8, 'Regeneracion, Forcejeo', '', 60000, NULL, NULL, NULL, NULL, NULL, NULL),
(304, 27, 1, 'active', '', 99, 7, 3, 3, 8, 'Placaje heroico, En pie de un salto, Saltar, Piernas muy largas', '', 110000, NULL, NULL, NULL, NULL, NULL, NULL),
(305, 27, 2, 'active', '', 99, 7, 3, 3, 8, 'Placaje heroico, En pie de un salto, Saltar, Piernas muy largas', '', 110000, NULL, NULL, NULL, NULL, NULL, NULL),
(306, 27, 5, 'active', '', 98, 7, 2, 4, 7, 'Recepcion heroica, Saltar, Piernas muy largas', '', 80000, NULL, NULL, NULL, NULL, NULL, NULL),
(307, 27, 6, 'active', '', 98, 7, 2, 4, 7, 'Recepcion heroica, Saltar, Piernas muy largas', '', 80000, NULL, NULL, NULL, NULL, NULL, NULL),
(308, 27, 9, 'active', '', 97, 6, 3, 3, 8, 'Saltar, Piernas muy largas', '', 60000, NULL, NULL, NULL, NULL, NULL, NULL),
(309, 27, 10, 'active', '', 97, 6, 3, 3, 8, 'Saltar, Piernas muy largas', '', 60000, NULL, NULL, NULL, NULL, NULL, NULL),
(310, 27, 11, 'active', '', 97, 6, 3, 3, 8, 'Saltar, Piernas muy largas', '', 60000, NULL, NULL, NULL, NULL, NULL, NULL),
(311, 27, 12, 'active', '', 97, 6, 3, 3, 8, 'Saltar, Piernas muy largas', '', 60000, NULL, NULL, NULL, NULL, NULL, NULL),
(312, 27, 13, 'active', '', 97, 6, 3, 3, 8, 'Saltar, Piernas muy largas', '', 60000, NULL, NULL, NULL, NULL, NULL, NULL),
(313, 27, 14, 'active', '', 97, 6, 3, 3, 8, 'Saltar, Piernas muy largas', '', 60000, NULL, NULL, NULL, NULL, NULL, NULL),
(314, 27, 15, 'active', '', 97, 6, 3, 3, 8, 'Saltar, Piernas muy largas', '', 60000, NULL, NULL, NULL, NULL, NULL, NULL),
(315, 28, 1, 'active', '', 80, 6, 5, 1, 9, 'Solitario, Cabeza dura, Cola prensil, Cabeza hueca, Golpe mortifero', '', 140000, NULL, NULL, NULL, NULL, NULL, NULL),
(316, 28, 2, 'active', '', 36, 8, 2, 3, 7, 'Esquivar, Escurridizo', '', 60000, NULL, NULL, NULL, NULL, NULL, NULL),
(317, 28, 3, 'active', '', 36, 8, 2, 3, 7, 'Esquivar, Escurridizo', '', 60000, NULL, NULL, NULL, NULL, NULL, NULL),
(318, 28, 4, 'active', '', 36, 8, 2, 3, 7, 'Esquivar, Escurridizo, Habilidad normal', '', 80000, NULL, NULL, NULL, NULL, NULL, NULL),
(319, 28, 5, 'active', '', 36, 8, 2, 3, 7, 'Esquivar, Escurridizo, Habilidad normal', '', 80000, NULL, NULL, NULL, NULL, NULL, NULL),
(320, 28, 6, 'active', '', 36, 8, 2, 3, 7, 'Esquivar, Escurridizo', '', 60000, NULL, NULL, NULL, NULL, NULL, NULL),
(321, 28, 7, 'active', '', 37, 6, 4, 1, 9, '', '', 80000, NULL, NULL, NULL, NULL, NULL, NULL),
(322, 28, 8, 'active', '', 37, 6, 4, 1, 9, '', '', 80000, NULL, NULL, NULL, NULL, NULL, NULL),
(323, 28, 9, 'active', '', 37, 6, 4, 1, 9, '', '', 80000, NULL, NULL, NULL, NULL, NULL, NULL),
(324, 28, 10, 'active', '', 37, 6, 4, 1, 9, '', '', 80000, NULL, NULL, NULL, NULL, NULL, NULL),
(325, 28, 11, 'active', '', 37, 6, 4, 1, 9, 'Placar', '', 100000, NULL, NULL, NULL, NULL, NULL, NULL),
(326, 29, 1, 'active', 'Lanza-cactus', 17, 7, 3, 4, 7, 'Pasar', '', 90000, NULL, NULL, NULL, NULL, NULL, NULL),
(327, 29, 2, 'active', 'Tuercerobles', 18, 8, 3, 4, 7, 'Placar, Esquivar, Saltar', '', 120000, NULL, NULL, NULL, NULL, NULL, NULL),
(328, 29, 3, 'active', 'Asaltacunas-de-Gaia', 18, 8, 3, 4, 7, 'Placar, Esquivar, Saltar', '', 120000, NULL, NULL, NULL, NULL, NULL, NULL),
(329, 29, 4, 'active', 'Abrazaarboles', 15, 7, 3, 4, 7, '', '', 70000, NULL, NULL, NULL, NULL, NULL, NULL),
(330, 29, 5, 'active', 'Comeflores', 15, 7, 3, 4, 7, '', '', 70000, NULL, NULL, NULL, NULL, NULL, NULL),
(331, 29, 6, 'active', 'Parteespinos-de-fuego', 15, 7, 3, 4, 7, '', '', 70000, NULL, NULL, NULL, NULL, NULL, NULL),
(332, 29, 7, 'active', 'Muerdepi&#241;as', 15, 7, 3, 4, 7, '', '', 70000, NULL, NULL, NULL, NULL, NULL, NULL),
(333, 29, 8, 'active', 'Lechugino', 15, 7, 3, 4, 7, '', '', 70000, NULL, NULL, NULL, NULL, NULL, NULL),
(334, 29, 9, 'active', 'Esquivapinos', 15, 7, 3, 4, 7, '', '', 70000, NULL, NULL, NULL, NULL, NULL, NULL),
(335, 29, 10, 'active', 'Saltaramas', 15, 6, 3, 4, 7, '-1MO', '', 70000, NULL, NULL, NULL, NULL, NULL, NULL),
(336, 29, 11, 'active', 'Atrapaberzas', 15, 7, 3, 4, 7, '', '', 70000, NULL, NULL, NULL, NULL, NULL, NULL),
(338, 30, 1, 'active', '', 26, 6, 3, 3, 7, 'Pasar', '', 70000, NULL, NULL, NULL, NULL, NULL, NULL),
(339, 30, 2, 'active', '', 26, 6, 3, 3, 7, '', '', 40000, NULL, NULL, NULL, NULL, NULL, NULL),
(340, 30, 7, 'active', '', 27, 4, 3, 2, 9, 'Placar, Placaje defensivo, Cabeza dura', '', 70000, NULL, NULL, NULL, NULL, NULL, NULL),
(341, 30, 8, 'active', '', 27, 4, 3, 2, 9, 'Placar, Placaje defensivo, Cabeza dura', '', 70000, NULL, NULL, NULL, NULL, NULL, NULL),
(342, 30, 9, 'active', '', 27, 4, 3, 2, 9, 'Placar, Placaje defensivo, Cabeza dura', '', 70000, NULL, NULL, NULL, NULL, NULL, NULL),
(343, 30, 10, 'active', '', 27, 4, 3, 2, 9, 'Placar, Placaje defensivo, Cabeza dura', '', 70000, NULL, NULL, NULL, NULL, NULL, NULL),
(344, 30, 11, 'active', '', 27, 4, 3, 2, 9, 'Placar, Placaje defensivo, Cabeza dura', '', 70000, NULL, NULL, NULL, NULL, NULL, NULL),
(345, 30, 12, 'active', '', 27, 4, 3, 2, 9, 'Placar, Placaje defensivo, Cabeza dura', '', 70000, NULL, NULL, NULL, NULL, NULL, NULL),
(346, 30, 14, 'active', '', 29, 6, 4, 2, 9, 'Carrera, Pies firmes, Cabeza dura, Placar', '', 150000, NULL, NULL, NULL, NULL, NULL, NULL),
(347, 30, 15, 'active', '', 29, 6, 4, 2, 9, 'Carrera, Pies firmes, Cabeza dura, Placar', '', 150000, NULL, NULL, NULL, NULL, NULL, NULL),
(348, 30, 16, 'active', '', 82, 5, 5, 2, 8, 'Solitario, Animal salvaje, Golpe mortifero, Furia, Cuernos, Cabeza dura, Juggernaut', '', 170000, NULL, NULL, NULL, NULL, NULL, NULL),
(349, 31, 1, 'active', '', 59, 6, 3, 3, 7, 'Placar, Furia, En pie de un salto', '', 90000, NULL, NULL, NULL, NULL, NULL, NULL),
(350, 31, 2, 'active', '', 59, 6, 3, 3, 7, 'Placar, Furia, En pie de un salto', '', 90000, NULL, NULL, NULL, NULL, NULL, NULL),
(351, 31, 3, 'active', '', 58, 6, 3, 3, 7, 'Placar, Pasar, Manos seguras', '', 90000, NULL, NULL, NULL, NULL, NULL, NULL),
(352, 31, 4, 'active', '', 83, 6, 4, 2, 8, 'Furia', '', 110000, NULL, NULL, NULL, NULL, NULL, NULL),
(353, 31, 6, 'active', '', 57, 7, 3, 3, 7, 'Placar, Agallas', '', 90000, NULL, NULL, NULL, NULL, NULL, NULL),
(354, 31, 7, 'active', '', 57, 7, 3, 3, 7, 'Placar, Agallas', '', 90000, NULL, NULL, NULL, NULL, NULL, NULL),
(355, 31, 8, 'active', '', 56, 6, 3, 3, 7, 'Placar', '', 50000, NULL, NULL, NULL, NULL, NULL, NULL),
(356, 31, 9, 'active', '', 56, 6, 3, 3, 7, 'Placar', '', 50000, NULL, NULL, NULL, NULL, NULL, NULL),
(357, 31, 10, 'active', '', 56, 6, 3, 3, 7, 'Placar', '', 50000, NULL, NULL, NULL, NULL, NULL, NULL),
(358, 31, 12, 'active', '', 56, 6, 3, 3, 7, 'Placar', '', 50000, NULL, NULL, NULL, NULL, NULL, NULL),
(360, 32, 1, 'active', 'Lucy/Niu ', 15, 7, 3, 4, 7, '', '', 70000, NULL, NULL, NULL, NULL, NULL, NULL),
(361, 32, 2, 'active', 'Rei Ayanami', 15, 7, 3, 4, 7, '', '', 70000, NULL, NULL, NULL, NULL, NULL, NULL),
(362, 32, 3, 'active', 'Elric', 15, 7, 3, 4, 6, '-1AR', 'injured', 70000, NULL, NULL, NULL, NULL, NULL, NULL),
(363, 32, 4, 'active', 'Nodame', 15, 7, 3, 4, 7, '', '', 70000, NULL, NULL, NULL, NULL, NULL, NULL),
(364, 32, 5, 'active', 'Motoko Kusanagi', 15, 7, 3, 4, 7, '', '', 70000, NULL, NULL, NULL, NULL, NULL, NULL),
(365, 32, 6, 'active', 'Rele Mayer', 15, 7, 3, 4, 7, '', '', 70000, NULL, NULL, NULL, NULL, NULL, NULL),
(366, 32, 7, 'active', 'Kisame', 15, 7, 3, 4, 7, 'Esquivar', '', 90000, NULL, NULL, NULL, NULL, NULL, NULL),
(367, 32, 8, 'active', 'Saber', 15, 7, 3, 4, 7, 'Defensa', '', 100000, NULL, NULL, NULL, NULL, NULL, NULL),
(368, 32, 9, 'active', 'Chrno', 15, 7, 3, 4, 7, 'Esquivar', '', 70000, NULL, NULL, NULL, NULL, NULL, NULL),
(369, 32, 10, 'active', 'Tokoroten', 15, 7, 3, 4, 7, '', '', 70000, NULL, NULL, NULL, NULL, NULL, NULL),
(370, 32, 11, 'active', 'Rurouni', 18, 8, 3, 4, 6, 'Placar, Esquivar, Saltar, Robar balon, -1AR, Echarse a un lado', 'injured', 140000, NULL, NULL, NULL, NULL, NULL, NULL),
(371, 32, 12, 'active', 'Kanon', 18, 8, 3, 4, 7, 'Placar, Esquivar, Saltar, Echarse a un lado', '', 140000, NULL, NULL, NULL, NULL, NULL, NULL),
(372, 34, 1, 'active', '', 12, 7, 3, 4, 7, 'Pase precipitado, Nervios de acero', '', 100000, NULL, NULL, NULL, NULL, NULL, NULL),
(373, 34, 2, 'active', '', 13, 7, 3, 4, 8, 'Placar', '', 100000, NULL, NULL, NULL, NULL, NULL, NULL),
(374, 34, 3, 'active', '', 13, 7, 3, 4, 8, 'Placar', '', 100000, NULL, NULL, NULL, NULL, NULL, NULL),
(375, 34, 4, 'active', '', 14, 7, 3, 4, 7, 'Furia, Esquivar, En pie de un salto', '', 110000, NULL, NULL, NULL, NULL, NULL, NULL),
(376, 34, 5, 'active', '', 14, 7, 3, 4, 7, 'Furia, Esquivar, En pie de un salto', '', 110000, NULL, NULL, NULL, NULL, NULL, NULL),
(377, 34, 6, 'active', '', 12, 7, 3, 4, 7, 'Pase precipitado, Nervios de acero', '', 100000, NULL, NULL, NULL, NULL, NULL, NULL),
(378, 34, 7, 'active', '', 11, 6, 3, 4, 8, '', '', 70000, NULL, NULL, NULL, NULL, NULL, NULL),
(379, 34, 8, 'active', '', 11, 6, 3, 4, 8, '', '', 70000, NULL, NULL, NULL, NULL, NULL, NULL),
(380, 34, 9, 'active', '', 11, 6, 3, 4, 8, '', '', 70000, NULL, NULL, NULL, NULL, NULL, NULL),
(381, 34, 10, 'active', '', 11, 6, 3, 4, 8, '', '', 70000, NULL, NULL, NULL, NULL, NULL, NULL),
(382, 34, 11, 'active', '', 11, 6, 3, 4, 8, '', '', 70000, NULL, NULL, NULL, NULL, NULL, NULL),
(383, 10, 14, 'dead', 'Corretechos', 54, 9, 2, 4, 7, 'Esquivar, Placar', '', 80000, NULL, NULL, NULL, NULL, NULL, NULL),
(384, 4, 1, 'dead', '', 49, 5, 3, 4, 8, 'Pasar, Manos seguras, +1AG', '', 70000, NULL, NULL, NULL, NULL, NULL, NULL),
(385, 4, 5, 'dead', '', 50, 4, 4, 2, 9, '', '', 80000, NULL, NULL, NULL, NULL, NULL, NULL),
(386, 6, 8, 'dead', 'Vegeta', 18, 8, 4, 5, 7, 'Placar, Esquivar, Saltar, +1AG, +1FU', '', 120000, NULL, NULL, NULL, NULL, NULL, NULL),
(387, 10, 13, 'dead', 'Saltatuneles', 54, 9, 2, 4, 7, 'Esquivar', '', 80000, NULL, NULL, NULL, NULL, NULL, NULL),
(388, 13, 1, 'dead', '', 86, 5, 5, 1, 8, 'Solitario, Garras, Presencia perturbadora, Furia, Animal salvaje', '', 140000, NULL, NULL, NULL, NULL, NULL, NULL),
(389, 19, 11, 'dead', '', 68, 6, 3, 4, 7, '', '', 60000, NULL, NULL, NULL, NULL, NULL, NULL),
(390, 13, 8, 'dead', '', 56, 6, 3, 3, 7, 'Placar', '', 50000, NULL, NULL, NULL, NULL, NULL, NULL),
(391, 17, 3, 'dead', '', 35, 5, 2, 3, 6, 'Agilidad felina, Esquivar, Escurridizo', '', 30000, NULL, NULL, NULL, NULL, NULL, NULL);
INSERT INTO `players` (`id`, `team_id`, `number`, `status`, `name`, `position_id`, `ma`, `st`, `ag`, `av`, `skills`, `injuries`, `value`, `created_at`, `updated_at`, `deleted_at`, `created_by`, `updated_by`, `deleted_by`) VALUES
(392, 17, 7, 'dead', '', 35, 5, 2, 3, 6, 'Agilidad felina, Esquivar, Escurridizo', '', 30000, NULL, NULL, NULL, NULL, NULL, NULL),
(393, 6, 2, 'dead', 'Satan', 15, 7, 3, 4, 7, 'Patada', '', 90000, NULL, NULL, NULL, NULL, NULL, NULL),
(394, 8, 15, 'dead', 'Frank Restallon Thurman', 3, 8, 3, 4, 7, 'Atrapar, Esquivar, -1FU', '', 110000, NULL, NULL, NULL, NULL, NULL, NULL),
(395, 14, 3, 'dead', 'Ulrezaj', 11, 6, 2, 4, 8, '-1FU', '', 70000, NULL, NULL, NULL, NULL, NULL, NULL),
(396, 7, 12, 'dead', '¿Que es eso?', 38, 6, 3, 3, 8, 'Patada', '', 70000, NULL, NULL, NULL, NULL, NULL, NULL),
(397, 26, 4, 'dead', 'Sir Fortesque', 45, 6, 3, 3, 8, 'Placar, Regeneracion, Placar en defensa', '', 110000, NULL, NULL, NULL, NULL, NULL, NULL),
(398, 6, 1, 'dead', 'Piccolo', 15, 7, 2, 4, 7, '-1FU', '', 70000, NULL, NULL, NULL, NULL, NULL, NULL),
(399, 6, 10, 'dead', 'Goten', 16, 9, 1, 4, 7, 'Atrapar, Esquivar, Placar, Nervios de acero, Echarse a un lado, -1FU', '', 150000, NULL, NULL, NULL, NULL, NULL, NULL),
(400, 1, 4, 'dead', '', 66, 5, 3, 3, 8, 'Degenerar, Putrefaccion de Nurgle', '', 40000, NULL, NULL, NULL, NULL, NULL, NULL),
(401, 14, 5, 'dead', 'Artanis', 12, 7, 3, 4, 7, 'Pase precipitado', '', 80000, NULL, NULL, NULL, NULL, NULL, NULL),
(402, 26, 11, 'dead', 'Fetido Adams', 43, 4, 3, 2, 8, 'Regeneracion', '', 40000, NULL, NULL, NULL, NULL, NULL, NULL),
(403, 6, 6, 'dead', 'Krilin', 15, 7, 3, 4, 6, 'Placar, -1AR', '', 90000, NULL, NULL, NULL, NULL, NULL, NULL),
(404, 17, 3, 'dead', '', 35, 5, 2, 3, 6, 'Agilidad felina, Esquivar, Escurridizo', '', 30000, NULL, NULL, NULL, NULL, NULL, NULL),
(405, 17, 6, 'dead', '', 35, 5, 2, 3, 6, 'Agilidad felina, Esquivar, Escurridizo', '', 30000, NULL, NULL, NULL, NULL, NULL, NULL),
(406, 17, 14, 'dead', '', 35, 5, 2, 3, 6, 'Agilidad felina, Esquivar, Escurridizo', '', 30000, NULL, NULL, NULL, NULL, NULL, NULL),
(407, 1, 5, 'dead', '', 66, 5, 3, 3, 8, 'Degenerar, Putrefaccion de Nurgle', '', 40000, NULL, NULL, NULL, NULL, NULL, NULL),
(408, 7, 10, 'dead', 'Humano insignificante nº1', 38, 6, 3, 3, 8, 'Defensa', '', 80000, NULL, NULL, NULL, NULL, NULL, NULL),
(409, 17, 6, 'dead', '', 35, 5, 2, 3, 6, 'Agilidad felina, Esquivar, Escurridizo', '', 30000, NULL, NULL, NULL, NULL, NULL, NULL),
(410, 17, 13, 'dead', '', 35, 5, 2, 3, 6, 'Agilidad felina, Esquivar, Escurridizo', '', 30000, NULL, NULL, NULL, NULL, NULL, NULL),
(411, 7, 10, 'dead', 'Humano Insignificante', 38, 6, 3, 3, 8, '', '', 50000, NULL, NULL, NULL, NULL, NULL, NULL),
(412, 25, 5, 'dead', 'El innombrable numero cinco', 9, 6, 3, 3, 7, 'Cuernos, -1AR, Juego sucio', '', 80000, NULL, NULL, NULL, NULL, NULL, NULL),
(413, 25, 8, 'dead', 'El innombrable numero ocho', 9, 7, 3, 2, 8, 'Cuernos, +1MO, -1AG', '', 90000, NULL, NULL, NULL, NULL, NULL, NULL),
(414, 26, 8, 'dead', 'Marcindo Staggs', 44, 7, 2, 3, 7, 'Esquivar, Placar, Placar en defensa, -1FU', '', 110000, NULL, NULL, NULL, NULL, NULL, NULL),
(415, 6, 5, 'dead', 'Yancha', 15, 7, 3, 4, 7, 'Esquivar, Lesion permanente', '', 90000, NULL, NULL, NULL, NULL, NULL, NULL),
(416, 4, 9, 'dead', '', 48, 5, 3, 4, 9, '+1AG', '', 90000, NULL, NULL, NULL, NULL, NULL, NULL),
(417, 4, 10, 'dead', '', 48, 5, 3, 3, 9, 'Patada, Lesion permanente', '', 70000, NULL, NULL, NULL, NULL, NULL, NULL),
(418, 8, 5, 'dead', 'Shelf el heroe Thomson', 1, 6, 3, 4, 8, '', '', 70000, NULL, NULL, NULL, NULL, NULL, NULL),
(419, 23, 4, 'dead', 'Bigotez', 50, 3, 4, 2, 9, '-1MO', '', 80000, NULL, NULL, NULL, NULL, NULL, NULL),
(420, 20, 12, 'dead', 'melfrazio', 30, 6, 2, 3, 7, 'Agilidad felina, Esquivar, Escurridizo', '', 40000, NULL, NULL, NULL, NULL, NULL, NULL),
(421, 10, 8, 'dead', 'Trauman', 52, 7, 3, 3, 7, 'Lesion Permanente', '', 50000, NULL, NULL, NULL, NULL, NULL, NULL),
(422, 10, 11, 'dead', 'Pelapulgas', 52, 7, 3, 3, 7, 'Lesion permanente, Placar', '', 70000, NULL, NULL, NULL, NULL, NULL, NULL),
(423, 10, 12, 'dead', 'Escupepelos', 52, 7, 3, 3, 6, 'Patada, -1 AR', '', 70000, NULL, NULL, NULL, NULL, NULL, NULL),
(424, 10, 16, 'dead', 'La Masticora', 87, 6, 5, 2, 8, 'Tipejo grandote, Animal salvaje, Golpe mortifero, Furia, Cola prensil', '', 160000, NULL, NULL, NULL, NULL, NULL, NULL),
(425, 8, 15, 'dead', 'Frank Junior', 3, 8, 3, 4, 7, 'Atrapar, Saltar, Nervios de acero', '', 140000, NULL, NULL, NULL, NULL, NULL, NULL),
(426, 26, 4, 'dead', 'Sir Fortesque II', 45, 6, 3, 3, 8, 'Placar, Regeneracion, Robar balon', '', 130000, NULL, NULL, NULL, NULL, NULL, NULL),
(427, 19, 1, 'dead', 'Maggie \"Trabuco\" Thompson', 69, 6, 3, 4, 7, 'Pasar, Precision', '', 90000, NULL, NULL, NULL, NULL, NULL, NULL),
(428, 19, 2, 'dead', 'Bart \"El barto\" Thompson', 70, 8, 3, 4, 7, 'Atrapar, Nervios de acero, Esquivar', '', 120000, NULL, NULL, NULL, NULL, NULL, NULL),
(429, 19, 3, 'dead', 'Lisa \"Braingold\" Thompson', 70, 8, 3, 4, 7, 'Atrapar, Nervios de acero', '', 100000, NULL, NULL, NULL, NULL, NULL, NULL),
(430, 19, 4, 'dead', 'Homer \"Douh\" Thompson', 71, 7, 3, 4, 8, 'Placar, Echarse a un lado', '', 110000, NULL, NULL, NULL, NULL, NULL, NULL),
(431, 19, 5, 'dead', 'Marge \"MadDog\" Thompson', 71, 7, 3, 4, 7, 'Placar, Echarse a un lado, -1AR', '', 110000, NULL, NULL, NULL, NULL, NULL, NULL),
(432, 19, 6, 'dead', 'Ralf \"chu-chu-chuli\" winstrung', 68, 6, 3, 4, 7, '', '', 60000, NULL, NULL, NULL, NULL, NULL, NULL),
(433, 19, 7, 'dead', 'Apu \"Timanator\" Piton', 68, 6, 3, 4, 7, '', '', 60000, NULL, NULL, NULL, NULL, NULL, NULL),
(434, 19, 8, 'dead', 'Moe \"El acabao\" Sital', 68, 6, 3, 4, 7, '', '', 60000, NULL, NULL, NULL, NULL, NULL, NULL),
(435, 19, 9, 'dead', 'Lenny \"Duff\" Muff', 68, 6, 3, 4, 7, 'Lesion Permanente', '', 60000, NULL, NULL, NULL, NULL, NULL, NULL),
(436, 19, 10, 'dead', 'Carl \"Brother\" Linkston', 68, 6, 3, 4, 7, '', '', 60000, NULL, NULL, NULL, NULL, NULL, NULL),
(437, 19, 11, 'dead', 'Nedi \"El santo\" Clanderrrrr', 68, 6, 3, 4, 7, '', '', 60000, NULL, NULL, NULL, NULL, NULL, NULL),
(438, 19, 12, 'dead', 'Willy \"Soy Importante\" Mc.Mirame', 70, 8, 3, 4, 7, 'Atrapar, Nervios de acero', '', 100000, NULL, NULL, NULL, NULL, NULL, NULL),
(439, 28, 12, 'dead', '', 37, 6, 4, 1, 9, '', '', 80000, NULL, NULL, NULL, NULL, NULL, NULL),
(440, 9, 9, 'dead', 'Bob', 26, 6, 3, 3, 7, 'Patada, Juego sucio', '', 80000, NULL, NULL, NULL, NULL, NULL, NULL),
(441, 9, 10, 'dead', 'Tom', 26, 6, 3, 3, 7, 'Juego sucio, Robar balon', '', 80000, NULL, NULL, NULL, NULL, NULL, NULL),
(442, 9, 16, 'dead', 'Jhonny Calaveras', 82, 5, 5, 2, 8, 'Tipejo grandote, Siempre hambriento, Animal salvaje, Lanzar compa&#241;ero de equipo, Golpe mortifero, Furia, Cuernos, Cabeza dura', '', 150000, NULL, NULL, NULL, NULL, NULL, NULL),
(443, 6, 2, 'dead', 'Satan', 15, 7, 3, 4, 7, 'Lesion Permanente', '', 70000, NULL, NULL, NULL, NULL, NULL, NULL),
(444, 8, 3, 'dead', 'J. Urborg', 1, 6, 3, 4, 8, 'Esquivar', '', 90000, NULL, NULL, NULL, NULL, NULL, NULL),
(445, 26, 9, 'dead', 'Saturnino Staggs', 44, 7, 3, 3, 7, 'Esquivar, Placar, Pase a lo loco', '', 120000, NULL, NULL, NULL, NULL, NULL, NULL),
(446, 26, 9, 'dead', 'Saturnino Staggs', 44, 7, 3, 3, 7, 'Esquivar', '', 70000, NULL, NULL, NULL, NULL, NULL, NULL),
(447, 28, 13, 'dead', '', 36, 8, 2, 3, 7, 'Esquivar, Escurridizo', '', 60000, NULL, NULL, NULL, NULL, NULL, NULL),
(448, 10, 2, 'dead', 'Roecarnes', 55, 7, 3, 3, 8, 'Placar, Placar en defensa, Robar balon', '', 130000, NULL, NULL, NULL, NULL, NULL, NULL),
(449, 21, 9, 'dead', 'Mini Grumos', 48, 5, 3, 3, 9, '', '', 50000, NULL, NULL, NULL, NULL, NULL, NULL),
(450, 20, 5, 'dead', 'Frishdez', 30, 6, 2, 3, 7, 'Agilidad felina, Esquivar, Escurridizo, Recepcion heroica', '', 60000, NULL, NULL, NULL, NULL, NULL, NULL),
(451, 19, 1, 'dead', 'Maggie ', 69, 6, 3, 4, 7, 'Pasar, Precision, Manos seguras', '', 110000, NULL, NULL, NULL, NULL, NULL, NULL),
(452, 21, 9, 'dead', '', 48, 5, 3, 3, 9, '', '', 50000, NULL, NULL, NULL, NULL, NULL, NULL),
(453, 20, 6, 'dead', 'zoter el habil', 30, 6, 2, 4, 7, 'Agilidad felina, Esquivar, Escurridizo, +1AG', '', 80000, NULL, NULL, NULL, NULL, NULL, NULL),
(454, 10, 9, 'dead', 'Escupedientes', 52, 7, 3, 3, 7, '', '', 50000, NULL, NULL, NULL, NULL, NULL, NULL),
(455, 31, 11, 'dead', '', 56, 6, 3, 3, 7, 'Placar', '', 50000, NULL, NULL, NULL, NULL, NULL, NULL),
(456, 21, 13, 'dead', '', 48, 5, 3, 3, 8, NULL, '', 50000, NULL, NULL, NULL, NULL, NULL, NULL),
(457, 21, 16, 'dead', '', 48, 5, 3, 3, 8, NULL, '', 50000, NULL, NULL, NULL, NULL, NULL, NULL),
(458, 1, 7, 'active', 'pinky', 66, 5, 3, 3, 8, 'Degenerar, Putrefaccion de Nurgle', '', 40000, '2017-12-01 08:39:53', NULL, NULL, 1, NULL, NULL),
(459, 38, 1, 'active', 'throwing', 58, 6, 3, 3, 7, 'Placar, Pasar, Precisión', '', 70000, '2017-12-01 09:10:41', '2017-12-14 11:50:44', NULL, 1, 1, NULL),
(460, 38, 2, 'active', 'running', 57, 7, 3, 3, 7, 'Placar, Agallas', '', 90000, '2017-12-01 09:13:17', '2017-12-14 11:50:44', NULL, 1, 1, NULL),
(461, 38, 3, 'active', 'crawling', 57, 7, 3, 3, 7, 'Placar, Agallas', '', 90000, '2017-12-01 09:24:22', '2017-12-14 11:50:44', NULL, 1, 1, NULL),
(462, 38, 4, 'active', 'punching', 59, 6, 3, 3, 7, 'Placar, Furia, En pie de un salto', '', 90000, '2017-12-01 09:25:25', '2017-12-14 11:50:44', NULL, 1, 1, NULL),
(463, 38, 5, 'active', 'smashing', 59, 6, 3, 3, 7, 'Placar, Furia, En pie de un salto', '', 90000, '2017-12-01 09:25:36', '2017-12-14 11:50:44', NULL, 1, 1, NULL),
(464, 38, 6, 'active', 'houling', 83, 6, 4, 2, 8, 'Furia', '', 110000, '2017-12-01 09:26:00', '2017-12-14 11:50:44', NULL, 1, 1, NULL),
(465, 38, 8, 'active', 'licking', 56, 6, 3, 3, 7, 'Placar', '', 50000, '2017-12-01 09:26:36', '2017-12-14 11:50:44', NULL, 1, 1, NULL),
(466, 38, 9, 'active', 'crouching', 56, 6, 3, 3, 7, 'Placar', '', 50000, '2017-12-01 09:26:56', '2017-12-14 11:50:44', NULL, 1, 1, NULL),
(467, 38, 10, 'active', 'jumping', 56, 6, 3, 3, 7, 'Placar', '', 50000, '2017-12-01 09:27:39', '2017-12-14 11:50:44', NULL, 1, 1, NULL),
(468, 38, 11, 'active', 'flying', 56, 6, 3, 3, 7, 'Placar', '', 50000, '2017-12-01 09:28:37', '2017-12-14 11:50:44', NULL, 1, 1, NULL),
(469, 38, 12, 'active', 'squirting', 56, 6, 3, 3, 7, 'Placar', '', 50000, '2017-12-01 09:29:21', '2017-12-14 11:50:44', NULL, 1, 1, NULL);

-- --------------------------------------------------------

--
-- Estructura de tabla para la tabla `playoffs`
--

CREATE TABLE `playoffs` (
  `id` int(11) NOT NULL,
  `torneo_id` tinyint(3) UNSIGNED NOT NULL,
  `equipo_id_1` int(10) UNSIGNED NOT NULL DEFAULT '0',
  `equipo_id_2` int(10) UNSIGNED NOT NULL DEFAULT '0',
  `jornada` tinyint(3) UNSIGNED NOT NULL,
  `fase` tinyint(3) UNSIGNED NOT NULL,
  `actualizado` tinyint(1) UNSIGNED NOT NULL DEFAULT '0',
  `grupo` char(1) COLLATE latin1_spanish_ci DEFAULT NULL,
  `aforo` mediumint(9) UNSIGNED DEFAULT NULL,
  `notas` mediumtext COLLATE latin1_spanish_ci,
  `bajas` tinyint(4) UNSIGNED NOT NULL,
  `touchdowns_1` tinyint(4) UNSIGNED NOT NULL,
  `touchdowns_2` tinyint(4) UNSIGNED NOT NULL,
  `bajas_1` tinyint(4) UNSIGNED NOT NULL,
  `bajas_2` tinyint(4) UNSIGNED NOT NULL,
  `recaudacion_1` mediumint(8) UNSIGNED NOT NULL,
  `recaudacion_2` mediumint(8) UNSIGNED NOT NULL,
  `modificador_hinchas_1` tinyint(4) NOT NULL,
  `modificador_hinchas_2` tinyint(4) NOT NULL,
  `no_presentado_1` tinyint(1) UNSIGNED DEFAULT NULL,
  `no_presentado_2` tinyint(1) UNSIGNED DEFAULT NULL,
  `created_at` datetime DEFAULT NULL,
  `updated_at` datetime DEFAULT NULL,
  `deleted_at` datetime DEFAULT NULL,
  `created_by` int(11) DEFAULT NULL,
  `updated_by` int(11) DEFAULT NULL,
  `deleted_by` int(11) DEFAULT NULL
) ENGINE=InnoDB DEFAULT CHARSET=latin1 COLLATE=latin1_spanish_ci ROW_FORMAT=COMPACT;

--
-- Volcado de datos para la tabla `playoffs`
--

INSERT INTO `playoffs` (`id`, `torneo_id`, `equipo_id_1`, `equipo_id_2`, `jornada`, `fase`, `actualizado`, `grupo`, `aforo`, `notas`, `bajas`, `touchdowns_1`, `touchdowns_2`, `bajas_1`, `bajas_2`, `recaudacion_1`, `recaudacion_2`, `modificador_hinchas_1`, `modificador_hinchas_2`, `no_presentado_1`, `no_presentado_2`, `created_at`, `updated_at`, `deleted_at`, `created_by`, `updated_by`, `deleted_by`) VALUES
(1, 4, 18, 21, 1, 4, 1, NULL, 0, '', 0, 0, 2, 0, 0, 0, 60000, 0, 1, 1, 0, NULL, NULL, NULL, NULL, NULL, NULL),
(2, 4, 10, 20, 2, 4, 1, NULL, 0, '', 0, 0, 2, 0, 0, 0, 0, 0, 1, 1, 0, NULL, NULL, NULL, NULL, NULL, NULL),
(3, 4, 9, 28, 3, 4, 1, NULL, 26000, '', 0, 0, 1, 2, 0, 50000, 50000, -1, 1, 0, 0, NULL, NULL, NULL, NULL, NULL, NULL),
(4, 4, 32, 19, 4, 4, 1, NULL, 28000, '', 1, 1, 2, 3, 1, 20000, 50000, -1, 1, 0, 0, NULL, NULL, NULL, NULL, NULL, NULL),
(5, 4, 21, 20, 3, 2, 1, NULL, 25000, '', 1, 1, 0, 4, 1, 90000, 80000, 1, -1, 0, 0, NULL, NULL, NULL, NULL, NULL, NULL),
(6, 4, 28, 19, 7, 2, 1, NULL, 20000, '', 1, 2, 1, 3, 1, 60000, 30000, 1, 0, 0, 0, NULL, NULL, NULL, NULL, NULL, NULL),
(7, 4, 21, 28, 10, 1, 1, NULL, 28000, '', 0, 0, 3, 1, 0, 90000, 70000, -1, 1, 0, 0, NULL, NULL, NULL, NULL, NULL, NULL),
(8, 4, 20, 19, 11, 1, 0, NULL, 0, NULL, 0, 0, 0, 0, 0, 0, 0, 0, 0, 0, 0, NULL, NULL, NULL, NULL, NULL, NULL),
(9, 3, 6, 4, 1, 4, 1, NULL, 42000, '', 0, 3, 0, 0, 2, 60000, 60000, 0, 0, 0, 0, NULL, NULL, NULL, NULL, NULL, NULL),
(10, 3, 7, 14, 2, 4, 1, NULL, 32000, '', 0, 1, 2, 1, 0, 30000, 60000, -1, 1, 0, 0, NULL, NULL, NULL, NULL, NULL, NULL),
(11, 3, 8, 23, 3, 4, 1, NULL, 34000, '', 0, 4, 3, 0, 4, 50000, 40000, 1, 0, 0, 0, NULL, NULL, NULL, NULL, NULL, NULL),
(12, 3, 26, 25, 4, 4, 1, NULL, 27000, 'Falta la pasta de Pano', 0, 1, 0, 2, 2, 50000, 0, 1, -1, 0, 0, NULL, NULL, NULL, NULL, NULL, NULL),
(13, 3, 6, 14, 3, 2, 1, NULL, 88000, '', 0, 4, 3, 3, 1, 140000, 100000, 0, -1, 0, 0, NULL, NULL, NULL, NULL, NULL, NULL),
(14, 3, 8, 26, 7, 2, 1, NULL, 82000, 'Random contrat&#243; a la estrella Conde Luthor Von Drakenborg y a un hechicero', 2, 3, 1, 0, 2, 130000, 130000, 0, -1, 0, 0, NULL, NULL, NULL, NULL, NULL, NULL),
(15, 3, 6, 8, 10, 1, 1, NULL, 78000, '', 0, 4, 2, 4, 0, 180000, 80000, 0, -1, 0, 0, NULL, NULL, NULL, NULL, NULL, NULL),
(16, 3, 14, 26, 11, 1, 1, NULL, 28000, 'Random alquil&#243; al Conde Von Drakenborg', 0, 1, 2, 1, 2, 20000, 50000, -1, 1, 0, 0, NULL, NULL, NULL, NULL, NULL, NULL),
(17, 1, 3, 7, 4, 1, 1, NULL, 29000, '+40.000mo a Jairo por 3er clasificado.\r\n+1 FF Jairo', 1, 1, 2, 2, 2, 50000, 60000, 0, 1, 0, 0, NULL, NULL, NULL, NULL, NULL, NULL),
(18, 1, 20, 18, 2, 2, 1, NULL, 75000, '¡Mala prensa!\r\n-1FF David', 1, 5, 1, 0, 1, 40000, 50000, -1, 0, 0, 0, NULL, '2018-03-01 13:49:21', NULL, NULL, 1, NULL),
(19, 1, 26, 25, 1, 2, 1, NULL, 41000, '¡Estilete!\r\nContrato comercial.\r\n-1FF Random\r\n-1 FF Alez', 1, 4, 0, 0, 1, 60000, 40000, -1, -1, 0, 0, NULL, '2018-03-01 13:49:21', NULL, NULL, 1, NULL),
(20, 1, 10, 6, 3, 1, 1, NULL, 63000, '+1FF de David y Random. Corredor de alcantarillas (14) asesinado por el público. Ambos alquilaron hechicero. +80k monedas para David por 1er puesto. +60k monedas para Random por 2º puesto', 2, 1, 2, 2, 6, 50000, 40000, 1, 1, 0, 0, NULL, NULL, NULL, NULL, NULL, NULL),
(27, 2, 26, 25, 1, 2, 0, NULL, NULL, NULL, 0, 0, 0, 0, 0, 0, 0, 0, 0, NULL, NULL, NULL, '2018-03-02 11:45:37', NULL, NULL, 1, NULL),
(28, 2, 20, 18, 2, 2, 0, NULL, NULL, NULL, 0, 0, 0, 0, 0, 0, 0, 0, 0, NULL, NULL, NULL, '2018-03-02 11:45:37', NULL, NULL, 1, NULL);

-- --------------------------------------------------------

--
-- Estructura de tabla para la tabla `positions`
--

CREATE TABLE `positions` (
  `id` int(10) UNSIGNED NOT NULL,
  `race_id` int(11) NOT NULL,
  `name` varchar(80) NOT NULL,
  `ma` tinyint(3) UNSIGNED NOT NULL,
  `st` tinyint(3) UNSIGNED NOT NULL,
  `ag` tinyint(3) UNSIGNED NOT NULL,
  `av` tinyint(3) UNSIGNED NOT NULL,
  `skills` varchar(250) DEFAULT NULL,
  `price` int(10) UNSIGNED NOT NULL,
  `plimit` tinyint(3) UNSIGNED NOT NULL,
  `normal` set('general','strength','agility','passing','mutation') DEFAULT NULL,
  `doubles` set('general','strength','agility','passing','mutation') DEFAULT NULL,
  `porder` tinyint(3) UNSIGNED NOT NULL,
  `created_at` datetime DEFAULT NULL,
  `updated_at` datetime DEFAULT NULL,
  `deleted_at` datetime DEFAULT NULL,
  `created_by` int(11) DEFAULT NULL,
  `updated_by` int(11) DEFAULT NULL,
  `deleted_by` int(11) DEFAULT NULL
) ENGINE=InnoDB DEFAULT CHARSET=utf8 ROW_FORMAT=COMPACT;

--
-- Volcado de datos para la tabla `positions`
--

INSERT INTO `positions` (`id`, `race_id`, `name`, `ma`, `st`, `ag`, `av`, `skills`, `price`, `plimit`, `normal`, `doubles`, `porder`, `created_at`, `updated_at`, `deleted_at`, `created_by`, `updated_by`, `deleted_by`) VALUES
(1, 1, 'Linea', 6, 3, 4, 8, '', 70000, 16, 'general', 'strength,agility,passing', 1, '2008-12-03 00:00:00', '2017-11-06 11:02:36', NULL, NULL, 1, NULL),
(2, 1, 'Lanzador', 6, 3, 4, 8, 'Pasar, Pase seguro', 90000, 2, 'general,passing', 'strength,agility', 2, '2008-12-03 00:00:00', '2017-11-06 11:05:18', NULL, NULL, 1, NULL),
(3, 1, 'Receptor', 8, 3, 4, 7, 'Atrapar', 90000, 4, 'general,agility', 'strength,passing', 3, '2008-12-03 00:00:00', '2017-11-06 11:05:18', NULL, NULL, 1, NULL),
(4, 1, 'Blitzer', 7, 3, 4, 8, 'Placar', 100000, 2, 'general,strength', 'agility,passing', 4, '2008-12-03 00:00:00', '2017-11-06 11:05:21', NULL, NULL, 1, NULL),
(5, 2, 'Linea', 6, 3, 3, 7, 'Esquivar', 50000, 16, 'general', 'strength,agility,passing', 1, '2008-12-03 00:00:00', '2017-11-06 16:54:29', NULL, NULL, 1, NULL),
(6, 2, 'Receptora', 6, 3, 3, 7, 'Esquivar, Atrapar', 70000, 2, 'general,agility', 'strength,passing', 3, '2008-12-03 00:00:00', '2017-11-06 16:54:59', NULL, NULL, 1, NULL),
(7, 2, 'Lanzadora', 6, 3, 3, 7, 'Esquivar, Pasar', 70000, 2, 'general,passing', 'strength,agility', 2, '2008-12-03 00:00:00', '2017-11-06 16:54:48', NULL, NULL, 1, NULL),
(8, 2, 'Blitzer', 6, 3, 3, 7, 'Esquivar, Placar', 90000, 4, 'general,strength', 'agility,passing', 4, '2008-12-03 00:00:00', '2017-11-06 16:55:16', NULL, NULL, 1, NULL),
(9, 3, 'Hombre Bestia', 6, 3, 3, 8, 'Cuernos', 60000, 16, 'general,strength,mutation', 'agility,passing', 1, '2008-12-03 00:00:00', '2017-11-06 16:56:09', NULL, NULL, 1, NULL),
(10, 3, 'Guerrero del Caos', 5, 4, 3, 9, '', 100000, 4, 'general,strength,mutation', 'agility,passing', 2, '2008-12-03 00:00:00', '2017-11-06 16:56:17', NULL, NULL, 1, NULL),
(11, 4, 'Linea', 6, 3, 4, 8, '', 70000, 16, 'general,agility', 'strength,passing', 1, '2008-12-03 00:00:00', '2017-11-06 16:57:10', NULL, NULL, 1, NULL),
(12, 4, 'Corredor', 7, 3, 4, 7, 'Pase precipitado', 80000, 2, 'general,agility,passing', 'strength', 2, '2008-12-03 00:00:00', '2017-11-06 16:57:20', NULL, NULL, 1, NULL),
(13, 4, 'Blitzer', 7, 3, 4, 8, 'Placar', 100000, 4, 'general,agility', 'strength,passing', 4, '2008-12-03 00:00:00', '2017-11-06 16:58:42', NULL, NULL, 1, NULL),
(14, 4, 'Elfa Bruja', 7, 3, 4, 7, 'Furia, Esquivar, En pie de un salto', 110000, 2, 'general,agility', 'strength,passing', 5, '2008-12-03 00:00:00', '2017-11-06 16:57:47', NULL, NULL, 1, NULL),
(15, 5, 'Linea', 7, 3, 4, 7, '', 70000, 16, 'general,agility', 'strength,passing', 1, '2008-12-03 00:00:00', '2017-11-06 16:59:12', NULL, NULL, 1, NULL),
(16, 5, 'Receptor', 9, 2, 4, 7, 'Atrapar, Esquivar', 90000, 4, 'general,agility', 'strength,passing', 3, '2008-12-03 00:00:00', '2017-11-06 16:59:32', NULL, NULL, 1, NULL),
(17, 5, 'Lanzador', 7, 3, 4, 7, 'Pasar', 90000, 2, 'general,agility,passing', 'strength', 2, '2008-12-03 00:00:00', '2017-11-06 16:59:21', NULL, NULL, 1, NULL),
(18, 5, 'Bailarin Guerrero', 8, 3, 4, 7, 'Placar, Esquivar, Saltar', 120000, 2, 'general,agility', 'strength,passing', 4, '2008-12-03 00:00:00', '2017-11-06 16:59:42', NULL, NULL, 1, NULL),
(19, 6, 'Defensa', 4, 3, 2, 9, 'Placar, Placaje defensivo, Cabeza dura', 70000, 16, 'general,strength', 'agility,passing', 1, '2008-12-03 00:00:00', '2017-11-06 17:00:37', NULL, NULL, 1, NULL),
(20, 6, 'Corredor', 6, 3, 3, 8, 'Manos seguras, Cabeza dura', 80000, 2, 'general,passing', 'strength,agility', 2, '2008-12-03 00:00:00', '2017-11-06 17:00:48', NULL, NULL, 1, NULL),
(21, 6, 'Blitzer', 5, 3, 3, 9, 'Placar, Cabeza dura', 80000, 2, 'general,strength', 'agility,passing', 3, '2008-12-03 00:00:00', '2017-11-06 17:00:57', NULL, NULL, 1, NULL),
(22, 6, 'Matatrolls', 5, 3, 2, 8, 'Placar, Furia, Agallas, Cabeza dura', 90000, 2, 'general,strength', 'agility,passing', 4, '2008-12-03 00:00:00', '2017-11-06 17:01:07', NULL, NULL, 1, NULL),
(25, 6, 'Apisonadora enana', 4, 7, 1, 10, 'Abrirse paso, Juego sucio, Golpe mortifero, Sin manos, Arma secreta, Mantenerse firme', 160000, 1, 'strength', 'general,agility,passing', 7, '2008-12-03 00:00:00', '2017-11-06 17:01:21', NULL, NULL, 1, NULL),
(26, 7, 'Hobgoblin', 6, 3, 3, 7, '', 40000, 16, 'general', 'strength,agility,passing', 1, '2008-12-03 00:00:00', '2017-11-06 17:01:46', NULL, NULL, 1, NULL),
(27, 7, 'Defensa Enano del Caos', 4, 3, 2, 9, 'Placar, Placaje defensivo, Cabeza dura', 70000, 6, 'general,strength', 'agility,passing,mutation', 2, '2008-12-03 00:00:00', '2017-11-06 17:02:07', NULL, NULL, 1, NULL),
(29, 7, 'Centauro Toro', 6, 4, 2, 9, 'Carrera, Pies firmes, Cabeza dura', 130000, 2, 'general,strength', 'agility,passing', 3, '2008-12-03 00:00:00', '2017-11-06 17:02:17', NULL, NULL, 1, NULL),
(30, 8, 'Goblin', 6, 2, 3, 7, 'Agilidad felina, Esquivar, Escurridizo', 40000, 16, 'agility', 'general,strength,passing', 1, '2008-12-03 00:00:00', '2017-11-06 17:04:26', NULL, NULL, 1, NULL),
(31, 8, 'Bombardero', 6, 2, 3, 7, 'Bombardero, Esquivar, Sin manos, Arma secreta, Escurridizo', 40000, 1, 'agility', 'general,strength,passing', 2, '2008-12-03 00:00:00', '2017-11-06 17:04:34', NULL, NULL, 1, NULL),
(32, 8, 'Pogo', 7, 2, 3, 7, 'Juego sucio, Esquivar, Saltar, Arma secreta, Escurridizo, Piernas muy largas', 40000, 1, 'agility', 'general,strength,passing', 3, '2008-12-03 00:00:00', '2017-11-06 17:04:44', NULL, NULL, 1, NULL),
(33, 8, 'Chiflado', 6, 2, 3, 7, 'Sierra mecanica, Sin manos, Arma secreta, Escurridizo', 40000, 1, 'agility', 'general,strength,passing', 4, '2008-12-03 00:00:00', '2017-11-06 17:04:51', NULL, NULL, 1, NULL),
(34, 8, 'Fanatico', 3, 7, 3, 7, 'Bola con cadena, Sin manos, Arma secreta, Escurridizo', 70000, 1, 'agility', 'general,strength,passing', 5, '2008-12-03 00:00:00', '2017-11-06 17:05:00', NULL, NULL, 1, NULL),
(35, 9, 'Halfling', 5, 2, 3, 6, 'Agilidad felina, Esquivar, Escurridizo', 30000, 16, 'agility', 'general,strength,passing', 1, '2008-12-03 00:00:00', '2017-11-06 17:05:48', NULL, NULL, 1, NULL),
(36, 10, 'Eslizon', 8, 2, 3, 7, 'Esquivar, Escurridizo', 60000, 16, 'agility', 'general,strength,passing', 1, '2008-12-03 00:00:00', '2017-11-06 17:06:13', NULL, NULL, 1, NULL),
(37, 10, 'Saurio', 6, 4, 1, 9, '', 80000, 6, 'general,strength', 'agility,passing', 2, '2008-12-03 00:00:00', '2017-11-06 17:06:22', NULL, NULL, 1, NULL),
(38, 11, 'Linea', 6, 3, 3, 8, '', 50000, 16, 'general', 'strength,agility,passing', 1, '2008-12-03 00:00:00', '2017-11-06 17:07:07', NULL, NULL, 1, NULL),
(39, 11, 'Receptor', 8, 2, 3, 7, 'Atrapar, Esquivar', 70000, 4, 'general,agility', 'strength,passing', 3, '2008-12-03 00:00:00', '2017-11-06 17:07:25', NULL, NULL, 1, NULL),
(40, 11, 'Lanzador', 6, 3, 3, 8, 'Manos seguras, Pasar', 70000, 2, 'general,passing', 'strength,agility', 2, '2008-12-03 00:00:00', '2017-11-06 17:07:16', NULL, NULL, 1, NULL),
(41, 11, 'Blitzer', 7, 3, 3, 8, 'Placar', 90000, 4, 'general,strength', 'agility,passing', 4, '2008-12-03 00:00:00', '2017-11-06 17:07:38', NULL, NULL, 1, NULL),
(42, 12, 'Esqueleto', 5, 3, 2, 7, 'Regeneracion, Cabeza dura', 40000, 16, 'general', 'strength,agility,passing', 1, '2008-12-03 00:00:00', '2017-11-06 17:08:31', NULL, NULL, 1, NULL),
(43, 12, 'Zombi', 4, 3, 2, 8, 'Regeneracion', 40000, 16, 'general', 'strength,agility,passing', 2, '2008-12-03 00:00:00', '2017-11-06 17:08:45', NULL, NULL, 1, NULL),
(44, 12, 'Necrofago', 7, 3, 3, 7, 'Esquivar', 70000, 4, 'general,agility', 'strength,passing', 3, '2008-12-03 00:00:00', '2017-11-06 17:09:01', NULL, NULL, 1, NULL),
(45, 12, 'Tumulario', 6, 3, 3, 8, 'Placar, Regeneracion', 90000, 2, 'general,strength', 'agility,passing', 4, '2008-12-03 00:00:00', '2017-11-06 17:09:10', NULL, NULL, 1, NULL),
(46, 12, 'Momia', 3, 5, 1, 9, 'Golpe mortifero, Regeneracion', 110000, 2, 'strength', 'general,agility,passing', 5, '2008-12-03 00:00:00', '2017-11-06 17:09:20', NULL, NULL, 1, NULL),
(47, 13, 'Goblin', 6, 2, 3, 7, 'Agilidad felina, Esquivar, Escurridizo', 40000, 4, 'agility', 'general,strength,passing', 2, '2008-12-03 00:00:00', '2017-11-06 17:09:52', NULL, NULL, 1, NULL),
(48, 13, 'Linea', 5, 3, 3, 9, '', 50000, 16, 'general', 'strength,agility,passing', 1, '2008-12-03 00:00:00', '2017-11-06 17:09:44', NULL, NULL, 1, NULL),
(49, 13, 'Lanzador', 5, 3, 3, 8, 'Manos seguras, Pasar', 70000, 2, 'general,passing', 'strength,agility', 3, '2008-12-03 00:00:00', '2017-11-06 17:10:01', NULL, NULL, 1, NULL),
(50, 13, 'Defensa Orco Negro', 4, 4, 2, 9, '', 80000, 4, 'general,strength', 'agility,passing', 4, '2008-12-03 00:00:00', '2017-11-06 17:10:18', NULL, NULL, 1, NULL),
(51, 13, 'Blitzer', 6, 3, 3, 9, 'Placar', 80000, 4, 'general,strength', 'agility,passing', 5, '2008-12-03 00:00:00', '2017-11-06 17:10:33', NULL, NULL, 1, NULL),
(52, 14, 'Linea', 7, 3, 3, 7, '', 50000, 16, 'general', 'strength,agility,passing,mutation', 1, '2008-12-03 00:00:00', '2017-11-06 17:11:19', NULL, NULL, 1, NULL),
(53, 14, 'Lanzador', 7, 3, 3, 7, 'Manos seguras, Pasar', 70000, 2, 'general,passing', 'strength,agility,mutation', 2, '2008-12-03 00:00:00', '2017-11-06 17:11:15', NULL, NULL, 1, NULL),
(54, 14, 'Corredor de alcantarillas', 9, 2, 4, 7, 'Esquivar', 80000, 4, 'general,agility', 'strength,passing,mutation', 3, '2008-12-03 00:00:00', '2017-11-06 17:11:29', NULL, NULL, 1, NULL),
(55, 14, 'Blitzer', 7, 3, 3, 8, 'Placar', 90000, 2, 'general,strength', 'agility,passing,mutation', 4, '2008-12-03 00:00:00', '2017-11-06 17:11:41', NULL, NULL, 1, NULL),
(56, 15, 'Linea', 6, 3, 3, 7, 'Placar', 50000, 16, 'general', 'strength,agility,passing', 1, '2008-12-03 00:00:00', '2017-11-06 17:12:46', NULL, NULL, 1, NULL),
(57, 15, 'Corredor', 7, 3, 3, 7, 'Placar, Agallas', 90000, 2, 'general,agility', 'strength,passing', 3, '2008-12-03 00:00:00', '2017-11-06 17:13:03', NULL, NULL, 1, NULL),
(58, 15, 'Lanzador', 6, 3, 3, 7, 'Placar, Pasar', 70000, 2, 'general,passing', 'strength,agility', 2, '2008-12-03 00:00:00', '2017-11-06 17:12:56', NULL, NULL, 1, NULL),
(59, 15, 'Berserk', 6, 3, 3, 7, 'Placar, Furia, En pie de un salto', 90000, 2, 'general,strength', 'agility,passing', 4, '2008-12-03 00:00:00', '2017-11-06 17:13:11', NULL, NULL, 1, NULL),
(60, 16, 'Esqueleto', 5, 3, 2, 7, 'Regeneracion, Cabeza dura', 40000, 16, 'general', 'strength,agility,passing', 1, '2008-12-03 00:00:00', '2017-11-06 17:16:26', NULL, NULL, 1, NULL),
(61, 16, 'Blitz-Ra', 6, 3, 2, 8, 'Regeneracion, Placar', 90000, 2, 'general,strength', 'agility,passing', 3, '2008-12-03 00:00:00', '2017-11-06 17:16:56', NULL, NULL, 1, NULL),
(62, 16, 'Thro-Ra', 6, 3, 2, 7, 'Regeneracion, Manos seguras, Pasar', 70000, 2, 'general,passing', 'strength,agility', 2, '2008-12-03 00:00:00', '2017-11-06 17:16:38', NULL, NULL, 1, NULL),
(63, 16, 'Momia', 3, 5, 1, 8, 'Regeneracion, Abrirse Paso', 100000, 4, 'strength', 'general,agility,passing', 4, '2008-12-03 00:00:00', '2017-11-06 17:17:02', NULL, NULL, 1, NULL),
(64, 17, 'Ogro', 5, 5, 2, 9, 'Golpe mortifero, Cabeza dura, Estupido, Lanzar compañero de equipo', 140000, 6, 'strength', 'general,agility,passing', 2, '2008-12-03 00:00:00', '2017-11-06 17:17:30', NULL, NULL, 1, NULL),
(65, 17, 'Snotling', 5, 1, 3, 5, 'Agilidad felina, Esquivar, Escurridizo, Echarse a un lado, Canijo', 20000, 16, 'agility', 'general,strength,passing', 1, '2008-12-03 00:00:00', '2017-11-06 17:17:23', NULL, NULL, 1, NULL),
(66, 18, 'Putrefacto', 5, 3, 3, 8, 'Degenerar, Putrefaccion de Nurgle', 40000, 16, 'general,mutation', 'strength,agility,passing', 1, '2008-12-03 00:00:00', '2017-11-06 17:17:47', NULL, NULL, 1, NULL),
(67, 18, 'Pestigor', 6, 3, 3, 8, 'Cuernos, Putrefaccion de Nurgle, Regeneracion', 80000, 4, 'general,strength,mutation', 'agility,passing', 2, '2008-12-03 00:00:00', '2017-11-06 17:18:05', NULL, NULL, 1, NULL),
(68, 19, 'Linea', 6, 3, 4, 7, '', 60000, 16, 'general,agility', 'strength,passing', 1, '2008-12-03 00:00:00', '2017-11-06 17:19:20', NULL, NULL, 1, NULL),
(69, 19, 'Lanzador', 6, 3, 4, 7, 'Pasar', 70000, 2, 'general,agility,passing', 'strength', 2, '2008-12-03 00:00:00', '2017-11-06 17:19:28', NULL, NULL, 1, NULL),
(70, 19, 'Receptor', 8, 3, 4, 7, 'Atrapar, Nervios de acero', 100000, 4, 'general,agility', 'strength,passing', 3, '2008-12-03 00:00:00', '2017-11-06 17:19:36', NULL, NULL, 1, NULL),
(71, 19, 'Blitzer', 7, 3, 4, 8, 'Placar, Echarse a un lado', 110000, 2, 'general,agility', 'strength,passing', 4, '2008-12-03 00:00:00', '2017-11-06 17:19:45', NULL, NULL, 1, NULL),
(72, 20, 'Zombi', 4, 3, 2, 8, 'Regeneracion', 40000, 16, 'general', 'strength,agility,passing', 1, '2008-12-03 00:00:00', '2017-11-06 17:20:06', NULL, NULL, 1, NULL),
(73, 20, 'Necrofago', 7, 3, 3, 7, 'Esquivar', 70000, 2, 'general,agility', 'strength,passing', 2, '2008-12-03 00:00:00', '2017-11-06 17:20:14', NULL, NULL, 1, NULL),
(74, 20, 'Tumulario', 6, 3, 3, 8, 'Placar, Regeneracion', 90000, 2, 'general,strength', 'agility,passing', 3, '2008-12-03 00:00:00', '2017-11-06 17:20:22', NULL, NULL, 1, NULL),
(75, 20, 'Golem de carne', 4, 4, 2, 9, 'Mantenerse firme, Regeneracion, Cabeza dura', 100000, 2, 'general,strength', 'agility,passing', 4, '2008-12-03 00:00:00', '2017-11-06 17:20:30', NULL, NULL, 1, NULL),
(76, 20, 'Hombre Lobo', 8, 3, 3, 8, 'Furia, Garras, Regeneracion', 120000, 2, 'general,agility', 'strength,passing', 5, '2008-12-03 00:00:00', '2017-11-06 17:20:47', NULL, NULL, 1, NULL),
(77, 21, 'Siervo', 6, 3, 3, 7, '', 40000, 16, 'general', 'strength,agility,passing', 1, '2008-12-03 00:00:00', '2017-11-06 17:21:06', NULL, NULL, 1, NULL),
(78, 21, 'Vampiro', 6, 4, 4, 8, 'Mirada hipnotica, Regeneracion, Sed de sangre', 110000, 6, 'general,strength,agility', 'passing', 2, '2008-12-03 00:00:00', '2017-11-06 17:21:16', NULL, NULL, 1, NULL),
(80, 10, 'Kroxigor', 6, 5, 1, 9, 'Solitario, Cabeza dura, Cola prensil, Cabeza hueca, Golpe mortifero', 140000, 1, 'strength', 'general,agility,passing', 3, '2008-12-03 00:00:00', '2017-11-06 17:06:40', NULL, NULL, 1, NULL),
(81, 3, 'Minotauro', 5, 5, 2, 8, 'Solitario, Animal salvaje, Golpe mortifero, Furia, Cuernos, Cabeza dura', 150000, 1, 'strength', 'general,agility,passing,mutation', 3, '2008-12-03 00:00:00', '2017-11-06 16:56:37', NULL, NULL, 1, NULL),
(82, 7, 'Minotauro', 5, 5, 2, 8, 'Solitario, Animal salvaje, Golpe mortifero, Furia, Cuernos, Cabeza dura', 150000, 1, 'strength', 'general,agility,passing,mutation', 5, '2008-12-03 00:00:00', '2017-11-06 17:02:31', NULL, NULL, 1, NULL),
(83, 15, 'Ulfwerener', 6, 4, 2, 8, 'Furia', 110000, 2, 'general,strength', 'agility,passing', 5, '2008-12-03 00:00:00', '2017-11-06 17:15:49', NULL, NULL, 1, NULL),
(85, 11, 'Ogro', 5, 5, 2, 9, 'Solitario, Cabeza hueca, Lanzar compañero de equipo, Golpe mortifero, Cabeza dura', 140000, 1, 'strength', 'general,agility,passing', 5, '2008-12-03 00:00:00', '2017-11-06 17:07:57', NULL, NULL, 1, NULL),
(86, 15, 'Troll de las nieves', 5, 5, 1, 8, 'Solitario, Garras, Presencia perturbadora, Furia, Animal salvaje', 140000, 1, 'strength', 'general,agility,passing', 6, '2008-12-03 00:00:00', '2017-11-06 17:15:58', NULL, NULL, 1, NULL),
(87, 14, 'Rata Ogro', 6, 5, 2, 8, 'Solitario, Animal salvaje, Golpe mortifero, Furia, Cola prensil', 160000, 1, 'strength', 'general,agility,passing,mutation', 5, '2008-12-03 00:00:00', '2017-11-06 17:11:59', NULL, NULL, 1, NULL),
(88, 9, 'Hombre Arbol', 2, 6, 1, 10, 'Solitario, Echar raices, Lanzar compañero de equipo, Golpe mortifero, Mantenerse firme, Cabeza dura, Brazo fuerte', 120000, 2, 'strength', 'general,agility,passing', 2, '2008-12-03 00:00:00', '2017-11-06 17:05:56', NULL, NULL, 1, NULL),
(89, 5, 'Hombre Arbol', 2, 6, 1, 10, 'Solitario, Echar raices, Lanzar compañero de equipo, Golpe mortifero, Mantenerse firme, Cabeza dura, Brazo fuerte', 120000, 1, 'strength', 'general,agility,passing', 5, '2008-12-03 00:00:00', '2017-11-06 17:00:09', NULL, NULL, 1, NULL),
(92, 8, 'Troll', 4, 5, 1, 9, 'Solitario, Siempre hambriento, Realmente estupido, Lanzar compañero de equipo, Regeneracion, Golpe mortifero', 110000, 2, 'strength', 'general,agility,passing', 6, '2008-12-03 00:00:00', '2017-11-06 17:05:22', NULL, NULL, 1, NULL),
(93, 13, 'Troll', 4, 5, 1, 9, 'Solitario, Siempre hambriento, Realmente estupido, Lanzar compañero de equipo, Regeneracion, Golpe mortifero', 110000, 1, 'strength', 'general,agility,passing', 6, '2008-12-03 00:00:00', '2017-11-06 17:10:39', NULL, NULL, 1, NULL),
(94, 18, 'Bestia de Nurgle', 4, 5, 1, 9, 'Solitario, Presencia perturbadora, Apariencia asquerosa, Golpe mortifero, Putrefaccion de Nurgle, Realmente estupido, Regeneracion, Tentaculos', 140000, 1, 'strength', 'general,agility,passing,mutation', 4, '2008-12-03 00:00:00', '2017-11-06 17:18:53', NULL, NULL, 1, NULL),
(95, 4, 'Asesino', 6, 3, 4, 7, 'Perseguir, Puñal', 90000, 2, 'general,agility', 'strength,passing', 3, '2008-12-03 00:00:00', '2017-11-06 16:58:21', NULL, NULL, 1, NULL),
(96, 18, 'Guerrero de Nurgle', 4, 4, 2, 9, 'Presencia perturbadora, Apariencia asquerosa, Putrefaccion de Nurgle, Regeneracion', 110000, 4, 'general,strength,mutation', 'agility,passing', 3, '2008-12-03 00:00:00', '2017-11-06 17:18:44', NULL, NULL, 1, NULL),
(97, 23, 'Linea', 6, 3, 3, 8, 'Saltar, Piernas muy largas', 60000, 16, 'general', 'strength,agility,passing', 1, '2008-12-03 00:00:00', '2017-11-06 17:24:29', NULL, NULL, 1, NULL),
(98, 23, 'Corredor', 7, 2, 4, 7, 'Recepcion heroica, Saltar, Piernas muy largas', 80000, 4, 'general,agility', 'strength,passing', 2, '2008-12-03 00:00:00', '2017-11-06 17:24:39', NULL, NULL, 1, NULL),
(99, 23, 'Blitzer', 7, 3, 3, 8, 'Placaje heroico, En pie de un salto, Saltar, Piernas muy largas', 110000, 4, 'general,strength,agility', 'passing', 3, '2008-12-03 00:00:00', '2017-11-06 17:24:55', NULL, NULL, 1, NULL),
(100, 23, 'Kroxigor', 6, 5, 1, 9, 'Solitario,  Cabeza hueca, Golpe mortifero, Cola prensil, Cabeza dura', 140000, 1, 'strength', 'general,agility,passing', 4, '2008-12-03 00:00:00', '2017-11-06 17:25:01', NULL, NULL, 1, NULL),
(101, 24, 'Underworld Goblin', 6, 2, 3, 7, 'Esquivar, Escurridizo, Agilidad felina', 40000, 12, 'agility,mutation', 'general,strength,passing', 1, '2008-12-03 00:00:00', '2017-11-06 17:25:28', NULL, NULL, 1, NULL),
(102, 24, 'Linea Skaven', 7, 3, 3, 7, 'Animosidad', 50000, 2, 'general,mutation', 'strength,agility,passing', 2, '2008-12-03 00:00:00', '2017-11-06 17:25:40', NULL, NULL, 1, NULL),
(103, 24, 'Lanzador Skaven', 7, 3, 3, 7, 'Pasar, Manos seguras, Animosidad', 70000, 2, 'general,passing,mutation', 'strength,agility', 3, '2008-12-03 00:00:00', '2017-11-06 17:25:51', NULL, NULL, 1, NULL),
(104, 24, 'Blitzer Skaven', 7, 3, 3, 8, 'Placar, Animosidad', 90000, 2, 'general,strength,mutation', 'agility,passing', 4, '2008-12-03 00:00:00', '2017-11-06 17:26:01', NULL, NULL, 1, NULL),
(105, 24, 'Troll de Piedra de la Disformidad', 4, 5, 1, 9, 'Solitario, Siempre hambriento, Golpe mortifero, Realmente estupido, Regeneracion, Lanzar compañero de equipo', 110000, 1, 'strength,mutation', 'general,agility,passing', 5, '2008-12-03 00:00:00', '2017-11-06 17:26:13', NULL, NULL, 1, NULL),
(106, 22, 'Merodeador', 6, 3, 3, 8, '', 50000, 12, 'general,strength,passing,mutation', 'agility', 1, '2008-12-03 00:00:00', '2017-11-06 17:22:20', NULL, NULL, 1, NULL),
(107, 22, 'Renegado Goblin', 6, 2, 3, 7, 'Animosidad, Esquivar, Escurridizo, Agilidad felina', 40000, 1, 'agility,mutation', 'general,strength,passing', 2, '2008-12-03 00:00:00', '2017-11-06 17:22:37', NULL, NULL, 1, NULL),
(108, 22, 'Renegado Skaven', 7, 3, 3, 7, 'Animosidad', 50000, 1, 'general,mutation', 'strength,agility,passing', 3, '2008-12-03 00:00:00', '2017-11-06 17:23:02', NULL, NULL, 1, NULL),
(109, 22, 'Renegado Elfo Oscuro', 6, 3, 4, 8, 'Animosidad', 70000, 1, 'general,agility,mutation', 'strength,passing', 4, '2008-12-03 00:00:00', '2017-11-06 17:23:15', NULL, NULL, 1, NULL),
(110, 22, 'Troll del Caos', 4, 5, 1, 9, 'Solitario, Siempre hambriento, Golpe mortifero, Realmente estupido, Regeneracion, Lanzar compañero de equipo', 110000, 1, 'strength', 'general,agility,passing,mutation', 5, '2008-12-03 00:00:00', '2017-11-06 17:23:29', NULL, NULL, 1, NULL),
(111, 22, 'Ogro del Caos', 5, 5, 2, 9, 'Solitario, Cabeza hueca, Golpe mortifero, Cabeza dura,  Lanzar compañero de equipo', 140000, 1, 'strength', 'general,agility,passing,mutation', 6, '2008-12-03 00:00:00', '2017-11-06 17:23:40', NULL, NULL, 1, NULL),
(112, 22, 'Minotauro', 5, 5, 2, 8, 'Solitario, Furia, Curenos, Golpe mortifero, Cabeza dura, Animal salvaje', 150000, 1, 'strength', 'general,agility,passing,mutation', 7, '2008-12-03 00:00:00', '2017-11-06 17:23:50', NULL, NULL, 1, NULL);

-- --------------------------------------------------------

--
-- Estructura de tabla para la tabla `posts`
--

CREATE TABLE `posts` (
  `id` int(10) UNSIGNED NOT NULL,
  `title` tinytext NOT NULL,
  `teaser` tinytext NOT NULL,
  `page_title` tinytext NOT NULL,
  `page_description` tinytext NOT NULL,
  `page_keywords` tinytext NOT NULL,
  `content` longtext NOT NULL,
  `permalink` text NOT NULL,
  `comment_count` tinyint(3) UNSIGNED NOT NULL DEFAULT '0',
  `status` enum('published','private','closed') NOT NULL DEFAULT 'published',
  `type` enum('post','photo','chronicle') NOT NULL DEFAULT 'post',
  `comment_status` enum('open','closed') NOT NULL DEFAULT 'open',
  `archive` text,
  `archive_date` timestamp NOT NULL DEFAULT '0000-00-00 00:00:00',
  `match_id` int(11) DEFAULT NULL,
  `created_at` datetime DEFAULT NULL,
  `updated_at` datetime DEFAULT NULL,
  `deleted_at` datetime DEFAULT NULL,
  `created_by` int(11) DEFAULT NULL,
  `updated_by` int(11) DEFAULT NULL,
  `deleted_by` int(11) DEFAULT NULL
) ENGINE=InnoDB DEFAULT CHARSET=utf8 ROW_FORMAT=DYNAMIC;

--
-- Volcado de datos para la tabla `posts`
--

INSERT INTO `posts` (`id`, `title`, `teaser`, `page_title`, `page_description`, `page_keywords`, `content`, `permalink`, `comment_count`, `status`, `type`, `comment_status`, `archive`, `archive_date`, `match_id`, `created_at`, `updated_at`, `deleted_at`, `created_by`, `updated_by`, `deleted_by`) VALUES
(1, 'Bienvenidos a la web del IV Trofeo Ria de Nurgle', '', 'Bienvenidos a la web del IV Trofeo Ria de Nurgle', '', '', '<p><img style=\"float: right; padding: 15px;\" title=\"Logo del IV Trofeo Ria de Nurgle\" src=\"_imagenes/haut.jpg\" alt=\"Logo del IV Trofeo Ria de Nurgle\" width=\"350\" height=\"212\" /></p>\r\n<p>Este a&ntilde;o se han congregado 10 jugadores para este trofeo tan particular, los cuales disputar&aacute;n una fase de liguilla, compuesta por 9 partidos, en los que se enfrentar&aacute;n todos los equipos entre s&iacute;</p>\r\n<p>Una vez finalizada, se jugar&aacute; el play-off entre 4 equipos afortunados, a saber, el 1&ordm;,2&ordm;,3&ordm; y 4&ordm; extra&iacute;dos de la clasificaci&oacute;n final de la liguilla, enfrent&aacute;ndose 1&ordm; contra 4&ordm; y 2&ordm; contra 3&ordm;. Los vencedores disputar&aacute;n la final y los apaleados el 3&ordm; y 4&ordm; puesto. Estos valientes se jugar&aacute;n el todo por el todo para acceder a los ansiados trofeos, que se detallan a continuaci&oacute;n</p>\r\n<ul>\r\n<li>Para el 3&ordm; clasificado, pero no por ello menos importante, le corresponden 40.000 monedas de oro y el jugador Rata</li>\r\n<li>Para el 2&ordm; clasificado, el que fall&oacute; en el &uacute;ltimo momento, le corresponden 60.000 monedas de oro y el jugador Sapo</li>\r\n<li>Para el 1&ordm; clasificado, nervios de acero hasta el final, le corresponden 80.000 monedas de oro y el jugador Nurglete</li>\r\n</ul>\r\n<p>Los jugadores que se entregan con los premios no podr&aacute;n coger el bal&oacute;n, debido a su peque&ntilde;o tama&ntilde;o. No ocupar&aacute;n espacio en la ficha de equipo, dado que jugar&aacute;n con el n&uacute;mero 17. Debido a que han sido encontrados en las inmundas cloacas radioactivas que desembocan en nuestra querida Ria de Nurgle, las mutaciones producidas por a&ntilde;os de vertidos radioactivos incontrolados les permiten ser \"inmortales\". Para conocer m&aacute;s detalles de dichas inmundicias, digo, jugadores, aqu&iacute; se muestran sus datos:</p>\r\n<table border=\"0\" cellspacing=\"5\" cellpadding=\"0\">\r\n<tbody>\r\n<tr>\r\n<th title=\"Posici&oacute;n\">Posici&oacute;n</th>\r\n<th title=\"Movimiento\">MO</th>\r\n<th title=\"Fuerza\">FU</th>\r\n<th title=\"Agilidad\">AG</th>\r\n<th title=\"Armadura\">AR</th>\r\n<th title=\"Habilidades\">Habilidades</th>\r\n<th title=\"Heridas\">Heridas</th>\r\n<th title=\"Pases Completos\">Comp</th>\r\n<th title=\"Touch Downs\">TD</th>\r\n<th title=\"Intercepciones\">Int</th>\r\n<th title=\"Bajas\">Cas</th>\r\n<th title=\"Mejor Jugador del Encuentro\">MJE</th>\r\n<th title=\"Puntos de Experiencia\">PE</th>\r\n</tr>\r\n<tr>\r\n<td>Rata</td>\r\n<td class=\"c\">5</td>\r\n<td class=\"c\">1</td>\r\n<td class=\"c\">3</td>\r\n<td class=\"c\">4</td>\r\n<td>Esquivar, escabullirse, <strong>perseguir</strong></td>\r\n<td class=\"c\">&nbsp;</td>\r\n<td class=\"c\">-</td>\r\n<td class=\"c\">-</td>\r\n<td class=\"c\">3</td>\r\n<td class=\"c\">-</td>\r\n<td class=\"c\">-</td>\r\n<td class=\"c\">6</td>\r\n</tr>\r\n<tr>\r\n<td>Sapo</td>\r\n<td class=\"c\">3</td>\r\n<td class=\"c\">1</td>\r\n<td class=\"c\">4</td>\r\n<td class=\"c\">4</td>\r\n<td>Esquivar, saltar, escabullirse, <strong>placaje m&uacute;ltiple</strong>, <strong>abrirse paso</strong></td>\r\n<td class=\"c\">&nbsp;</td>\r\n<td class=\"c\">-</td>\r\n<td class=\"c\">-</td>\r\n<td class=\"c\">-</td>\r\n<td class=\"c\">6</td>\r\n<td class=\"c\">-</td>\r\n<td class=\"c\">12</td>\r\n</tr>\r\n<tr>\r\n<td>Nurglete</td>\r\n<td class=\"c\">2</td>\r\n<td class=\"c\">2</td>\r\n<td class=\"c\">1</td>\r\n<td class=\"c\">6</td>\r\n<td>Apariencia asquerosa, regeneraci&oacute;n, <strong>tent&aacute;culos</strong>, <strong>aplastar</strong>, <strong>patada</strong></td>\r\n<td class=\"c\">&nbsp;</td>\r\n<td class=\"c\">-</td>\r\n<td class=\"c\">-</td>\r\n<td class=\"c\">-</td>\r\n<td class=\"c\">-</td>\r\n<td class=\"c\">5</td>\r\n<td class=\"c\">25</td>\r\n</tr>\r\n</tbody>\r\n</table>\r\n<p>Al final de cada liga, el equipo que tenga \"fichados\" a estos jugadores los ceder&aacute; a los campeones del trofeo que se haya disputado</p>\r\n<p>Por cierto, se me olvidaba, las reglas a seguir, si es que alguien las sigue (todos sabemos que esto es BloodBowl), son las de 4&ordf; edici&oacute;n. El que debe imponer la ley y el orden ser&aacute; el &aacute;rbitro del encuentro. En todos los encuentros tiene que haber uno, aunque sea para darle una paliza</p>\r\n<p>Me reservo el derecho de admisi&oacute;n a la web, y si a alguien le ofende mi lenguaje o algo de lo que haya escrito en esta web quiz&aacute; deber&iacute;a jugar m&aacute;s a las mu&ntilde;ecas y menos a BloodBowl</p>', 'bienvenidos-a-la-web-del-iv-trofeo-ria-de-nurgle', 6, 'private', 'post', 'closed', '1080_IMG-0642.jpg', '2018-02-20 12:51:01', NULL, '2008-09-28 23:59:37', '2018-02-28 15:53:06', NULL, 3, 1, NULL),
(2, 'Nueva funcionalidad de la web, estrenamos foro', '', 'Nueva funcionalidad de la web, estrenamos foro', '', '', '<p>Bueno, si os habeis fijado tenemos un nuevo link en la barra de arriba que nos lleva a la pagina del foro donde podreis comentar lo que querais. Eso si, tiene que ver con la liga.</p>\r\n<p>Si alguien tiene alguna pregunta sobre como usarlo, ya sabeis donde esta random.<img src=\"https://www.backupmachine.com/media/pics/marketing/apps/phpbb.png\" alt=\"phpBB\" width=\"420\" height=\"226\" /></p>', 'nueva-funcionalidad-de-la-web-estrenamos-foro', 5, 'published', 'post', 'closed', '', '0000-00-00 00:00:00', NULL, '2008-12-04 19:20:23', '2018-02-23 14:06:57', NULL, 3, 1, NULL),
(3, 'Dados nuevos para una liga nueva', '', 'Dados nuevos para una liga nueva', '', '', '<p>Buenas, primer post, este a parte de que es de prueba, tiene objetivo. He localizado en la Net una bonita tienda, m&aacute;s bien distribuidor, que fabrica dados de todas clases, colores, tama&ntilde;os y n&uacute;mero de caras. Estaba pensando en comprarme unos D6 grandes muy guapos de 2 colores, y ya que estoy quer&iacute;a saber si alguno de vosotros se apuntar&iacute;a para hacer un pedido m&aacute;s grande.</p>\r\n<p>Hay mucho donde elegir, as&iacute; que echad un vistazo y me contais: <a title=\"Distribuidor Chessex\" href=\"http://www.chessex.com/index.html\" target=\"_blank\">chessex</a></p>\r\n<p>Salu2</p>', 'dados-nuevos-para-una-liga-nueva', 4, 'published', 'post', 'closed', 'images_duckduckgo_com.jpg', '2018-02-23 13:19:42', NULL, '2008-12-03 23:59:27', '2018-02-23 14:19:42', NULL, 3, 1, NULL),
(4, 'Noticia freak, como no, de Star Wars', '', '', '', '', '<p>Por si alguien no lo sabe, en Madrid, en el Centro de Exposiciones Arte Canal, tienen la exposici&oacute;n de <a title=\"La exhibici&oacute;n, web oficial\" href=\"http://www.starwars-theexhibition.com/spain.html\" target=\"_blank\">Star Wars</a> con muchas cosas de las pelis originales. Tiene pinta de estar bien. Lleva abierto desde el 15 de noviembre, lo que no pone es hasta cuando lo estar&aacute;. Por lo pronto yo pienso ir este finde. Ya os contar&eacute;.</p>', 'noticia-freak,-como-no,-de-star-wars', 0, 'private', 'post', 'open', '', '0000-00-00 00:00:00', NULL, '2008-12-04 13:52:04', '2009-01-14 11:39:21', NULL, 3, NULL, NULL),
(5, 'Prueba', '', '', '', '', '<p>Prueba post</p>\r\n<p>Salu2</p>', 'prueba', 0, 'private', 'post', 'open', NULL, '0000-00-00 00:00:00', NULL, '2009-01-16 20:25:07', NULL, NULL, 3, NULL, NULL),
(6, 'Bienvenidos amantes del Bloodbowl', '', '', '', '', '<p>Esta tarde nos hemos congregado para anunciaros la puesta en marcha de la web con los datos de la nueva copa que vamos a disputar en nuestra querida comunidad Ria de Nurgle. Este post, m&aacute;s que nada, es para dar la bienvenida a aquellos equipos y entrenadores que a&uacute;n no nos conozcan y para recordar a aquellos que seguimos la evoluci&oacute;n de la web, que siempre estamos trabajando para mejorarla.</p>\r\n<p>Las cr&iacute;ticas constructivas ser&aacute;n bienvenidas y puestas en pr&aacute;ctica si son viables. Espero que disfrut&eacute;is us&aacute;ndola tanto como yo program&aacute;ndola. Un saludo del coder :)</p>', 'bienvenidos-amantes-del-bloodbowl', 0, 'published', 'post', 'open', NULL, '0000-00-00 00:00:00', NULL, '2008-09-24 18:33:14', NULL, NULL, 3, NULL, NULL),
(7, 'Los equipos del IV Trofeo actualizados', '', 'Los equipos del IV Trofeo actualizados', '', '', '<p>Debido a que posiblemente varias personas que disputaron el IV Trofeo Ria de Nurgle querr&aacute;n utilizar su viejo equipo para jugar el V Trofeo, se han actualizado los equipos con sus&nbsp; costes totales en la ficha de equipo. Estas modificaciones las podr&eacute;is ver acudiendo a esta <a title=\"Entrenadores\" href=\"torneos/iv-trofeo/equipos\">p&aacute;gina</a>. Si ten&eacute;is alguna duda con ello, pod&eacute;is visitar el foro y dejar vuestras inquietudes escritas. Salu2</p>', 'los-equipos-del-iv-trofeo-actualizados', 0, 'published', 'post', 'closed', NULL, '0000-00-00 00:00:00', NULL, '2009-02-07 18:54:00', '2018-02-16 14:24:55', NULL, 3, 1, NULL),
(8, 'Nueva secci&oacute;n: Fotos', '', '', '', '', '<p>Buenas, amantes del Bloodbowl. Como l&oacute;gico, hemos dado el siguiente paso y as&iacute; se siguen sumando contenidos a la web: nos hemos vuelto gr&aacute;ficos, y para ello son necesarias todas las aportaciones que quer&aacute;is brindar, ya que es en beneficio del blood. Las fotos que quer&aacute;is colgar pod&eacute;is envi&aacute;rmelas a m&iacute; de momento, yo las colgar&eacute;.</p>\r\n<p>Por cierto, pod&eacute;is ir pensando en hacerle una foto a vuestro equipo, ya que es otro tema que tengo en mente. As&iacute; podremos ver las obras de arte que ten&eacute;is por ah&iacute; escondidas ;)</p>', 'nueva-seccion-fotos', 0, 'published', 'post', 'open', NULL, '0000-00-00 00:00:00', NULL, '2009-02-23 20:24:34', NULL, NULL, 3, NULL, NULL),
(10, 'Elfos Pro vs Elfos Oscuros', '', 'Elfos Pro vs Elfos Oscuros', '', '', '<p>Fue un d&iacute;a de desesperanza, los elfos oscuros no supieron hacer frente a la amenaza de sus hermanos</p>', 'elfos-pro-vs-elfos-oscuros', 1, 'published', 'photo', 'closed', '1080_trey-ratcliff-road-to-mountain-forever.jpg', '2018-02-19 17:08:35', 6, '2009-02-23 20:34:50', '2018-02-19 18:08:35', NULL, 3, 1, NULL),
(11, 'Orkos vs Humi 1', '', 'Orkos vs Humi 1', '', '', '<p>Un partido que no tuve el honor de ver, pero parece interesante</p>', 'orkos-vs-humi-1', 0, 'published', 'photo', 'closed', '1080_on-the-road.jpg', '2018-02-20 12:34:48', 12, '2009-02-23 20:38:40', '2018-02-20 13:34:48', NULL, 3, 1, NULL),
(12, 'Orkos vs Humi 2', '', '', '', '', '<p>Otra foto de este partido, que ya descubrir&eacute; qui&eacute;n disputaba</p>', 'orkos-vs-humi-2', 1, 'published', 'photo', 'open', '09022009444.jpg', '2009-02-09 18:24:36', 12, '2009-02-23 20:39:44', NULL, NULL, 3, NULL, NULL),
(13, 'Goblinz vs Shakuras', '', '', '', '', '<p>&iquest;Eso no son skavens? Bueno, lo que importa es que no corran mucho...</p>', 'goblinz-vs-shakuras', 1, 'published', 'photo', 'open', '26022009466_28022009_191236.jpg', '2009-02-26 19:25:36', 11, '2009-02-28 19:12:14', NULL, NULL, 3, NULL, NULL),
(14, 'Goblinz vs Shakuras 2', '', '', '', '', '<p>Los goblinz haciendo su juego</p>', 'goblinz-vs-shakuras-2', 2, 'published', 'photo', 'open', '26022009468_28022009_191425.jpg', '2009-02-26 20:13:36', 11, '2009-02-28 19:14:02', NULL, NULL, 3, NULL, NULL),
(15, 'Otra secci&oacute;n m&aacute;s', '', '', '', '', '<p>Debido a las peticiones del p&uacute;blico he a&ntilde;adido otra secci&oacute;n llamada &quot;Entrenadores&quot; que pod&eacute;is ver en el men&uacute; principal. Desde ella podr&eacute;is acceder a vuestros equipos haciendo clic en vuestro nombre. Tambi&eacute;n para que no quedara muy desaprovechada la p&aacute;gina he implementado una especie de palmar&eacute;s de cada entrenador para saber c&oacute;mo ha quedado en cada torneo. Espero que os guste la idea y os resulte &uacute;til este a&ntilde;adido.</p>\r\n<p>Como siempre, si ten&eacute;is alguna sugerencia, hac&eacute;dmela saber. Si es posible se har&aacute;. Salu2</p>', 'otra-seccion-mas', 3, 'published', 'post', 'open', NULL, '0000-00-00 00:00:00', NULL, '2009-03-05 16:56:43', NULL, NULL, 3, NULL, NULL),
(16, 'El goblin volador', '', '', '', '', '<p>Sin comentarios ;)</p>', 'el-goblin-volador', 0, 'published', 'photo', 'open', '26022009469_15032009_142036.jpg', '2009-02-26 20:40:36', NULL, '2009-03-15 14:20:13', NULL, NULL, 3, NULL, NULL),
(17, 'Bonito banquillo', '', '', '', '', '<p>El banquillo de los goblins. Despu&eacute;s de un par de patadas se va llenando de estrellas...</p>', 'bonito-banquillo', 0, 'published', 'photo', 'open', '26022009471_15032009_142227.jpg', '2009-02-26 21:31:36', NULL, '2009-03-15 14:22:05', NULL, NULL, 3, NULL, NULL),
(18, 'Cambios en la web', '', '', '', '', '<p>Buenas, debido al mantenimiento y a los cambios que estamos realizando y que mejorar&aacute;n el desempe&ntilde;o de la web, quedan temporalmente desactivadas las caracter&iacute;sticas de los trofeos. Mientras tanto, ten&eacute;is el foro para poder comentar lo que cre&aacute;is conveniente.</p>\r\n<p>Salu2</p>', 'cambios-en-la-web', 1, 'published', 'post', 'open', NULL, '0000-00-00 00:00:00', NULL, '2009-03-17 14:38:41', NULL, NULL, 3, NULL, NULL),
(19, 'Teníamos que volver', '', '', '', '', '<p>Buenas noticias, ya est&aacute; levantada la parte de la web que permit&iacute;a ver los datos de los torneos, ahora me quedar&aacute; la parte de gesti&oacute;n, espero que random tenga paciencia porque lleva algo m&aacute;s de tiempo pero eso a los dem&aacute;s no os afecta. Recordatorio: si veis alg&uacute;n error en los datos o alg&uacute;n fallo en la web, ya sab&eacute;is a qui&eacute;n dirigiros.</p>\r\n<p>Salu2</p>', 'teniamos-que-volver', 1, 'published', 'post', 'open', NULL, '0000-00-00 00:00:00', NULL, '2009-04-08 11:58:33', NULL, NULL, 3, NULL, NULL),
(20, 'Todo operativo', '', '', '', '', '<p>Bueno, despu&eacute;s de unos d&iacute;as de trabajo, ya se ha actualizado la parte funcional y los datos de los equipos del V trofeo. Espero que todo est&eacute; correcto, cercioraros por si acaso, que se supone que lo que se puede ver en la web es lo que vale luego.</p>\r\n<p>A pesar de que los cambios hechos&nbsp;a vosotros&nbsp;os resulten&nbsp;transparentes, ya que la web luce y funciona igual que antes, os dir&eacute; para vuestra informaci&oacute;n que se ha estructurado la bbdd para que los datos est&eacute;n mejor ordenados que antes y m&aacute;s centralizados, lo que permite que las consultas se ejecuten m&aacute;s r&aacute;pido y muestren m&aacute;s r&aacute;pido la informaci&oacute;n. Adem&aacute;s al eliminar las dependencias de equipos y entrenadores a los trofeos, ahora es posible cambiar los equipos de entrenador y tambi&eacute;n usar un equipo en varios trofeos teniendo los datos de cada trofeo almacenados por separado, pudiendo consultar todos los datos del equipo durante su trayectoria.</p>\r\n<p>Con af&aacute;n de mejorar seguiremos incluyendo cosillas m&aacute;s o menos &uacute;tiles que os ir&eacute; comentando por aqu&iacute;, y ya sab&eacute;is, si teneis alguna sugerencia hac&eacute;dmela saber. Saludos del coder</p>\r\n<p>PD: Dadle las gracias a Dani, que ha tenido mucha paciencia conmigo y ha actualizado 3 jornadas del V trofeo en un d&iacute;a para que todos podamos consultar los datos luego en unos segundos</p>', 'todo-operativo', 1, 'published', 'post', 'open', NULL, '0000-00-00 00:00:00', NULL, '2009-05-09 20:36:33', NULL, NULL, 3, NULL, NULL),
(21, 'Nueva funcionalidad', '', '', '', '', '<p>Desde hace unos minutos que actualic&eacute; la web, ya se pueden ver e imprimir las hojas de equipo. Simplemente vais a la secci&oacute;n de entrenadores, seleccion&aacute;is vuestro equipo y os aparecer&aacute; la opci&oacute;n &quot;vista impresi&oacute;n&quot; en la parte de arriba donde podr&eacute;is ver la hoja de equipo lista para imprimir. Espero que os sea &uacute;til.</p>\r\n<p>&nbsp;</p>\r\n<p>SAlu2</p>', 'nueva-funcionalidad', 0, 'published', 'post', 'open', NULL, '0000-00-00 00:00:00', NULL, '2009-05-14 00:50:17', NULL, NULL, 3, NULL, NULL),
(22, 'Los nuevos halls', '', '', '', '', '<p>Buenas, estoy que lo tiro, no os quejareis de que no incluimos cosas nuevas en la web eh? Ya pod&eacute;is consultar en el men&uacute; general las nuevas opciones &quot;Hall of fame&quot; y &quot;Hall of death&quot;, para los mejores jugadores de la comunidad y para aquellos que se quedaron en el camino de serlo. Espero que os gusten los nuevos cambios.</p>\r\n<p>Salu2</p>', 'los-nuevos-halls', 0, 'published', 'post', 'open', NULL, '0000-00-00 00:00:00', NULL, '2009-05-14 22:34:04', NULL, NULL, 3, NULL, NULL),
(23, 'Jairo Vs Random', '', '', '', '', '<p>El hombre del partido.</p>', 'jairo-vs-random', 0, 'published', 'photo', 'open', 'Jairo vs Random_05092009_183334.jpg', '2017-09-20 16:14:46', 26, '2009-09-05 18:33:14', NULL, NULL, 2, NULL, NULL),
(24, 'Se acaban las vacaciones', '', 'Se acaban las vacaciones', '', '', '<p>Buenas,</p>\r\n<p>Como sab&eacute;is llega el final del verano, y con &eacute;l el final del V Trofeo (del cual se est&aacute;n disputando ahora los playoff) y como somos muy jugones ya hemos pensado qu&eacute; va a ser lo siguiente: La Copa Caos Ria de Nurgle. As&iacute; que ya pod&eacute;is ir pensando con qu&eacute; equipos jugar&eacute;is y esas cosas. El d&iacute;a que empiece el plazo de entrega de equipos os lo recordar&eacute; por aqu&iacute;. Ten&eacute;is m&aacute;s info <a title=\"Copa caos\" href=\"torneos/copa-caos\">aqu&iacute;</a></p>\r\n<p>Salu2 y feliz fin de vacaciones, aquellos que las tengan, yo tengo que ponerme a programar para que funcione todo esto...</p>', 'se-acaban-las-vacaciones', 0, 'published', 'post', 'closed', NULL, '0000-00-00 00:00:00', NULL, '2009-09-07 17:45:03', '2018-02-16 14:26:56', NULL, 3, 1, NULL),
(25, 'Recordad, recordad el 26 de septiembre', '', '', '', '', '<p>Ya que es el d&iacute;a que se har&aacute; el sorteo de la Copa Caos, donde se decidir&aacute; el grupo en el que participar&aacute; cada entrenador. As&iacute; que si pod&eacute;is pasaros por delante de la Casa de Cultura sobre las 17:30h mejor que mejor. Suerte a todos</p>', 'recordad-recordad-el-26-de-septiembre', 0, 'published', 'post', 'open', NULL, '0000-00-00 00:00:00', NULL, '2009-09-21 10:07:39', NULL, NULL, 3, NULL, NULL),
(26, 'El Comedor de Gublins...jajaja', '', '', '', '', '<p>Tras un intento fallido de un lanzamiento de goblin en el partido contra los Killz, el troll que hasta entonces no habia echo nada al derecho y sentia hambre se zampo a uno de sus compa&ntilde;eros...inesperado?.</p>', 'el-comedor-de-gublinsjajaja', 0, 'closed', 'photo', 'closed', 'P241109_21_25112009_220400.530001', '0000-00-00 00:00:00', NULL, '2009-11-25 22:03:36', '2009-11-25 22:36:24', NULL, 2, NULL, NULL),
(29, 'Play-Off Copa Caos', '', 'Play-Off Copa Caos', '', '', '<p>Alex, ya ha habilitado un boton de playoffs, ahi podreis mirar los resultados y demas...</p>\r\n<p>Edit: <a title=\"Play-off\" href=\"torneos/copa-caos/playoffs\">Play-off</a></p>\r\n<p>&nbsp;</p>', 'play-off-copa-caos', 0, 'published', 'post', 'closed', NULL, '0000-00-00 00:00:00', NULL, '2009-11-25 22:16:08', '2018-02-16 14:19:35', NULL, 2, 1, NULL),
(30, 'Cronica partido Speed vs Kilss', '', '', '', '', '<p>Prueba de cronica del encuentro.</p>', 'cronica-speed-vs-kilss', 0, 'published', 'chronicle', 'open', NULL, '0000-00-00 00:00:00', 45, '2017-09-27 11:38:31', '2017-11-07 09:44:08', NULL, 3, 1, NULL),
(31, 'Highcharts Demo', '', 'Highcharts Demo', '', '', '<p>adasdssssdsas</p>', 'highcharts-demo', 0, 'private', 'post', 'open', NULL, '0000-00-00 00:00:00', NULL, '2017-10-11 09:57:26', '2017-10-11 10:17:43', '2017-10-11 10:25:03', 1, 1, 1),
(32, 'Prueba', '', 'Prueba', '', '', '', 'prueba', 0, 'published', 'photo', 'open', '1080_trey-ratcliff-road-to-mountain-forever1.jpg', '2018-03-01 08:39:17', 45, '2018-03-01 09:39:17', NULL, NULL, 1, NULL, NULL),
(33, 'Nivel', '', 'Nivel', 'Nivel', 'Nivel', '', 'nivel', 0, 'published', 'photo', 'open', '1080_C21T0861.jpg', '2018-03-01 08:49:20', 45, '2018-03-01 09:49:21', NULL, NULL, 1, NULL, NULL);

-- --------------------------------------------------------

--
-- Estructura de tabla para la tabla `races`
--

CREATE TABLE `races` (
  `id` int(11) NOT NULL,
  `name` varchar(40) NOT NULL,
  `permalink` varchar(40) NOT NULL,
  `reroll_cost` int(10) UNSIGNED NOT NULL,
  `description` varchar(200) DEFAULT NULL,
  `coat_arms` varchar(50) DEFAULT NULL,
  `apothecary` tinyint(1) NOT NULL DEFAULT '1',
  `created_at` datetime DEFAULT NULL,
  `updated_at` datetime DEFAULT NULL,
  `deleted_at` datetime DEFAULT NULL,
  `created_by` int(11) DEFAULT NULL,
  `updated_by` int(11) DEFAULT NULL,
  `deleted_by` int(11) DEFAULT NULL
) ENGINE=InnoDB DEFAULT CHARSET=utf8 ROW_FORMAT=DYNAMIC;

--
-- Volcado de datos para la tabla `races`
--

INSERT INTO `races` (`id`, `name`, `permalink`, `reroll_cost`, `description`, `coat_arms`, `apothecary`, `created_at`, `updated_at`, `deleted_at`, `created_by`, `updated_by`, `deleted_by`) VALUES
(1, 'Altos Elfos', 'high-elves', 50000, '', 'altos_elfos', 1, '2008-12-03 00:00:00', '2017-11-06 11:19:48', NULL, NULL, 1, NULL),
(2, 'Amazonas', 'amazon', 50000, '', 'amazonas', 1, '2008-12-03 00:00:00', NULL, NULL, NULL, NULL, NULL),
(3, 'Caos', 'chaos', 60000, '', 'caos', 1, '2008-12-03 00:00:00', NULL, NULL, NULL, NULL, NULL),
(4, 'Elfos Oscuros', 'dark-elves', 50000, '', 'elfos_oscuros', 1, '2008-12-03 00:00:00', NULL, NULL, NULL, NULL, NULL),
(5, 'Elfos Silvanos', 'wood-elves', 50000, '', 'elfos_silvanos', 1, '2008-12-03 00:00:00', NULL, NULL, NULL, NULL, NULL),
(6, 'Enanos', 'dwarfs', 40000, '', 'enanos', 1, '2008-12-03 00:00:00', NULL, NULL, NULL, NULL, NULL),
(7, 'Enanos del Caos', 'chaos-dwarfs', 70000, '', 'enanos_caos', 1, '2008-12-03 00:00:00', NULL, NULL, NULL, NULL, NULL),
(8, 'Goblins', 'goblins', 60000, 'Los costes de soborno al arbitro cuestan 50.000mo', 'goblins', 1, '2008-12-03 00:00:00', NULL, NULL, NULL, NULL, NULL),
(9, 'Halflings', 'halflings', 60000, '', 'halflings', 1, '2008-12-03 00:00:00', NULL, NULL, NULL, NULL, NULL),
(10, 'Hombres Lagarto', 'lizardmen', 60000, '', 'hombres_lagarto', 1, '2008-12-03 00:00:00', NULL, NULL, NULL, NULL, NULL),
(11, 'Humanos', 'humans', 50000, '', 'humanos', 1, '2008-12-03 00:00:00', NULL, NULL, NULL, NULL, NULL),
(12, 'No Muertos', 'undead', 70000, 'No pueden incluir un apotecario, ya que todos los jugadores integrantes del equipo ya estan muertos', 'no_muertos', 0, '2008-12-03 00:00:00', NULL, NULL, NULL, NULL, NULL),
(13, 'Orcos', 'orcs', 60000, '', 'orcos', 1, '2008-12-03 00:00:00', NULL, NULL, NULL, NULL, NULL),
(14, 'Skavens', 'skavens', 60000, '', 'skavens', 1, '2008-12-03 00:00:00', NULL, NULL, NULL, NULL, NULL),
(15, 'Nórdicos', 'norse', 60000, '', 'nordicos', 1, '2008-12-03 00:00:00', NULL, NULL, NULL, NULL, NULL),
(16, 'Khemri', 'khemri', 70000, 'No pueden incluir un apotecario, ya que todos los jugadores integrantes del equipo ya estan muertos', 'khemri', 0, '2008-12-03 00:00:00', NULL, NULL, NULL, NULL, NULL),
(17, 'Ogros', 'ogres', 70000, '', 'ogros', 1, '2008-12-03 00:00:00', NULL, NULL, NULL, NULL, NULL),
(18, 'Nurgle', 'nurgle', 70000, 'Los equipos de Nurgle no pueden incluir apotecarios por razones obvias. Pueden incluir entrenadores o hechiceros del Caos', 'nurgle', 0, '2008-12-03 00:00:00', '2017-11-06 11:44:37', NULL, NULL, 1, NULL),
(19, 'Elfos', 'elves', 50000, '', 'elfos', 1, '2008-12-03 00:00:00', NULL, NULL, NULL, NULL, NULL),
(20, 'Nigrománticos', 'necromantic', 70000, 'No pueden incluir un apotecario, ya que todos los jugadores integrantes del equipo ya estan muertos', 'nigromantes', 0, '2008-12-03 00:00:00', NULL, NULL, NULL, NULL, NULL),
(21, 'Condes Vampiro', 'vampires', 70000, '', 'vampiros', 1, '2008-12-03 00:00:00', NULL, NULL, NULL, NULL, NULL),
(22, 'Pacto del Caos', 'chaos-pact', 70000, '', 'pacto_caos', 1, '2008-12-03 00:00:00', NULL, NULL, NULL, NULL, NULL),
(23, 'Slann', 'slann', 50000, NULL, 'slann', 1, '2008-12-03 00:00:00', NULL, NULL, NULL, NULL, NULL),
(24, 'Underworld', 'underworld', 70000, 'Los costes de los sobornos al arbitro cuestan 50.000mo', 'underworld', 1, '2008-12-03 00:00:00', NULL, NULL, NULL, NULL, NULL);

-- --------------------------------------------------------

--
-- Estructura de tabla para la tabla `skills`
--

CREATE TABLE `skills` (
  `id` int(11) NOT NULL,
  `name_es` varchar(200) NOT NULL,
  `name_en` varchar(200) NOT NULL,
  `type` enum('general','agility','passing','strength','mutation','extraordinary') NOT NULL,
  `description` text NOT NULL
) ENGINE=MyISAM DEFAULT CHARSET=utf8 ROW_FORMAT=DYNAMIC;

--
-- Volcado de datos para la tabla `skills`
--

INSERT INTO `skills` (`id`, `name_es`, `name_en`, `type`, `description`) VALUES
(1, 'Abrirse Paso', 'Break Tackle', 'strength', 'El jugador puede utilizar su Fuerza en vez de su Agilidad cuando realiza una tirada de Esquivar. Por ejemplo, un jugador con Fuerza 4 y Agilidad 2, al realizar una tirada de esquivar utilizaría un valor de Agilidad 4. Esta habilidad sólo puede ser utilizada una vez por turno.'),
(2, 'Agallas', 'Dauntless', 'general', 'Un jugador con esta habilidad es capaz de convencerse de que puede enfrentarse al más fuerte de los adversarios. Esta habilidad sólo funciona cuándo el jugador intenta placar a un jugador contrario más fuerte que él. Al utilizar esta habilidad, el entrenador del jugador con la habilidad Agallas tira un D6 y suma su Fuerza. Si el resultado de la tirada es inferior o igual a la Fuerza del contrario, el jugador con Agallas tendrá que utilizar su Fuerza normal en el Placaje. Si el total es mayor que el atributo de Fuerza del contrario, la Fuerza del jugador con Agallas se considerará igual a la del contrario en ese Placaje. La fuerza de ambos jugadores se calcula antes de aplicar cualquier modificador por apoyos defensivos u ofensivos pero después de todos los demás modificadores.'),
(3, 'Agilidad Felina', 'Right Stuff', 'extraordinary', 'Un jugador con esta habilidad puede ser lanzado por un jugador de su equipo que tenga la habilidad Lanzar Compañero de Equipo. Mira la habilidad Lanzar Compañero de Equipo más adelante para obtener detalles sobre cómo se lanza a un jugador. Cuándo un jugador con esta habilidad es lanzado o resulta “Balón Perdido” y termina en una casilla vacía, deberá realizar una tirada de aterrizaje. Una tirada de aterrizaje es una tirada de Agilidad con un -1 por cada zona de defensa contraria que afecte a la casilla en la que intenta aterrizar. Si supera la tirada aterriza sobre sus pies. Si falla la tirada o aterriza sobre otro jugador durante el lanzamiento, se coloca Tumbado y se realiza una tirada contra Armadura, para ver si resulta herido. Si el jugador no resulta herido durante el aterrizaje, podrá realizar una Acción en el turno si no ha realizado ninguna todavía. Una tirada de aterrizaje fallida o aterrizar en el público no causa cambio de turno, a menos que el jugador tuviese el balón en su poder.'),
(4, 'Animal Salvaje', 'Wild Animal', 'extraordinary', 'Los animales salvajes son criaturas incontrolables que rara vez hacen lo que el entrenador les pide. De hecho, de lo único que puedes estar seguro que harán es sacudir a los jugadores contrarios que se acerquen mucho a ellos. Para representar esto, cuándo declares una acción con un Animal Salvaje, tira 1D6, añadiendo 2 a la tirada si es una Acción de Placaje o Penetración. Con un resultado de 1 a 3, el animal salvaje permanecerá donde está, rugirá de rabia y la acción se perderá.'),
(5, 'Anticiparse', 'Kick-Off Return', 'general', 'Un jugador del equipo receptor que no se encuentre en la Línea de Defensa, puede emplear esta habilidad en la Patada inicial. Permite al jugador moverse hasta 3 casillas después de que el balón se desvíe pero antes de tirar en la Tabla de Patada Inicial. Solo un jugador puede emplear esta habilidad por Patada inicial. Esta habilidad no puede emplearse en caso de Touchback y no permite al jugador cruzar a la mitad del campo contraria.'),
(6, 'Apariencia Asquerosa', 'Foul Appearance', 'mutation', 'El aspecto físico del jugador es tan horrible que cualquier jugador que quiera placarle (o utilizar un ataque especial en lugar del placaje) deberá obtener previamente un resultado de 2 o más en 1D6. Si el resultado obtenido es un 1, su estómago estará demasiado revuelto como para intentar el placaje y perderá el mismo (aunque su equipo no sufrirá un cambio de turno).'),
(7, 'Apartar', 'Grab', 'strength', 'Un jugador con esta habilidad usa su increíble fuerza y destreza para agarrar a sus oponentes y apartarlos. Para representar esto, cuándo realice una Acción de Placaje y su oponente sea empujado, el jugador podrá elegir la casilla a la que se desplazará de entre cualquiera de las casillas vacías adyacentes a su oponente. Al realizar una Acción de Placaje o Penetración, Apartar y Echarse a un Lado se cancelan mutuamente y se emplean las reglas normales para empujar. Apartar no funciona si no hay casillas vacías adyacentes. Un jugador con la habilidad Apartar jamás puede aprender o ganar la habilidad Furia. De igual modo, un jugador con la habilidad Furia jamás puede aprender o ganar la habilidad Apartar.'),
(8, 'Aplastar', 'Piling On', 'strength', 'El jugador puede usar esta habilidad tras realizar un placaje como parte de una Acción de Placaje o Penetración, pero sólo si el jugador que aplasta se encuentra de pie adyacente a la víctima y ésta resultó derribada. Puedes repetir la tirada de Armadura o Heridas de la víctima. El jugador que aplastó se coloca tumbado sobre su casilla; se supone que rueda hacia atrás tras aplastar a su oponente (no realices tirada alguna de Armadura por él, ya que el otro jugador habrá amortiguado su caída). Si el jugador ha empujado a su oponente antes de derribarlo, entonces deberá seguir al jugador antes de usar la habilidad. Aplastar no causa cambio de turno mientras el jugador que lo realice no tenga el balón.'),
(9, 'Arma Secreta', 'Secret Weapon', 'extraordinary', 'Algunos jugadores están armados con equipo especial denominado \"armas secretas\". Aunque las reglas de Blood Bowl prohíben específicamente el uso de cualquier arma, el juego tiene una larga historia de equipos que han intentado emplear armas de algún tipo. Sin embargo, el uso de armas secretas es claramente ilegal, y los árbitros tienen la desagradable costumbre de expulsar a los jugadores que las utilizan. Una vez termine una entrada en la que el jugador haya participado en cualquier momento, el árbitro ordena que sea expulsado a la mazmorra para que se una a los jugadores a los que cogieron haciendo faltas durante el partido sin importar que el jugador estuviese todavía en el campo o no.'),
(10, 'Atrapar', 'Catch', 'agility', 'Un jugador con la habilidad Atrapar puede repetir la tirada para atrapar el balón si ha fallado la primera. También permite al jugador repetir la tirada si el balón cae al entregarlo a la mano o no consigue interceptar.'),
(11, 'Bloquear Pase', 'Pass Block', 'general', 'Un jugador con esta habilidad podrá mover hasta tres casillas cuándo un jugador del equipo contrario vaya a efectuar un pase. Este movimiento tiene lugar fuera de la secuencia normal de juego, después de calcular la distancia del pase, pero antes de resolver los intentos de intercepción. El entrenador declara la ruta completa que realizará el jugador que debe terminar en una casilla legal que permita Bloquear el Pase. Una casilla legal que permita Bloquear Pase es aquélla que permite al jugador colocarse en una posición adecuada para intentar la intercepción, o la casilla vacía a la cual se dirige el pase, o que el lanzador o el receptor queden dentro de su zona de defensa. El jugador no podrá dejar de moverse por la ruta exacta que declaró hasta que llegue a la última casilla, sea atrapado por unos Tentáculos, sea Derribado, o haya llegado a una casilla legal que permita Bloquear el Pase. El entrenador contrario no podrá cambiar de idea después de que el jugador que tiene esta habilidad haya efectuado su movimiento. Este movimiento especial es gratuito, y no afecta en absoluto la habilidad del jugador para moverse en el siguiente turno. Excepto por lo ya mencionado, el movimiento está sujeto a las reglas y habilidades habituales de movimiento y el jugador deberá esquivar a los jugadores contrarios para poder salir de sus zonas de defensa.'),
(12, 'Bola con Cadena', 'Ball & Chain', 'extraordinary', 'Los jugadores armados con una Bola con Cadena sólo pueden realizar acciones de Movimiento. Para moverse o ir A Por Ellos, coloca la plantilla de devolución del balón sobre el jugador apuntando a la parte inferior o superior del campo o hacia cualquiera de las dos bandas. Después tira un D6 y mueve al jugador a la casilla indicada; no será necesario esquivar al salir de una zona de defensa. Si el jugador acaba fuera del campo, será atacado por el público como cuándo se empuja a un jugador fuera del campo. Repite este proceso hasta que el jugador se quede sin movimiento (puedes ir A Por Ellos si así lo deseas). Si durante su Acción de movimiento el jugador entra en una casilla ocupada por un jugador contrario o aliado, el jugador realizará un placaje (¡incluso si tienen Apariencia Asquerosa!). Los jugadores Tumbados o Aturdidos son empujados y se realizará una tirada de Armadura para ver si resultan heridos, en lugar de realizar un placaje contra ellos. Si empuja a otro jugador, deberá ocupar la casilla que éste dejó y seguir con su movimiento como ya se ha descrito. Si el jugador con la Bola con Cadena resulta Derribado o queda Tumbado tira inmediatamente para heridas (no se requerirá tirada de Armadura). Los resultados de Aturdido en la tirada de Heridas se considerarán Inconscientes. Un jugador con Bola con Cadena puede utilizar la habilidad Apartar (como si realizase una Acción de Placar) cuándo realiza un placaje (¡si es que la ha aprendido!). Un jugador con Bola con Cadena jamás puede utilizar las habilidades Placaje Heroico, Furia, Anticiparse, Saltar, Bloquear Pase o Perseguir.'),
(13, 'Bombardero', 'Bombardier', 'extraordinary', 'Un entrenador puede decidir que un Bombardero, que no se encuentre Tumbado o Aturdido, lance una bomba en vez de efectuar cualquier otra Acción. No cuenta como la Acción de Pase del equipo. La bomba se lanza siguiendo el mismo procedimiento que para lanzar el balón (incluido el efecto del Tiempo), a excepción de que el jugador no podrá moverse ni ponerse de pie antes de lanzar la bomba (¡necesita tiempo para prender la mecha!). Los pases interceptados con la bomba no causan cambio de turno. Los pases perdidos o cualquier explosión que lleven a un jugador del equipo activo a ser derribado se consideran cambio de turno. Todas las habilidades que pueden emplearse cuándo se pasa el balón pueden emplearse cuándo se lanza una bomba. La bomba puede ser interceptada o atrapada, empleando las mismas reglas que al atrapar el balón en cuyo caso, el jugador que la ha atrapado tiene que lanzarla inmediatamente. Esta es una acción adicional que tiene lugar fuera de la secuencia normal de juego. Un jugador que tenga el balón puede intentar atrapar o interceptar y lanzar una bomba. La bomba explota cuándo aterriza en una casilla vacía o se falla o se declina el intentar atraparla (las bombas no “rebotan”). Si la bomba resulta “balón perdido” explotará en la casilla del lanzador. Si la bomba cae en el público explotará sin efecto alguno. Cuándo la bomba por fin explota, cualquier jugador en la misma casilla que la bomba resulta Derribado y los jugadores de casillas adyacentes serán Derribados con un resultado de 4+. Los jugadores pueden resultar alcanzados por una bomba incluso si ya se encontraban Tumbados o Aturdidos y deberán ser tratados como si los acabasen de Derribar igualmente. Realiza tiradas de Armadura y Heridas por los jugadores a los que Derribó la bomba. Las lesiones causadas por una bomba no otorgan puntos de estrellato.'),
(14, 'Brazos Adicionales', 'Extra Arms', 'mutation', 'Un jugador con uno o más brazos adicionales puede sumar 1 a todos los resultados de sus tiradas para atrapar el balón, recogerlo del suelo o interceptar.'),
(15, 'Brazo Fuerte', 'Strong Arm', 'strength', 'El jugador puede sumar 1 al resultado del D6 cuándo realiza un Pase Corto, Pase Largo o Bomba Larga.'),
(16, 'Cabeza Dura', 'Thick Skull', 'strength', 'Este jugador trata las tiradas de 8 en la Tabla de heridas, después de que se hayan aplicado los modificadores, como un resultado de Aturdido en lugar de Inconsciente. Esta habilidad puede utilizarse incluso si el jugador está Tumbado o Aturdido.'),
(17, 'Cabeza Hueca', 'Bone-head', 'extraordinary', 'El jugador no sobresale por su inteligencia. Por ello, se debe tirar 1D6 después de declarar la acción que realizará el jugador, pero antes de realizarla. Con un resultado de 1 el jugador se quedará parado sin hacer nada, intentando recordar qué debía hacer. El jugador no podrá hacer nada durante el resto del turno y el equipo de ese jugador perderá la acción declarada este turno. (Así, si un jugador con Cabeza Hueca declara un movimiento de Penetración y saca un 1, el equipo no podrá declarar otra Penetración este turno). El jugador pierde su zona de defensa y no podrá atrapar el balón, asistir a ningún jugador en una falta o placaje, o moverse voluntariamente hasta que consiga obtener 2+ al principio de una acción futura o hasta que termine la entrada.'),
(18, 'Canijo', 'Titchy', 'extraordinary', 'Los jugadores canijos tienden a ser incluso más pequeños y enclenques que los jugadores Escurridizos. Para representar esto, el jugador puede añadir 1 a las tiradas de Esquivar que intente. Por otro lado, aunque los contrarios tienen que seguir esquivando para salir de las zonas de defensa de los jugadores canijos, son tan pequeños que no ejercen el modificador de -1 cuándo un contrario esquiva a cualquiera de sus zonas de defensa.'),
(19, 'Carrera', 'Sprint', 'agility', 'El jugador puede intentar moverse hasta tres casillas adicionales en vez de las dos habituales al realizar un movimiento de “A por Ellos” (ver página 20). Tendrá que efectuar la tirada para determinar si cae en cada casilla adicional a la que entre.'),
(20, 'Cola Prensil', 'Prehensile Tail', 'mutation', 'El jugador tiene una cola larga y gruesa que puede utilizar para zancadillear a los jugadores adversarios. Para representar esto, los jugadores adversarios deberán restar 1 al D6 cuándo estén intentando esquivar al jugador para salir de su zona de defensa.'),
(21, 'Cuernos', 'Horns', 'mutation', 'Un jugador con cuernos puede utilizarlos para golpear a los jugadores adversarios. Esto le permite sumar 1 a su Fuerza al llevar a cabo un Placaje. Sin embargo, el jugador sólo puede utilizar esta habilidad mientras esté efectuando una Acción de Penetración y si al menos ha movido una casilla antes de efectuar el Placaje (¡no cuenta levantarse al inicio de su acción!). Si el jugador tiene la habilidad Furia, entonces el modificador se aplica en el segundo placaje si se ha aplicado en el primero.'),
(22, 'Defensa', 'Guard', 'strength', 'Un jugador con esta habilidad puede apoyar tanto en placajes que realicen sus compañeros como en aquellos que reciban sus compañeros, incluso si está en la zona de defensa de un jugador contrario. Esta habilidad no puede emplearse para apoyar una falta.'),
(23, 'Degenerar', 'Decay', 'extraordinary', 'Permanecer en el campo es difícil cuándo tu cuerpo está en descomposición y apenas se mantiene unido. Cuándo este jugador sufra un resultado de Lesión en la Tabla de heridas, tira dos veces en la Tabla de lesiones (ver página 27) y aplica ambos resultados. El jugador sólo se perderá un partido como resultado de sus lesiones, aunque obtenga dos resultados con este efecto.'),
(24, 'Dos Cabezas', 'Two Heads', 'mutation', 'Tener dos cabezas permite al jugador mirar hacia dónde va y, al mismo tiempo, a los oponentes que intentan impedírselo. Suma 1 a todas las tiradas para Esquivar llevadas a cabo por este jugador.'),
(25, 'Echarse a un Lado', 'Side Step', 'agility', 'Un jugador con esta habilidad es un experto en apartarse del camino de sus atacantes. Para representar esta habilidad, su entrenador puede elegir a qué casilla se retirará cuándo sea empujado, en lugar del entrenador contrario. Además, el entrenador puede elegir cualquier casilla adyacente al jugador, no tan sólo las tres casillas especificadas en el diagrama de desplazamiento. Ten en cuenta que el entrenador puede elegir la casilla a la que es empujado, incluso si el jugador es empujado y derribado.'),
(26, 'Echar Raíces', 'Take Root', 'extraordinary', 'Inmediatamente después de declarar una Acción con este jugador, tira un D6. Con un 2 o más el jugador podrá realizar la acción normalmente. Con un 1, el jugador “echa raíces” y su movimiento será considerado de 0 hasta que termine la entrada, quede tumbado o resulte derribado (y no, ¡no pueden intentar placarlo jugadores de su propio equipo para derribarlo!). Un jugador que haya Echado Raíces no puede Ir A Por Ellos, ser empujado por ninguna razón o utilizar cualquier habilidad que le permita moverse de la casilla en la que se encuentra o ser colocado tumbado. El jugador puede placar a jugadores adyacentes pero sin seguirlos como parte de una Acción de Placaje, pero si el jugador no supera la tirada de Echar Raíces y estaba realizando una Acción de Penetración no podrá placar ese turno (aunque podrá tirar para levantarse si estaba tumbado).'),
(27, 'En Pie de un Salto', 'Jump Up', 'agility', 'Un jugador con esta habilidad puede reincorporarse rápidamente al juego. Si el jugador declara cualquier Acción que no sea una Acción de Placaje puede levantarse sin emplear los tres puntos de movimiento. El jugador puede también declarar una Acción de Placaje mientras se encuentra tumbado, lo que requiere una tirada de Agilidad de con un modificador de +2 para ver si puede realizar la acción. Una tirada exitosa permite al jugador levantarse gratuitamente y placar a un oponente adyacente. Una tirada fallida significa que la Acción de Placaje se pierde y el jugador no podrá levantarse.'),
(28, 'Escurridizo', 'Stunty', 'extraordinary', 'El jugador es tan pequeño que es muy difícil atraparlo, ya que es capaz de pasar por debajo de los brazos extendidos de los contrarios que intentan agarrarlo y colarse entre sus piernas. Por otro lado, los jugadores Escurridizos son demasiado pequeños como para lanzar bien el balón. Para representar esto, los jugadores Escurridizos al efectuar las tiradas para Esquivar, pueden ignorar las zonas de defensa de las casillas a las que moverá (o sea, es como si siempre tuviera un modificador final de +1 a Esquivar), pero deben restar 1 a la tirada cuándo realizan un pase. Además, añade 1 a cualquier Tirada de heridas que se realice contra un jugador con la habilidad Escurridizo. Los jugadores escurridizos equipados con un Arma Secreta no podrán ignorar las zonas de defensa contrarias, pero sufrirán las penalizaciones.'),
(29, 'Esquivar', 'Dodge', 'agility', 'Un jugador con la habilidad Esquivar está acostumbrado a zafarse de oponentes y podrá repetir la tirada de esquivar al intentar salir de la zona de defensa de un jugador contrario. Sin embargo, el jugador sólo podrá repetir una tirada de esquivar por turno de equipo. Además, la habilidad Esquivar, si se emplea, afecta al resultado de los dados de Placaje, tal y como se describe en la Reglas de Placaje.'),
(30, 'Estacas', 'Stakes', 'extraordinary', 'El jugador está armado con unas estacas especiales que están bendecidas para causar un daño adicional a los No Muertos y a aquéllos que trabajan para ellos. El jugador puede añadir 1 a la tirada de Armadura cuándo realice un ataque con Puñal contra el Conde Luthor von Drakenborg o cualquier jugador que juegue para Khemri, Nigromantes, No Muertos o Vampiros.'),
(31, 'Favorito del Público', 'Fan Favourite', 'extraordinary', 'Los hinchas adoran tanto ver a este jugador sobre el terreno de juego que incluso los hinchas contrarios animan a tu equipo. Si este jugador se encuentra en el campo, tu equipo recibe un +1 adicional al modificador de FAMA (ver página 18) para cualquier resultado de la Tabla de patada inicial, pero no para la tirada de recaudación.'),
(32, 'Forcejeo', 'Wrestle', 'general', 'El jugador está especialmente entrenado en tecnicas de lucha. El jugador podra emplear la habilidad Forcejeo cuándo plaque o sea placado y se elija como resultado “Ambos Derribados” en los dados de Placaje por cualquiera de los dos entrenadores. En lugar de aplicarse el resultado “Ambos Derribados”, ambos jugadores se enzarzan en el suelo. Ambos jugadores se ponen en el suelo Tumbados en sus respectivas casillas aunque alguno o ambos tengan la habilidad Placar. No hagas tiradas de Armadura por ninguno de los dos. El uso de esta habilidad no causa cambio de turno a menos que el jugador activo tuviese el balón.'),
(33, 'Furia', 'Frenzy', 'general', 'Un jugador con esta habilidad es un sangriento psicópata que ataca a sus oponentes con una rabia incontrolable. A menos que se indique lo contrario, esta habilidad deberá emplearse siempre. Cuándo realice un placaje, un jugador con esta habilidad siempre seguirá si puede. Si obtiene un resultado de “Empujado” o “Defensor Cede”, el jugador tiene que realizar inmediatamente un nuevo placaje contra el oponente siempre y cuándo permanezcan de pie y adyacentes. Si le es posible, el jugador también seguirá este segundo placaje. Si el jugador con Furia está realizando una acción de Penetración deberá hacer el segundo placaje a menos que no tenga más movimiento y no pueda ir A Por Ellos de nuevo.'),
(34, 'Garras', 'Claws', 'mutation', 'Un jugador esta habilidad ha sido bendecido con una gran pinza o garras o afilados espolones que hacen las armaduras inútiles. Cuándo derribe a un oponente como resultado de un placaje, cualquier tirada de Armadura de 8 o más después de modificar, pasará automáticamente la armadura.'),
(35, 'Golpe Mortífero', 'Mighty Blow', 'strength', 'Suma 1 a los chequeos contra Armadura o para determinar las Heridas causadas por un jugador con esta habilidad cuándo un oponente sea Derribado por este jugador durante un Placaje. Tan sólo puede ser utilizada para modificar una de las tiradas, así que si decides emplear Golpe Mortífero para modificar la tirada de Armadura no podrás modificar la tirada de Heridas.'),
(36, 'Juego Sucio', 'Dirty Player', 'general', 'Un jugador con esta habilidad ha entrenado a conciencia durante mucho tiempo para aprender todas las formas de juego sucio conocidas. Añade 1 a cualquier tirada de Armadura o de Heridas hecha por un jugador con esta habilidad cuándo realice una Falta como parte de una Acción de Falta. Ten en cuenta que tan sólo puedes modificar una de las tiradas de dado, así que si decides emplear Juego Sucio para modificar la tirada de Armadura, no podrás modificar también la tirada de Heridas.'),
(37, 'Juggernaut', 'Juggernaut', 'strength', 'Un jugador con esta habilidad es virtualmente imparable una vez comienza a moverse. Si el jugador realiza una Acción de Penetración, los jugadores contrarios no podrán emplear sus habilidades Zafarse, Mantenerse Firme o Forcejeo contra sus placajes y puede tratar el resultado “Ambos Derribados” como si hubiese obtenido un resultado de “Empujado” en el dado de Placaje.'),
(38, 'Lanzar Compañero de Equipo', 'Throw Team-Mate', 'extraordinary', 'Un jugador con esta habilidad tiene la capacidad de lanzar a uno de sus compañeros de equipo en lugar del balón. (¡Esto incluye el balón si el jugador lanzado lo tiene en su posesión!). El jugador lanzador debe terminar el movimiento de la Acción de Pase adyacente al compañero de equipo que desea lanzar, el cual deberá tener Agilidad Felina y encontrarse de pie. El pase se resuelve exactamente igual que si el jugador lanzador hiciese un pase, salvo que el jugador debe restar 1 al D6 cuándo pase al jugador y las distancias “Bomba Larga” y “Pase Largo” no son posibles. Además los pases precisos cuentan como pases imprecisos, por esto desvía al jugador tres casillas, ya que los jugadores son más pesados y más difíciles de lanzar que el balón. El jugador lanzado no puede ser interceptado. Un compañero de equipo que resulte “Balón Perdido” caerá en la casilla que ocupaba originalmente. Si el jugador lanzado cae fuera del campo será golpeado por el público de la misma manera que un jugador que es empujado al público. Si la casilla final sobre la que se desvía está ocupada por otro jugador, trata al jugador que se encontraba en ella como Derribado y tira su Armadura (incluso si ya estaba Tumbado o Aturdido) y entonces se desviará una casilla más. Si el jugador lanzado vuelve a caer sobre otro jugador, continúa desviándolo hasta que caiga en una casilla vacía o fuera del campo (es decir, no puede aterrizar sobre más de un jugador). Mira la descripción de Agilidad Felina para ver si el jugador aterriza sobre sus pies ¡o cabeza abajo sobre sus maltrechos huesos!'),
(39, 'Líder', 'Leader', 'passing', 'El jugador es un líder nato y organiza al resto del equipo desde la retaguardia mientras se prepara para lanzar el balón. Un equipo con uno o más jugadores con la habilidad Líder permite al entrenador utilizar una única ficha de segunda oportunidad de líder al inicio del encuentro y en la media parte, después de las tiradas de Gran Chef Halfling. Esta ficha puede utilizarse exactamente de la misma forma que las fichas de segunda oportunidad de equipo, pero tan sólo podrá utilizarse si el jugador con la habilidad Líder está sobre el terreno de juego (de pie o en el suelo) en el momento de utilizar la ficha. La segunda oportunidad de líder puede emplearse durante la prórroga si no se utilizó, pero el equipo no recibe una nueva segunda oportunidad de líder al inicio de la prórroga.'),
(40, 'Mano Grande', 'Big Hand', 'mutation', 'Una de las manos del jugador ha crecido hasta ser monstruosamente grande, pero todavía es completamente funcional. El jugador puede ignorar los modificadores por zonas de defensa contrarias o por Lluvioso cuándo intenta recoger el balón del suelo.'),
(41, 'Manos Seguras', 'Sure Hands', 'general', 'Un jugador con la habilidad Manos Seguras puede repetir el D6 si falla un intento de recoger el balón del suelo. Además, si un jugador contrario tiene la habilidad Robar Balón, no podrá usarla contra un jugador con la habilidad Manos Seguras.'),
(42, 'Mantenerse Firme', 'Stand Firm', 'strength', 'Un jugador con esta habilidad puede elegir no ser empujado como resultado de un Placaje. Puede ignorar los resultados \"Empujado\" y los resultados que derriben al jugador siempre lo derribarán en la misma casilla en la que se encuentre. Si un jugador es empujado contra un jugador con Mantenerse Firme, ninguno de los dos jugadores se moverá.'),
(43, 'Mirada Hipnótica', 'Hypnotic Gaze', 'extraordinary', 'El jugador tiene una poderosa habilidad telepática, que puede utilizar para dejar a un jugador rival completamente inmóvil. El jugador puede utilizar la Mirada Hipnótica al final de su Acción de Movimiento contra un jugador contrario en una casilla adyacente. Realiza una tirada de Agilidad por el jugador con mirada hipnótica, con un modificador de –1 por cada zona de defensa contraria que afecte al jugador y no sea la de la victima. Si la tirada de agilidad resulta exitosa, la víctima queda hipnotizada y pierde su zona de defensa y no podrá atrapar el balón, asistir a ningún jugador en una falta o placaje o moverse voluntariamente hasta el inicio de su siguiente acción o fin de la entrada. Si la tirada de Agilidad no resulta exitosa, la mirada hipnótica no tendrá efecto.'),
(44, 'Nervios de Acero', 'Nerves of Steel', 'passing', 'El jugador puede ignorar los modificadores por zonas de defensa contrarias al intentar efectuar un Pase, Atrapar o Interceptar.'),
(45, 'Pasar', 'Pass', 'passing', 'Un jugador con la habilidad Pasar puede repetir la tirada de D6 si realiza un pase fallido o impreciso.'),
(46, 'Pase a lo Loco', 'Hail Mary Pass', 'passing', 'El jugador puede lanzar el balón a cualquier casilla del terreno de juego, sin importar la distancia: no se utiliza la regla de pases. Si el jugador obtiene un resultado de 1, habrá fallado el pase y el balón rebotará una vez desde la casilla del lanzador. Si se obtiene un resultado de 2 a 6, el jugador habrá efectuado el pase. El Pase a lo Loco no puede ser interceptado, pero nunca es un pase completo: el balón automáticamente falla y se desvía tres casillas. Ten en cuenta que si tienes suerte, el balón puede rebotar de forma que vuelva a la casilla objetivo del pase. Esta habilidad no puede ser utilizada con la tirada de Tiempo: Ventisca o combinada con la habilidad Lanzar Compañero de Equipo.'),
(47, 'Pase Precipitado', 'Dump-Off', 'passing', 'Esta habilidad permite al jugador efectuar un Pase Rápido cuándo un jugador contrario declare que lo va a placar, pudiendo así librarse del balón antes de ser placado. El pase debe resolverse mediante el procedimiento habitual antes de que el jugador del equipo contrario resuelva su placaje. Deben aplicarse las reglas de pase, con la excepción de que ningún equipo sufre un cambio de turno a causa del resultado de este pase, sea cual sea. Después de que se resuelva el pase, tu oponente realiza el placaje y sigue adelante con su turno. Pase Precipitado no puede usarse en el segundo placaje de oponente con la habilidad Furia o en combinación con las habilidades Bombardero o Lanzar Compañero de Equipo.'),
(48, 'Pase Seguro', 'Safe Throw', 'passing', 'El jugador es un experto lanzando el balón de tal forma que hace incluso más difícil a cualquier oponente interceptarlo. Si un pase realizado por este jugador es interceptado, entonces el jugador con Pase Seguro puede hacer una tirada de agilidad sin modificar. Si tiene exito la intercepción queda anulada y la secuencia de pase continuará con normalidad.'),
(49, 'Patada', 'Kick', 'general', 'El jugador es un experto al patear el balón y puede calcular la patada con gran precisión. Para poder utilizar esta habilidad, el jugador debe hallarse en el terreno de juego cuándo su equipo efectúe la patada inicial. El jugador no podrá situarse ni en las zonas anchas ni en la línea de defensa. En caso de cumplirse todas estas condiciones, el jugador podrá efectuar la patada inicial. Debido a que su patada es tan precisa, puedes elegir dividir el número de casillas que rebota el balón entre dos, redondeando las fracciones hacia abajo (es decir: 1 = 0, 2 ó 3 = 1, 4 ó 5 = 2, 6 = 3).'),
(50, 'Perseguir', 'Shadowing', 'general', 'El jugador puede emplear esta habilidad cuándo un jugador del equipo contrario que esté realizando una Acción salga de su zona de defensa por cualquier razón. Cada entrenador tirará un dado y sumará el atributo Movimiento de su jugador. Si el jugador perseguidor obtiene un resultado igual o superior al del jugador perseguido, éste podrá mover a la casilla que ha dejado vacía el jugador perseguido. Al efectuar este movimiento no deberá efectuarse ninguna tirada para Esquivar y el hacerlo no afectará en ninguna forma a su movimiento el siguiente turno. Si el jugador perseguidor obtiene una tirada inferior a la del jugador perseguido, el jugador deberá permanecer en su casilla. Un jugador puede efectuar todos los movimientos de persecución que desee. Si un jugador abandona la zona de defensa de varios jugadores con la habilidad Perseguir, sólo uno de los jugadores podrá tratar de perseguirlo.'),
(51, 'Piernas Muy Largas', 'Very Long Legs', 'mutation', 'El jugador puede añadir 1 a la tirada de D6 cada vez que intente interceptar o utilice la habilidad Saltar. Además, la habilidad Pase Seguro no puede emplearse en las intercepciones realizadas por este jugador.'),
(52, 'Pies Firmes', 'Sure Feet', 'agility', 'El jugador puede repetir el D6 si resulta derribado mientras está intentando ir “A Por Ellos” (ver página 20). Un jugador sólo puede utilizar la habilidad Pies Firmes una vez por turno.'),
(53, 'Placaje Defensivo', 'Tackle', 'general', 'Esta habilidad niega a los jugadores adversarios, situados en su zona de defensa, la posibilidad de utilizar su habilidad Esquivar al intentar salir de la zona de defensa de un jugador, o en caso de ser placado por el jugador que cuenta con esta habilidad.'),
(54, 'Placaje Heroico', 'Diving Tackle', 'agility', 'El jugador puede utilizar esta habilidad si un jugador contrario trata de salir de su zona de defensa. Armadura ni de Heridas. El jugador contrario deberá restar 2 a su tirada de Esquivar por abandonar la zona de defensa del jugador. Si un jugador trata de abandonar la zona de defensa de varios jugadores que tengan la habilidad Placaje Heroico, tan sólo uno de los jugadores podrá utilizar la habilidad. Placaje Heroico puede ser utilizado en una tirada repetida de esquivar si no se declaró su uso en la primera tirada de esquivar. Una vez se resuelva la esquiva pero antes derealizar la tirada de armadura del oponente (de ser necesario) coloca al jugador con placaje heroico Tumbado en la casilla abandonada por el jugador contrario, pero no hagas tirada de armadura o heridas por él.'),
(55, 'Placaje Múltiple', 'Multiple Block', 'strength', 'Al inicio de una Acción de Placaje, un jugador que se encuentre adyacente al menos a dos oponentes puede elegir placar a dos de ellos. Haz cada placaje en tu turno normalmente salvo que la fuerza de cada jugador defensor aumenta en 2. El jugador no puede seguir ninguno de los placajes cuándo emplee esta habilidad, así que Placaje Múltiple puede utilizarse en lugar de emplear Furia, pero no se pueden combinar ambas habilidades. Para poder realizar el segundo placaje, el jugador debe permanecer de pie después de haber realizado el primero.'),
(56, 'Placar', 'Block', 'general', 'Un jugador con la habilidad Placar es diestro a la hora de derribar jugadores contrarios. La habilidad de Placar, si se usa, afecta a los resultados obtenidos en los dados de Placaje, tal y como se explica en las Reglas de Placaje.'),
(57, 'Precisión', 'Accurate', 'passing', 'El jugador puede añadir 1 al resultado del dado cuándo pase el balón.'),
(58, 'Presencia Perturbadora', 'Disturbing Presence', 'mutation', 'El aspecto del jugador es muy perturbador ya sea por causa de una enorme nube de moscas, expulse almizcle soporífero, un aura de caos aleatorio, frío intenso o una feromona que cause miedo y pánico. Al margen de la naturaleza de esta mutación, cualquier jugador debe restar 1 al D6 cuándo pase, intercepte o atrape por cada jugador contrario con Presencia Perturbadora que se encuentre a tres casillas de él incluso si el jugador con Presencia Perturbadora se encuentra Tumbado o Aturdido.'),
(59, 'Profesional', 'Pro', 'general', 'Un jugador con esta habilidad es un curtido veterano. Los demás jugadores de Blood Bowl denominan a estos jugadores como Profesionales, ya que raramente cometen un error, si es que alguna vez cometen alguno. Una vez por turno, un jugador Profesional puede repetir cualquier tirada que efectúe, salvo las de Armadura, Heridas, o Lesión, incluso si está Tumbado o Aturido. Sin embargo, antes de repetir la tirada, su entrenador debe tirar un dado. Si obtiene un resultado de 4, 5 ó 6, puede repetir la tirada. Si obtiene un resultado de 1, 2 ó 3, deberá aplicarse el primer resultado y no podrá repetirse la tirada ni con una habilidad, ni con una segunda oportunidad de equipo; sin embargo puedes repetir la tirada de Profesional con una segunda oportunidad de equipo.'),
(60, 'Puñal', 'Stab', 'extraordinary', 'Un jugador con esta habilidad está armado con algo útil a la hora de apuñalar, cortar o rajar a un contrario, como colmillos afilados o una fiel daga. El jugador puede atacar a un oponente apuñalándolo en lugar de realizar un placaje contra él. Haz una tirada sin modificadores contra la Armadura de la víctima. Si el resultado es menor o igual que la Armadura de la víctima entonces no tendrá efecto alguno. Si el resultado supera el valor de Armadura de la víctima, habrá resultado herida y deberá realizarse una tirada de heridas. La tirada de heridas ignorará todos los modificadores aplicables, incluyendo los de Heridas Permanentes y Escurridizo. Si esta habilidad se emplea como parte de una Acción de Penetración, el jugador no podrá seguir moviendo después de utilizarla. Las lesiones causadas por un apuñalamiento no otorgan Puntos de Estrellato.'),
(61, 'Putrefacción de Nurgle', 'Nurgle’s Rot', 'extraordinary', 'Este jugador tiene una horrible enfermedad infecciosa que se extiende cuándo mata a un jugador durante una Acción de Placaje, Penetración o Falta. En lugar de morir de verdad, el jugador queda infectado y se transforma en un Putrefacto novato. Para poder hacer esto, el oponente debe haberlo borrarlo de la hoja de equipo durante el paso 2.1 de la Secuencia Posterior al encuentro, su Fuerza no puede ser mayor que 4 y no puede tener las habilidades Degeneración, Regeneración o Escurridizo. El nuevo Putrefacto puede ser incluido gratuitamente en el equipo de Nurgle durante el paso 6 de Actualizar la hoja de equipo (ver página 29) si el equipo tiene espacio para él. Este nuevo Putrefacto cuenta con todo su valor a la hora de calcular el valor del equipo de Nurgle.'),
(62, 'Rastrero', 'Sneaky Git', 'agility', 'El jugador tiene la habilidad y rapidez necesarias para patear a un oponente en el suelo sin atraer la atención del árbitro, a no ser que escuche cómo se parte la armadura. Al realizar una Acción de Falta, un jugador con esta habilidad no será expulsado por obtener dobles en la tirada de Armadura a menos que supere la Armadura.'),
(63, 'Realmente Estúpido', 'Really Stupid', 'extraordinary', 'El jugador es sin duda una de las criaturas más estúpidas que haya pisado un campo de Blood Bowl (¡Qué considerando el CI de la mayor parte de los jugadores, es decir mucho!). Por ello debes tirar 1D6 después de declarar la acción que realizará el jugador, pero antes de realizarla. Si hay uno o más jugadores de su mismo equipo de pie adyacentes al jugador Realmente Estúpido y no son también Realmente Estúpidos, añade 2 a la tirada de dado. Con un resultado de 1-3 el jugador se quedará sin hacer nada, intentando recordar lo que debía hacer. El jugador no podrá hacer nada más durante el turno y el equipo perderá la acción que había declarado durante ese turno (así que, si un jugador Realmente Estúpido declara una Acción de Penetración y saca un 1, el equipo no podrá declarar otra Acción de Penetración este turno). El jugador pierde su zona de defensa y no podrá interceptar, pasar o atrapar el balón, asistir a ningún jugador en una falta o placaje, o moverse voluntariamente hasta que consiga superar una tirada de Realmente Estúpido al principio de una acción futura o termine la entrada.'),
(64, 'Recepción Heroica', 'Diving Catch', 'agility', 'El jugador es extraordinario a la hora de estirarse y alcanzar balones a los que otros no llegan. El jugador puede intentar atrapar cualquier pase, patada inicial o devolución del público pero no balones que rebotan, que aterrice en una de sus zonas de defensa como si hubiera aterrizado en su propia casilla, sin abandonar la casilla en la que se encuentra. Si hay dos o más jugadores intentando utilizar esta habilidad, entonces se obstaculizarán y ninguno de los dos podrá utilizar la habilidad.'),
(65, 'Regeneración', 'Regeneration', 'extraordinary', 'Si el jugador sufre un resultado de Lesión en la tabla de Heridas, tira 1D6 para regenerar después de tirar en la tabla de Lesiones y después de cualquier tirada de Médico, de realizarse. Con un resultado de 1-3, el jugador sufrirá el resultado de la herida. Con uno de 4-6, el jugador curará la herida después de un corto período de tiempo para “reorganizarse” a sí mismo y se coloca en la zona de Reservas. Las tiradas de Regeneración no pueden repetirse. Recuerda que los jugadores contrarios seguirán ganando Puntos de Estrellato normalmente por causar una Lesión a un jugador con esta habilidad, aunque el resultado no afecte al jugador de la forma normal.'),
(66, 'Robar Balón', 'Strip Ball', 'general', 'Cuándo un jugador con esta habilidad placa a un oponente que tenga el balón, sacar un resultado de “Empujado” o el “Defensor Cede” hará que el jugador oponente suelte el balón en la casilla a la que es empujado, incluso si el jugador contrario no resulta derribado.'),
(67, 'Saltar', 'Leap', 'agility', 'Un jugador con la habilidad Saltar puede intentar saltar a cualquier casilla vacía, a 2 casillas de distancia como máximo, aunque tenga que pasar sobre una casilla ocupada por un jugador de cualquier equipo. Saltar le cuesta al jugador dos puntos de Movimiento. Para efectuar el salto, mueve al jugador a una casilla vacía a 1 ó 2 casillas de distancia de su casilla actual y efectúa una tirada de Agilidad. No se aplican modificadores a esta tirada de D6 a menos que el jugador tenga Piernas Muy Largas. El jugador no tiene que esquivar para abandonar la casilla en la que estaba. Si el jugador supera la tirada, podrá saltar sin ningún problema y seguir moviéndose. Si falla la tirada de Agilidad caerá al suelo en la casilla a la que estaba intentando saltar. El entrenador contrario efectuará una tirada contra Armadura para determinar si ha resultado herido. Si falla el salto habrá un cambio de turno y el turno del equipo que estaba moviendo terminará inmediatamente. Un jugador sólo puede utilizar la habilidad Saltar una vez por Acción.'),
(68, 'Sed de Sangre', 'Blood Lust', 'extraordinary', 'Los Vampiros deben, de vez en cuándo, alimentarse de la sangre de los vivos. A causa de esto, tira 1D6 cada vez que declares una Acción con un Vampiro. Con un resultado de 2+, el jugador podrá seguir realizando la acción normalmente. Con un 1, el jugador es superado por el deseo de beber sangre Humana y deberá realizar la siguiente Acción especial: El Vampiro pierde la acción declarada ese turno (también el equipo Vampiro) y deberá realizar una Acción de Movimiento. Si el Vampiro termina su movimiento de pie y adyacente a uno o más Siervos que se encuentren de pie, derribados o aturdidos, de su propio equipo, atacará a uno de ellos. Tira inmediatamente para herir al Siervo que ha sido atacado, sin realizar tirada de Armadura. La herida no causará cambio de turno a menos que el Siervo tuviese el balón. Si el Vampiro no puede atacar a un Siervo (por cualquier razón), se retirará del campo y será colocado en la zona de Reservas y su equipo sufrirá un cambio de turno. Si tenía el balón, rebotará desde la casilla en la que se encontraba cuándo fue retirado del campo y no podrá anotar un touchdown (incluso si llega a la línea de touchdown antes de ser retirado). Si el Vampiro resulta Herido o queda Inconsciente antes de atacar a un Siervo, entonces deberá ser colocado en la zona adecuada del Banquillo en lugar de en la zona de Reservas. Recuerda que el jugador puede recoger el balón o realizar cualquier otra cosa que pudiera hacer normalmente cuándo se realiza una Acción de Movimiento, pero debe morder a un Siervo para evitar el cambio de turno.'),
(69, 'Siempre Hambriento', 'Always Hungry', 'extraordinary', 'El jugador siempre se encuentra ferozmente hambriento ¡y podría comerse cualquier cosa! Por ello, cada vez que el jugador use la habilidad Lanzar compañero de Equipo, tira 1D6 después de que halla terminado de moverse, pero antes de lanzar al jugador. Si el resultado es un 1, tratará de comerse al desafortunado compañero de equipo. Tira 1D6 otra vez, un segundo 1 indicará que ha conseguido engullir al jugador, lo que lo matará sin posibilidad de salvarse (no se puede emplear ni Médico, ni Regenerar ni ninguna otra cosa). Si el jugador llevaba el balón, rebotará desde la casilla del jugador lanzado. Si el resultado es de 2 a 6, el jugador consigue liberarse y la acción se tratará como si fuese un \"balón perdido\" del jugador. Resuelve el \"balón perdido\" de manera normal con el jugador con la habilidad Agilidad Felina.'),
(70, 'Sierra Mecánica', 'Chainsaw', 'extraordinary', 'Un jugador armado con una sierra mecánica tiene que atacar con ella en lugar de realizar un placaje cuándo realiza una Acción de Placaje o de Penetración. Cuándo se emplea la sierra mecánica para realizar un ataque, tira un D6 en lugar del dado de Placaje. Con un resultado de 2 o más la sierra mecánica golpea al jugador pero con un resultado de 1 rebota y ¡en lugar de eso golpea a su portador! Realiza una tirada de Armadura por el jugador que resulte golpeado por la motosierra, añadiendo 3 al resultado. Si la tirada supera la armadura de la víctima, el jugador resulta Derribado y herido; tira en la tabla de Heridas. Si la tirada no consigue superar la armadura de la víctima, el ataque no tendrá efecto. Un jugador armado con una sierra mecánica puede realizar una Acción de Falta y añadir 3 a la tirada de Armadura, pero debe tirar por si rebota como se describe más atrás. Una Sierra Mecánica en funcionamiento es algo muy peligroso, así que si un jugador que tenga una sierra mecánica resulta Derribado por cualquier razón, el entrenador contrario podrá añadir 3 a su tirada de Armadura para ver si el jugador resulta herido. Sin embargo, placar a un jugador con una sierra mecánica es igualmente peligroso, si un oponente se derriba a si mismo al placar a un jugador con sierra mecánica se añade 3 a su tirada de armadura. Esta habilidad sólo puede emplearse una vez por turno (p.ej.: no puede emplearse con Furia o Placaje Múltiple) y si se utiliza como parte de una Acción de Penetración, el jugador no podrá seguir moviendo tras emplearla. Las lesiones causadas por una Sierra Mecánica no otorgan Puntos de Estrellato.'),
(71, 'Sin Manos', 'No Hands', 'extraordinary', 'El jugador es incapaz de recoger, interceptar o llevar el balón y fallará cualquier tirada de atrapar automáticamente, ya sea porque literalmente no tenga manos o porque las tenga ocupadas. Si intenta recoger el balón del suelo, rebotará y se producirá un cambio de turno si es el turno de su equipo.'),
(72, 'Solitario', 'Loner', 'extraordinary', 'Los solitarios, debido a la inexperiencia, arrogancia, ferocidad animal o simple estupidez, no juegan bien con el resto del equipo. Como resultado, los Solitarios no pueden emplear segundas oportunidades de equipo a menos que primero obtengan un 4+ en un D6. Con un resultado de 1-3 el resultado original se mantiene y la segunda oportunidad se pierde (se usa).'),
(73, 'Tentáculos', 'Tentacles', 'mutation', 'El jugador puede utilizar esta habilidad cuándo un jugador contrario trate de abandonar su zona de defensa. Cada entrenador tira un D6 y añade la FU de su jugador a la tirada. El jugador contrario añade 1 a su tirada. Si el resultado del jugador con esta habilidad es superior al del jugador que trataba de moverse, el jugador que trataba de moverse habrá sido agarrado firmemente por los tentáculos del jugador y no podrá abandonar la casilla en la que se encuentra ni moverse más. Si un jugador abandona la zona de defensa de varios jugadores con esta habilidad, tan sólo uno de ellos podrá intentar agarrarlo con sus tentáculos.'),
(74, 'Zafarse', 'Fend', 'general', 'Este jugador es muy hábil deshaciéndose de los posibles atacantes. Los jugadores contrarios no podrán seguir los placajes que se hagan contra este jugador incluso si el jugador con Zafarse resulta Derribado. El jugador contrario podrá seguir moviéndose después de realizar el placaje si ha declarado una Acción de Penetración.'),
(75, 'Animosidad', 'Animosity', 'extraordinary', 'A  player  with  this  skill  does  not  like  players  from  his  team  that  are  a  \r\ndifferent  race  than  he  is  and  will  often  \r\nrefuse  to  play  with  them  despite  \r\nthe coach\'s orders. If this player at the end of his \r\nHand-off \r\nor\r\n Pass Action\r\nattempts to hand-off or pass the ball to a team-mate that is not the same \r\nrace  as  the  Animosity  player,  roll  a  D6.  On  a  2+,  the  pass/hand-off  is  \r\ncarried out as normal. On a 1, the player refuses to try to give the ball to \r\nany  team-mate  except  one  of  his  own  race.  The  coach  may  choose  to  \r\nchange the target of the pass/hand-off to another team-mate of the same \r\nrace as the Animosity player, however no more movement is allowed for \r\nthe Animosity player, so the current \r\nAction\r\n may be lost for the turn. ');

-- --------------------------------------------------------

--
-- Estructura de tabla para la tabla `star_players`
--

CREATE TABLE `star_players` (
  `id` int(11) NOT NULL,
  `name` varchar(80) DEFAULT NULL,
  `ma` tinyint(3) UNSIGNED NOT NULL,
  `st` tinyint(3) UNSIGNED NOT NULL,
  `ag` tinyint(3) UNSIGNED NOT NULL,
  `av` tinyint(3) UNSIGNED NOT NULL,
  `skills` longtext,
  `price` mediumint(8) UNSIGNED NOT NULL
) ENGINE=InnoDB DEFAULT CHARSET=utf8 ROW_FORMAT=COMPACT;

--
-- Volcado de datos para la tabla `star_players`
--

INSERT INTO `star_players` (`id`, `name`, `ma`, `st`, `ag`, `av`, `skills`, `price`) VALUES
(1, 'Aplastacraneos', 6, 6, 3, 8, 'Solitario, Furia, Golpe mortifero, Cola prensil', 340000),
(2, 'Barik Tirolargo', 6, 3, 3, 8, 'Solitario, Pase a lo loco, Pasar, Arma secreta, Brazo fuerte, Manos seguras, Cabeza dura', 60000),
(3, 'Brick Far\'th y Grotty', 5, 5, 2, 9, 'Solitario, Cabeza Hueca, Golpe mortifero, Nervios de acero, Brazo fuerte, Cabeza dura, Lanzar compañero de equipo', 290000),
(4, 'Grotty', 6, 2, 4, 7, 'Solitario, Esquivar, Agilidad felina, Escurridizo', 290000),
(5, 'Bomber Regateasnotlings', 6, 2, 3, 7, 'Solitario, Precision, Bombardero, Esquivar, Sin manos, Agilidad felina, Arma secreta, Escurridizo', 60000),
(6, 'Boomer Ezlasoon', 4, 3, 2, 9, 'Solitario, Precision, Placar, Bombardero, Sin manos, Arma secreta, Cabeza dura', 60000),
(7, 'Conde Luthor Von Drakenborg', 6, 5, 4, 9, 'Solitario, Placar, Esquivar, Mirada hipnotica, Regeneracion', 390000),
(8, 'Eldril Serpientedecascabel', 8, 3, 4, 7, 'Solitario, Atrapar, Esquivar, Mirada hipnotica, Nervios de acero, Bloquear pase', 170000),
(9, 'Flint Filotriturador', 5, 3, 2, 8, 'Solitario, Placar, Sierra mecanica, Sin manos, Arma secreta, Cabeza dura', 130000),
(10, 'Fungus el chihflado', 4, 7, 3, 7, 'Solitario, Bola con cadena,  Golpe mortifero, Sin manos, Arma secreta, Escurridizo', 80000),
(11, 'Grashnak Pezuñanegra', 6, 6, 2, 8, 'Solitario, Furia, Cuernos, Golpe mortifero, Cabeza dura', 310000),
(12, 'Griff Overwald', 7, 4, 4, 8, 'Solitario, Placar, Esquivar, Zafarse, Carrera, Pies firmes', 320000),
(13, 'Grim Mandibuladehierrro', 5, 4, 3, 8, 'Solitario, Placar, Agallas, Furia, Golpe mortifero, Cabeza dura', 220000),
(14, 'Hack Enslash', 6, 3, 2, 7, 'Solitario, Sierra mecanica, Sin manos, Echarse a un lado, Regeneracion, Arma secreta', 120000),
(15, 'Hakflem Colapincho', 9, 3, 4, 7, 'Solitario, Esquivar, Brazos adicionales, Cola prensil, Dos cabezas', 200000),
(16, 'Helmut Wulf', 6, 3, 3, 8, 'Solitario, Sierra mecanica, Sin manos, Arma secreta, Mantenerse firme', 110000),
(17, 'Hemlock', 8, 2, 3, 7, 'Solitario, Placar, Esquivar, Echarse a un lado, En pie de un salto, Puñal, Escurridizo', 170000),
(18, 'Horkon Arrancacorazones', 7, 3, 4, 7, 'Solitario, Esquivar, Saltar, Placaje multiple, Perseguir, Puñal', 210000),
(19, 'Hthark, el Imparable', 6, 5, 2, 9, 'Solitario, Placar, Abrirse paso, Juggernaut, Carrera, Pies firmes, Cabeza dura', 310000),
(20, 'Hubris Rakarth', 7, 4, 4, 8, 'Solitario, Placar, Juego sucio, En pie de un salto, Golpe mortifero, Robar balon', 260000),
(21, 'Jordell Brisafresca', 8, 3, 5, 7, 'Solitario, Placar, Recepcion heroica, Esquivar, Saltar, Echarse a un lado', 230000),
(22, 'Lord Borak, el Saqueador', 5, 5, 3, 9, 'Solitario, Placar, Juego sucio, Golpe mortifero', 270000),
(23, 'Max Arrancabazos', 5, 4, 3, 8, 'Solitario, Sierra mecanica, Sin manos, Arma secreta', 130000),
(24, 'Morg\'n\'Thorg', 6, 6, 3, 10, 'Solitario, Placar, Golpe mortifero, Cabeza dura, Lanzar compañero de equipo', 430000),
(25, 'Nobbla Verruganegra', 6, 2, 3, 7, 'Solitario, Placar, Esquivar, Sierra mecanica, Sin manos, Arma secreta, Escurridizo', 100000),
(26, 'Pieldehielo Golpedemartillo', 5, 6, 1, 8, 'Solitario, Garras, Presencia perturbadora, Furia, Golpe mortifero, Regeneracion', 330000),
(27, 'Principe Moranion', 7, 4, 4, 8, 'Solitario, Placar, Placaje defensivo, Agallas, Forcejeo', 230000),
(28, 'Puggy Alientodebacon', 5, 3, 3, 6, 'Solitario, Placar, Esquivar, Nervios de acero, Agilidad felina, Escurridizo', 140000),
(29, 'Raizprofunda Ramafuerte', 2, 7, 1, 10, 'Solitario, Placar, Golpe mortifero, Mantenerse firme, Brazo fuerte, Cabeza dura, Lanzar compañero de equipo', 250000),
(30, 'Ramtut III', 5, 6, 1, 9, 'Solitario, Abrirse paso, Golpe mortifero, Regeneracion, Forcejeo', 350000),
(31, 'Rashnak Puñaladaatraicion', 7, 3, 3, 7, 'Solitario, Esquivar, Echarse a un lado, Rasgtrero, Puñal', 200000),
(32, 'Ripper', 4, 6, 1, 9, 'Solitario, Apartar, Golpe mortifero, Regeneracion, Lanzar compañero de equipo', 270000),
(33, 'Scrappa Cabezadolorida', 7, 2, 3, 7, 'Solitario, Juego sucio, Esquivar, Saltar, Piernas muy largas, Agilidad felina, Arma secreta, Carrera, Escurridizo, Pies firmes', 50000),
(34, 'Setekh', 6, 4, 2, 8, 'Solitario, Placar, Abrirse paso, Juggernaut, Regeneracion, Robar balon', 220000),
(35, 'Skitter Klava-Klava', 9, 2, 4, 7, 'Solitario, Esquivar, Cola prensil, Perseguir, Puñal', 160000),
(36, 'Slibil', 7, 4, 1, 9, 'Solitairo, Placar, Apartar, Defensa, Mantenerse firme', 250000),
(37, 'Ugroth Bolgrot', 5, 3, 3, 9, 'Solitario, Sierra mecanica, Sin manos, Arma secreta', 100000),
(38, 'Varag Masticamuertos', 6, 4, 3, 9, 'Solitario, Placar, En pie de un salto, Golpe mortifero, Cabeza dura', 260000),
(39, 'Wilhelm Chaney', 8, 4, 3, 8, 'Solitario, Atrapar, Furia, Garras, Regeneracion, Forcejeo', 240000),
(40, 'Zara, la Cazadora', 6, 4, 3, 8, 'Solitario, Placar, Agallas, Esquivar, En pie de un salto, Puñal, Estacas', 270000),
(41, 'Zug, el Poderoso', 4, 5, 2, 9, 'Solitario, Placar, Golpe mortifero', 230000),
(42, 'Zzharg Ojorabioso', 4, 4, 3, 9, 'Solitario, Pase a lo loco, Arma secreta, Manos seguras, Placaje defensivo, Brazo fuerte, Cabeza dura, Pasar', 60000),
(43, 'Bertha Bigfist', 6, 5, 2, 9, 'Solitario, Cabeza hueca, Abrirse paso, Esquivar, Golpe mortifero, Cabeza fura, Lanzar compañero de equipo', 230000),
(44, 'Dolfar Longstride', 7, 3, 4, 7, 'Solitario, Recepcion heroica, Pase a lo loco, Patada, Anticiparse, Bloquear pase', 170000),
(45, 'Fezglitch', 4, 7, 3, 7, 'Solitario, Bola con cadena, Presencia perturbadora, Apariencia asquerosa, Sin manos, Arma secreta', 80000),
(46, 'Glart Smashrip Jr.', 7, 4, 3, 8, 'Solitario, Placar, Garras, Juggernaut', 200000),
(47, 'Humerus Carpal', 7, 2, 3, 7, 'Solitario, Atrapar, Esquivar, Regeneracion, Nervios de acero', 130000),
(48, 'Ithaca Benoin', 7, 3, 3, 7, 'Solitario, Precision, Pase precipitado, Nervios de acero, Pasar, Regeneracion, Manos seguras', 220000),
(49, 'J. Earlice', 8, 3, 3, 7, 'Solitario, Atrapar, Recepcion heroica, Esquivar, Carrera', 180000),
(50, 'Lottabottol', 8, 3, 3, 8, 'Solitario, Atrapar, Recepcion heroica, En pie de un salto, Saltar, Bloquear pase, Perseguir, Piernas muy largas', 220000),
(51, 'Mad Max', 6, 3, 3, 8, 'Solitario, Agallas, Regeneracion, Cabeza dura (Nota: Mad max puede ser mordido por un Vampiro como si fuese un Siervo)', 130000),
(52, 'Quetzal Leap', 8, 2, 4, 7, 'Solitario, Atrapar, Recepcion heroica, Zafarse, Anticiparse, Saltar, Nervios de acero, Piernas muy largas', 250000),
(53, 'Roxana Darknail', 8, 3, 5, 7, 'Solitario, Esquivar, Furia, En pie de un salto, Juggernaut, Saltar', 250000),
(54, 'Sinnedbad', 6, 3, 2, 7, 'Solitario, Placar, En pie de un salto, Bloquear pase, Regeneracion, Arma secreta, Echarse a un lado, Apuñalar', 80000),
(55, 'Soaren Hightower', 6, 3, 4, 8, 'Solitario, Zafarse, Anticiparse, Pasar, Pase seguro, Manos seguras, Brazo fuerte', 180000),
(56, 'Willow Rosebark', 5, 4, 3, 8, 'Solitario, Agallas, Echarse a un lado, Cabeza dura', 150000);

-- --------------------------------------------------------

--
-- Estructura de tabla para la tabla `star_players_race`
--

CREATE TABLE `star_players_race` (
  `id` int(11) NOT NULL,
  `race_id` int(11) NOT NULL,
  `star_id` int(11) NOT NULL
) ENGINE=InnoDB DEFAULT CHARSET=latin1 COLLATE=latin1_spanish_ci;

--
-- Volcado de datos para la tabla `star_players_race`
--

INSERT INTO `star_players_race` (`id`, `race_id`, `star_id`) VALUES
(21, 1, 8),
(54, 1, 24),
(80, 1, 27),
(112, 1, 40),
(122, 1, 44),
(146, 1, 55),
(36, 2, 16),
(55, 2, 24),
(109, 2, 40),
(119, 2, 43),
(142, 2, 53),
(147, 2, 56),
(5, 3, 3),
(8, 3, 4),
(27, 3, 11),
(50, 3, 22),
(52, 3, 23),
(56, 3, 24),
(89, 3, 32),
(22, 4, 8),
(44, 4, 18),
(46, 4, 20),
(57, 4, 24),
(131, 4, 48),
(143, 4, 53),
(23, 5, 8),
(48, 5, 21),
(58, 5, 24),
(115, 5, 40),
(123, 5, 44),
(148, 5, 56),
(4, 6, 2),
(16, 6, 6),
(25, 6, 9),
(31, 6, 13),
(59, 6, 24),
(110, 6, 40),
(28, 7, 11),
(45, 7, 19),
(60, 7, 24),
(75, 7, 25),
(88, 7, 31),
(117, 7, 42),
(11, 8, 5),
(26, 8, 10),
(61, 8, 24),
(76, 8, 25),
(90, 8, 32),
(93, 8, 33),
(62, 9, 24),
(82, 9, 28),
(84, 9, 29),
(111, 9, 40),
(120, 9, 43),
(149, 9, 56),
(38, 10, 16),
(42, 10, 17),
(63, 10, 24),
(101, 10, 36),
(136, 10, 50),
(140, 10, 52),
(30, 11, 12),
(37, 11, 16),
(64, 11, 24),
(83, 11, 28),
(113, 11, 40),
(116, 11, 41),
(19, 12, 7),
(34, 12, 14),
(87, 12, 30),
(98, 12, 34),
(134, 12, 49),
(145, 12, 54),
(6, 13, 3),
(9, 13, 4),
(13, 13, 5),
(65, 13, 24),
(91, 13, 32),
(94, 13, 33),
(103, 13, 37),
(105, 13, 38),
(3, 14, 1),
(35, 14, 15),
(66, 14, 24),
(99, 14, 35),
(125, 14, 45),
(128, 14, 46),
(17, 15, 6),
(39, 15, 16),
(67, 15, 24),
(79, 15, 26),
(107, 15, 39),
(114, 15, 40),
(32, 16, 14),
(85, 16, 30),
(96, 16, 34),
(130, 16, 47),
(132, 16, 48),
(144, 16, 54),
(12, 17, 5),
(68, 17, 24),
(77, 17, 25),
(95, 17, 33),
(121, 17, 43),
(7, 18, 3),
(10, 18, 4),
(29, 18, 11),
(51, 18, 22),
(53, 18, 23),
(69, 18, 24),
(92, 18, 32),
(24, 19, 8),
(47, 19, 20),
(49, 19, 21),
(70, 19, 24),
(81, 19, 27),
(124, 19, 44),
(18, 20, 7),
(33, 20, 14),
(86, 20, 30),
(97, 20, 34),
(106, 20, 39),
(133, 20, 49),
(20, 21, 7),
(40, 21, 16),
(71, 21, 24),
(108, 21, 39),
(135, 21, 49),
(138, 21, 51),
(14, 22, 5),
(72, 22, 24),
(104, 22, 37),
(118, 22, 42),
(126, 22, 45),
(139, 22, 51),
(41, 23, 16),
(43, 23, 17),
(73, 23, 24),
(102, 23, 36),
(137, 23, 50),
(141, 23, 52),
(15, 24, 5),
(74, 24, 24),
(78, 24, 25),
(100, 24, 35),
(127, 24, 45),
(129, 24, 46);

-- --------------------------------------------------------

--
-- Estructura de tabla para la tabla `teams`
--

CREATE TABLE `teams` (
  `id` int(10) UNSIGNED NOT NULL,
  `coach_id` int(10) UNSIGNED NOT NULL,
  `race_id` tinyint(3) UNSIGNED NOT NULL,
  `name` varchar(120) DEFAULT NULL,
  `permalink` varchar(120) DEFAULT NULL,
  `rerolls` tinyint(3) UNSIGNED DEFAULT '0',
  `fan_factor` tinyint(3) UNSIGNED DEFAULT '0',
  `assistants` tinyint(3) UNSIGNED DEFAULT '0',
  `cheerleaders` tinyint(3) UNSIGNED DEFAULT '0',
  `apothecary` tinyint(1) DEFAULT '0',
  `treasury` mediumint(8) UNSIGNED DEFAULT '0',
  `value` mediumint(8) UNSIGNED DEFAULT '0',
  `created_at` datetime DEFAULT NULL,
  `updated_at` datetime DEFAULT NULL,
  `deleted_at` datetime DEFAULT NULL,
  `created_by` int(11) DEFAULT NULL,
  `updated_by` int(11) DEFAULT NULL,
  `deleted_by` int(11) DEFAULT NULL
) ENGINE=InnoDB DEFAULT CHARSET=utf8 ROW_FORMAT=COMPACT;

--
-- Volcado de datos para la tabla `teams`
--

INSERT INTO `teams` (`id`, `coach_id`, `race_id`, `name`, `permalink`, `rerolls`, `fan_factor`, `assistants`, `cheerleaders`, `apothecary`, `treasury`, `value`, `created_at`, `updated_at`, `deleted_at`, `created_by`, `updated_by`, `deleted_by`) VALUES
(1, 1, 18, 'Koibur\'s Team', 'koibur-s-team', 3, 5, 3, 3, 0, 60000, 1800000, NULL, NULL, NULL, NULL, NULL, NULL),
(2, 15, 15, 'Los bukaneros de', 'los-bukaneros-de', 3, 9, 3, 3, 1, 30000, 1770000, NULL, NULL, NULL, NULL, NULL, NULL),
(3, 2, 13, 'Thiz rocket will kill uz', 'thiz-rocket-will-kill-uz', 2, 3, 0, 0, 1, 70000, 1530000, NULL, NULL, NULL, NULL, NULL, NULL),
(4, 3, 13, 'Carlitos Team', 'carlitos-team', 4, 9, 0, 0, 1, 70000, 1760000, NULL, NULL, NULL, NULL, NULL, NULL),
(5, 5, 13, 'Bocateroz', 'bocateroz', 4, 8, 0, 0, 1, 10000, 1480000, NULL, NULL, NULL, NULL, NULL, NULL),
(6, 6, 5, 'Speed', 'speed', 1, 13, 1, 1, 1, 80000, 2130000, NULL, NULL, NULL, NULL, NULL, NULL),
(7, 7, 11, 'Heros of the day', 'heros-of-the-day', 4, 8, 1, 1, 1, 220000, 1980000, NULL, NULL, NULL, NULL, NULL, NULL),
(8, 8, 1, 'Bretonian AirLines - ElfStorm', 'bretonian-airlines-elfstorm', 3, 10, 1, 1, 1, 10000, 2050000, NULL, NULL, NULL, NULL, NULL, NULL),
(9, 13, 7, 'KILSS', 'kilss', 2, 7, 1, 1, 1, 140000, 1150000, NULL, NULL, NULL, NULL, NULL, NULL),
(10, 14, 14, 'Sombras de Eshin', 'sombras-de-eshin', 3, 8, 0, 0, 1, 70000, 1290000, NULL, NULL, NULL, NULL, NULL, NULL),
(13, 1, 15, 'The Useless', 'the-useless', 1, 2, 0, 0, 0, 90000, 910000, NULL, NULL, NULL, NULL, NULL, NULL),
(14, 2, 4, 'Shakuras\'s Revenants', 'shakura-s-revenants', 3, 8, 0, 0, 1, 150000, 1940000, NULL, NULL, NULL, NULL, NULL, NULL),
(15, 3, 15, 'Carlitos Cup Team', 'carlitos-cup-team', 2, 2, 0, 0, 0, 90000, 1060000, NULL, NULL, NULL, NULL, NULL, NULL),
(16, 4, 2, 'Celias Team', 'celias-team', 3, 6, 0, 0, 1, 100000, 1010000, NULL, NULL, NULL, NULL, NULL, NULL),
(17, 5, 9, 'Bocateros III', 'bocateros-iii', 2, 10, 0, 0, 1, 170000, 1060000, NULL, NULL, NULL, NULL, NULL, NULL),
(18, 6, 20, 'Los Violadores de Fatima', 'los-violadores-de-fatima', 2, 7, 1, 1, 0, 60000, 1350000, NULL, NULL, NULL, NULL, NULL, NULL),
(19, 7, 19, 'El-fas tantico Team', 'el-fas-tantico-team', 2, 6, 0, 0, 0, 10000, 1250000, NULL, NULL, NULL, NULL, NULL, NULL),
(20, 8, 8, 'Los comedores de goblins', 'los-comedores-de-goblins', 4, 5, 1, 1, 0, 170000, 1100000, NULL, NULL, NULL, NULL, NULL, NULL),
(21, 9, 13, 'Sombras de Sauron', 'sombras-de-sauron', 2, 5, 0, 0, 1, 100000, 1220000, NULL, NULL, NULL, NULL, NULL, NULL),
(22, 10, 11, 'Johannes Ludwig', 'johannes-ludwig', 3, 6, 0, 0, 1, 280000, 1460000, NULL, NULL, NULL, NULL, NULL, NULL),
(23, 11, 13, 'Loz partepiñoz', 'loz-partepinoz', 4, 4, 0, 0, 0, 180000, 1570000, NULL, NULL, NULL, NULL, NULL, NULL),
(24, 12, 11, 'Pablos Team', 'pablos-team', 0, 0, 0, 0, 0, 1000000, 0, NULL, NULL, NULL, NULL, NULL, NULL),
(25, 13, 3, 'Los innombrables', 'los-innombrables', 4, 8, 0, 0, 1, 70000, 1770000, NULL, NULL, NULL, NULL, NULL, NULL),
(26, 14, 12, 'Estrellas de Nagash', 'estrellas-de-nagash', 4, 10, 0, 0, 0, 100000, 1620000, NULL, NULL, NULL, NULL, NULL, NULL),
(27, 2, 23, 'Pisarranas', 'pisarranas', 3, 5, 0, 0, 0, 0, 1000000, NULL, NULL, NULL, NULL, NULL, NULL),
(28, 11, 10, 'Koke\'s Team', 'koke-s-team', 2, 5, 0, 0, 0, 50000, 1070000, NULL, NULL, NULL, NULL, NULL, NULL),
(29, 5, 5, 'Los veganos de Springwood', 'los-veganos-de-springwood', 2, 1, 0, 0, 0, 50000, 1000000, NULL, NULL, NULL, NULL, NULL, NULL),
(30, 1, 7, 'Abaddon', 'abaddon', 1, 4, 0, 0, 0, 50000, 1110000, NULL, NULL, NULL, NULL, NULL, NULL),
(31, 10, 15, 'Ivan Ogareff', 'ivan-ogareff', 2, 4, 0, 0, 1, 70000, 1020000, NULL, NULL, NULL, NULL, NULL, NULL),
(32, 17, 5, 'Delirium Tremens', 'delirium-tremens', 2, 5, 0, 0, 1, 70000, 1020000, NULL, NULL, NULL, NULL, NULL, NULL),
(34, 16, 4, 'DaniMous Team', 'danimous-team', 1, 3, 0, 0, 0, 70000, 1050000, NULL, NULL, NULL, NULL, NULL, NULL),
(38, 2, 15, 'Pukmen', 'pukmen', 2, 0, 0, 0, 1, 40000, 0, '2017-11-23 13:18:48', '2017-12-01 09:29:47', NULL, 1, 1, NULL);

-- --------------------------------------------------------

--
-- Estructura de tabla para la tabla `tournaments`
--

CREATE TABLE `tournaments` (
  `id` tinyint(3) UNSIGNED NOT NULL,
  `name` tinytext CHARACTER SET utf8 NOT NULL,
  `permalink` varchar(255) CHARACTER SET utf8 NOT NULL,
  `begin` date NOT NULL,
  `end` date NOT NULL,
  `description` text CHARACTER SET utf8 NOT NULL,
  `score` text CHARACTER SET utf8 NOT NULL,
  `playoffs` tinyint(1) UNSIGNED NOT NULL DEFAULT '0',
  `groups` tinyint(1) UNSIGNED NOT NULL DEFAULT '0',
  `page_title` tinytext CHARACTER SET utf8 NOT NULL,
  `page_description` tinytext CHARACTER SET utf8 NOT NULL,
  `page_keywords` tinytext CHARACTER SET utf8 NOT NULL,
  `created_at` datetime DEFAULT NULL,
  `updated_at` datetime DEFAULT NULL,
  `deleted_at` datetime DEFAULT NULL,
  `created_by` int(11) DEFAULT NULL,
  `updated_by` int(11) DEFAULT NULL,
  `deleted_by` int(11) DEFAULT NULL
) ENGINE=InnoDB DEFAULT CHARSET=utf8 COLLATE=utf8_spanish_ci ROW_FORMAT=DYNAMIC;

--
-- Volcado de datos para la tabla `tournaments`
--

INSERT INTO `tournaments` (`id`, `name`, `permalink`, `begin`, `end`, `description`, `score`, `playoffs`, `groups`, `page_title`, `page_description`, `page_keywords`, `created_at`, `updated_at`, `deleted_at`, `created_by`, `updated_by`, `deleted_by`) VALUES
(1, 'IV Trofeo', 'iv-trofeo', '2008-08-16', '2009-10-15', '<p><img class=\"img-responsive pull-right\" title=\"Logo del IV Trofeo Ria de Nurgle\" src=\"assets/img/tournaments/haut.jpg\" alt=\"Logo del IV Trofeo Ria de Nurgle\" /></p>\r\n<p>Este a&ntilde;o se han congregado 10 jugadores para este trofeo tan particular, los cuales disputar&aacute;n una fase de liguilla, compuesta por 9 partidos, en los que se enfrentar&aacute;n todos los equipos entre s&iacute;</p>\r\n<p>Una vez finalizada, se jugar&aacute; el play-off entre 4 equipos afortunados, a saber, el 1&ordm;,2&ordm;,3&ordm; y 4&ordm; extra&iacute;dos de la clasificaci&oacute;n final de la liguilla, enfrent&aacute;ndose 1&ordm; contra 4&ordm; y 2&ordm; contra 3&ordm;. Los vencedores disputar&aacute;n la final y los apaleados el 3&ordm; y 4&ordm; puesto. Estos valientes se jugar&aacute;n el todo por el todo para acceder a los ansiados trofeos, que se detallan a continuaci&oacute;n</p>\r\n<ul>\r\n<li>Para el 3&ordm; clasificado, pero no por ello menos importante, le corresponden 40.000 monedas de oro y el jugador Rata</li>\r\n<li>Para el 2&ordm; clasificado, el que fall&oacute; en el &uacute;ltimo momento, le corresponden 60.000 monedas de oro y el jugador Sapo</li>\r\n<li>Para el 1&ordm; clasificado, nervios de acero hasta el final, le corresponden 80.000 monedas de oro y el jugador Nurglete</li>\r\n</ul>\r\n<p>Los jugadores que se entregan con los premios no podr&aacute;n coger el bal&oacute;n, debido a su peque&ntilde;o tama&ntilde;o. No ocupar&aacute;n espacio en la ficha de equipo, dado que jugar&aacute;n con el n&uacute;mero 17. Debido a que han sido encontrados en las inmundas cloacas radioactivas que desembocan en nuestra querida Ria de Nurgle, las mutaciones producidas por a&ntilde;os de vertidos radioactivos incontrolados les permiten ser \"inmortales\". Para conocer m&aacute;s detalles de dichas inmundicias, digo, jugadores, aqu&iacute; se muestran sus datos:</p>\r\n<table class=\"table table-striped\">\r\n<thead>\r\n<tr>\r\n<th title=\"Posici&oacute;n\">Posici&oacute;n</th>\r\n<th title=\"Movimiento\">MO</th>\r\n<th title=\"Fuerza\">FU</th>\r\n<th title=\"Agilidad\">AG</th>\r\n<th title=\"Armadura\">AR</th>\r\n<th title=\"Habilidades\">Habilidades</th>\r\n<th title=\"Heridas\">Heridas</th>\r\n<th title=\"Pases Completos\">Comp</th>\r\n<th title=\"Touch Downs\">TD</th>\r\n<th title=\"Intercepciones\">Int</th>\r\n<th title=\"Bajas\">Cas</th>\r\n<th title=\"Mejor Jugador del Encuentro\">MJE</th>\r\n<th title=\"Puntos de Experiencia\">PE</th>\r\n</tr>\r\n</thead>\r\n<tbody>\r\n<tr>\r\n<td>Rata</td>\r\n<td class=\"text-center\">5</td>\r\n<td class=\"text-center\">1</td>\r\n<td class=\"text-center\">3</td>\r\n<td class=\"text-center\">4</td>\r\n<td>Esquivar, escabullirse, <strong>perseguir</strong></td>\r\n<td class=\"text-center\">&nbsp;</td>\r\n<td class=\"text-center\">-</td>\r\n<td class=\"text-center\">-</td>\r\n<td class=\"text-center\">3</td>\r\n<td class=\"text-center\">-</td>\r\n<td class=\"text-center\">-</td>\r\n<td class=\"text-center\">6</td>\r\n</tr>\r\n<tr>\r\n<td>Sapo</td>\r\n<td class=\"text-center\">3</td>\r\n<td class=\"text-center\">1</td>\r\n<td class=\"text-center\">4</td>\r\n<td class=\"text-center\">4</td>\r\n<td>Esquivar, saltar, escabullirse, <strong>placaje m&uacute;ltiple</strong>, <strong>abrirse paso</strong></td>\r\n<td class=\"text-center\">&nbsp;</td>\r\n<td class=\"text-center\">-</td>\r\n<td class=\"text-center\">-</td>\r\n<td class=\"text-center\">-</td>\r\n<td class=\"text-center\">6</td>\r\n<td class=\"text-center\">-</td>\r\n<td class=\"text-center\">12</td>\r\n</tr>\r\n<tr>\r\n<td>Nurglete</td>\r\n<td class=\"text-center\">2</td>\r\n<td class=\"text-center\">2</td>\r\n<td class=\"text-center\">1</td>\r\n<td class=\"text-center\">6</td>\r\n<td>Apariencia asquerosa, regeneraci&oacute;n, <strong>tent&aacute;culos</strong>, <strong>aplastar</strong>, <strong>patada</strong></td>\r\n<td class=\"text-center\">&nbsp;</td>\r\n<td class=\"text-center\">-</td>\r\n<td class=\"text-center\">-</td>\r\n<td class=\"text-center\">-</td>\r\n<td class=\"text-center\">-</td>\r\n<td class=\"text-center\">5</td>\r\n<td class=\"text-center\">25</td>\r\n</tr>\r\n</tbody>\r\n</table>\r\n<p>Al final de cada liga, el equipo que tenga \"fichados\" a estos jugadores los ceder&aacute; a los campeones del trofeo que se haya disputado</p>\r\n<p>Por cierto, se me olvidaba, las reglas a seguir, si es que alguien las sigue (todos sabemos que esto es BloodBowl), son las de 4&ordf; edici&oacute;n. El que debe imponer la ley y el orden ser&aacute; el &aacute;rbitro del encuentro. En todos los encuentros tiene que haber uno, para que no hag&aacute;is trampas en las hojas de equipo</p>', '<ul>\r\n<li>Por cada partido ganado que tengas te mereces un total de 4 puntos</li>\r\n<li>Por cada partido empatado que tengas te mereces un total de 2 puntos</li>\r\n<li>Por cada partido perdido por 1 touch down que tengas te mereces un total de 2 puntos</li>\r\n<li>Por cada partido perdido por 2 o m&aacute;s touch downs que tengas te mereces 1 punto</li>\r\n<li>Si no te presentas a un partido, a parte de no recibir ning&uacute;n punto, se te restar&aacute; 1 al factor de hinchas, adem&aacute;s tu tirada de mejor jugador del encuentro pasar&aacute; a beneficiar al oponente, as&iacute; como la recaudaci&oacute;n del encuentro</li>\r\n</ul>', 1, 0, '', '', '', '2008-09-29 10:12:38', '2018-02-15 15:47:06', NULL, NULL, 1, NULL),
(2, 'Copa Spike \'09', 'copa-spike-09', '2009-01-16', '2009-02-28', '<p><img class=\"pull-right\" title=\"Copa Spike\" src=\"assets/img/tournaments/spike.jpg\" alt=\"Copa Spike\" /></p>\r\n<p>Se jugaran 3 rondas contra oponentes aleatorios. Y solo 3 rondas.</p>\r\n<h3>Premios</h3>\r\n<ul>\r\n<li>1) 40k monedas de oro + <abbr title=\"Mejor Jugador del Encuentro\">MJE</abbr> elegido</li>\r\n<li>2) 30k monedas de oro + <abbr title=\"Mejor Jugador del Encuentro\">MJE</abbr> al azar</li>\r\n<li>3) 20k monedas de oro</li>\r\n<li>Al jugador con m&aacute;s experiencia se le conceder&aacute; la habilidad extraordinaria: \"Favorito del publico\"</li>\r\n<li>Al equipo con m&aacute;s bajas se le conceder&aacute;: +1 animadora</li>\r\n<li>Al equipo con m&aacute;s <abbr title=\"Touch Downs\">TD</abbr> se le conceder&aacute;: +1 animadora</li>\r\n</ul>\r\n<p>La copa empezar&aacute; el dia 18 de enero (lunes) del 2009 y terminara el 28 de Febrero (sabado) del 2009. El plazo para entregar los equipos sera hasta el dia 17. Todos los equipos deber&aacute;n ser equipos nuevos con 1.000.000 de monedas, satisfaciendo las reglas de sexta edici&oacute;n.</p>\r\n<h3>Equipos permitidos</h3>\r\n<ul>\r\n<li>Altos Elfos</li>\r\n<li>Amazonas</li>\r\n<li>Caos</li>\r\n<li>Condes Vampiro</li>\r\n<li>Elfos</li>\r\n<li>Elfos Oscuros</li>\r\n<li>Elfos Silvanos</li>\r\n<li>Enanos</li>\r\n<li>Enanos del Caos</li>\r\n<li>Goblins</li>\r\n<li>Halflings</li>\r\n<li>Hombres Lagarto</li>\r\n<li>Humanos</li>\r\n<li>Khemri</li>\r\n<li>Nigromanticos</li>\r\n<li>No Muertos</li>\r\n<li>Nordicos</li>\r\n<li>Nurgle</li>\r\n<li>Ogros</li>\r\n<li>Orcos</li>\r\n<li>Skaven</li>\r\n<li>Pacto del Caos</li>\r\n<li>Underworld</li>\r\n<li>Slann</li>\r\n</ul>', '<ul>\r\n<li>Por cada partido ganado que tengas te mereces un total de 30 puntos</li>\r\n<li>Por cada partido empatado que tengas te mereces un total de 14 puntos</li>\r\n<li>Por cada partido perdido que tengas te mereces un total de 6 puntos</li>\r\n<li>Si no te presentas a un partido, a parte de no recibir ning&uacute;n punto, se te restar&aacute; 1 al factor de hinchas, adem&aacute;s tu tirada de mejor jugador del encuentro pasar&aacute; a beneficiar al oponente, as&iacute; como la recaudaci&oacute;n del encuentro</li>\r\n</ul>\r\n<p>+/- 1 por baja neta. Solo las bajas que normalmente otorgan puntos de experiencia contar&aacute;n. As&iacute; pues no contar&aacute;n las bajas causadas por el p&uacute;blico, \"a por ellos\" fallados, esquivas falladas etc.</p>\r\n<p>+/- 1 Por touchdown neto.</p>\r\n<p>Estos modificadores tendr&aacute;n un m&aacute;ximo de +/- 6 puntos.</p>', 1, 0, '', '', '', '2009-01-22 10:13:01', '2018-02-15 16:37:49', NULL, NULL, 1, NULL),
(3, 'V Trofeo', 'v-trofeo', '2009-03-16', '2009-08-31', '<p><img style=\"float: right; padding: 15px;\" title=\"Logo del V Trofeo Ria de Nurgle\" src=\"assets/img/tournaments/v_trofeo.jpg\" alt=\"Logo del V Trofeo Ria de Nurgle\" width=\"351\" height=\"212\" /></p>\r\n<p>Este a&ntilde;o se han congregado 12 jugadores para este trofeo tan particular, los cuales disputar&aacute;n una fase de liguilla, compuesta por 11 partidos, en los que se enfrentar&aacute;n todos los equipos entre s&iacute;</p>\r\n<h3>Equipos permitidos</h3>\r\n<ul>\r\n<li>Altos Elfos</li>\r\n<li>Amazonas</li>\r\n<li>Caos</li>\r\n<li>Condes Vampiro</li>\r\n<li>Elfos</li>\r\n<li>Elfos Oscuros</li>\r\n<li>Elfos Silvanos</li>\r\n<li>Enanos</li>\r\n<li>Enanos del Caos</li>\r\n<li>Goblins</li>\r\n<li>Halflings</li>\r\n<li>Hombres Lagarto</li>\r\n<li>Humanos</li>\r\n<li>Khemri</li>\r\n<li>Nigromanticos</li>\r\n<li>No Muertos</li>\r\n<li>Nordicos</li>\r\n<li>Nurgle</li>\r\n<li>Ogros</li>\r\n<li>Orcos</li>\r\n<li>Skaven</li>\r\n<li>Pacto del Caos</li>\r\n<li>Underworld</li>\r\n<li>Slann</li>\r\n</ul>\r\n<p>Una vez finalizada la liguilla, se jugar&aacute;n los play-off entre 8 equipos afortunados, a saber, del 1&ordm; al 8&ordm; extra&iacute;dos de la clasificaci&oacute;n final de la liguilla, enfrent&aacute;ndose 1&ordm; contra 8&ordm;, 2&ordm; contra 7&ordm;, etc. Los vencedores disputar&aacute;n la siguiente fase hasta que se llegue a la final y semifinal. Los 4 valientes se jugar&aacute;n el todo por el todo para acceder a los ansiados trofeos.</p>\r\n<h3>Premios</h3>\r\n<ul>\r\n<li>Para el 3&ordm; clasificado, pero no por ello menos importante, le corresponden 40.000 monedas de oro y el jugador Rata</li>\r\n<li>Para el 2&ordm; clasificado, el que fall&oacute; en el &uacute;ltimo momento, le corresponden 60.000 monedas de oro y el jugador Sapo</li>\r\n<li>Para el 1&ordm; clasificado, nervios de acero hasta el final, le corresponden 80.000 monedas de oro y el jugador Nurglete</li>\r\n</ul>\r\n<p>Los jugadores que se entregan con los premios no podr&aacute;n coger el bal&oacute;n, debido a su peque&ntilde;o tama&ntilde;o. No ocupar&aacute;n espacio en la ficha de equipo, dado que jugar&aacute;n con el n&uacute;mero 17. Debido a que han sido encontrados en las inmundas cloacas radioactivas que desembocan en nuestra querida Ria de Nurgle, las mutaciones producidas por a&ntilde;os de vertidos radioactivos incontrolados les permiten ser \"inmortales\". Para conocer m&aacute;s detalles de dichas inmundicias, digo, jugadores, aqu&iacute; se muestran sus datos:</p>\r\n<table class=\"table table-striped\">\r\n<thead>\r\n<tr>\r\n<th title=\"Posici&oacute;n\">Posici&oacute;n</th>\r\n<th title=\"Movimiento\">MO</th>\r\n<th title=\"Fuerza\">FU</th>\r\n<th title=\"Agilidad\">AG</th>\r\n<th title=\"Armadura\">AR</th>\r\n<th title=\"Habilidades\">Habilidades</th>\r\n<th title=\"Heridas\">Heridas</th>\r\n<th title=\"Pases Completos\">Comp</th>\r\n<th title=\"Touch Downs\">TD</th>\r\n<th title=\"Intercepciones\">Int</th>\r\n<th title=\"Bajas\">Cas</th>\r\n<th title=\"Mejor Jugador del Encuentro\">MJE</th>\r\n<th title=\"Puntos de Experiencia\">PE</th>\r\n</tr>\r\n</thead>\r\n<tbody>\r\n<tr>\r\n<td>Rata</td>\r\n<td class=\"text-center\">5</td>\r\n<td class=\"text-center\">1</td>\r\n<td class=\"text-center\">3</td>\r\n<td class=\"text-center\">4</td>\r\n<td>Sin Manos, Esquivar, escabullirse, <strong>perseguir</strong></td>\r\n<td class=\"text-center\">&nbsp;</td>\r\n<td class=\"text-center\">-</td>\r\n<td class=\"text-center\">-</td>\r\n<td class=\"text-center\">3</td>\r\n<td class=\"text-center\">-</td>\r\n<td class=\"text-center\">-</td>\r\n<td class=\"text-center\">6</td>\r\n</tr>\r\n<tr>\r\n<td>Sapo</td>\r\n<td class=\"text-center\">3</td>\r\n<td class=\"text-center\">1</td>\r\n<td class=\"text-center\">4</td>\r\n<td class=\"text-center\">4</td>\r\n<td>Sin Manos, Esquivar, saltar, escabullirse, <strong>placaje m&uacute;ltiple</strong>, <strong>abrirse paso</strong></td>\r\n<td class=\"text-center\">&nbsp;</td>\r\n<td class=\"text-center\">-</td>\r\n<td class=\"text-center\">-</td>\r\n<td class=\"text-center\">-</td>\r\n<td class=\"text-center\">6</td>\r\n<td class=\"text-center\">-</td>\r\n<td class=\"text-center\">12</td>\r\n</tr>\r\n<tr>\r\n<td>Nurglete</td>\r\n<td class=\"text-center\">2</td>\r\n<td class=\"text-center\">2</td>\r\n<td class=\"text-center\">1</td>\r\n<td class=\"text-center\">6</td>\r\n<td>Sin Manos, Apariencia asquerosa, regeneraci&oacute;n, <strong>tent&aacute;culos</strong>, <strong>aplastar</strong>, <strong>patada</strong></td>\r\n<td class=\"text-center\">&nbsp;</td>\r\n<td class=\"text-center\">-</td>\r\n<td class=\"text-center\">-</td>\r\n<td class=\"text-center\">-</td>\r\n<td class=\"text-center\">-</td>\r\n<td class=\"text-center\">5</td>\r\n<td class=\"text-center\">25</td>\r\n</tr>\r\n</tbody>\r\n</table>\r\n<p>Al final de cada liga, el equipo que tenga \"fichados\" a estos jugadores los ceder&aacute; a los campeones del trofeo que se haya disputado</p>\r\n<p>Por cierto, se me olvidaba, las reglas a seguir, si es que alguien las sigue (todos sabemos que esto es BloodBowl), son las de 6&ordf; edici&oacute;n. El que debe imponer la ley y el orden ser&aacute; el &aacute;rbitro del encuentro. En todos los encuentros tiene que haber uno, para que no hag&aacute;is trampas en las hojas de equipo</p>', '<ul>\r\n<li>Por cada partido ganado que tengas te mereces un total de 30 puntos</li>\r\n<li>Por cada partido empatado que tengas te mereces un total de 14 puntos</li>\r\n<li>Por cada partido perdido que tengas te mereces un total de 6 puntos</li>\r\n<li>Si no te presentas a un partido, a parte de no recibir ning&uacute;n punto, se te restar&aacute; 1 al factor de hinchas, adem&aacute;s tu tirada de mejor jugador del encuentro pasar&aacute; a beneficiar al oponente, as&iacute; como la recaudaci&oacute;n del encuentro</li>\r\n</ul>\r\n<p>+/- 1 por baja neta. Solo las bajas que normalmente otorgan puntos de experiencia contar&aacute;n. As&iacute; pues no contar&aacute;n las bajas causadas por el p&uacute;blico, \"a por ellos\" fallados, esquivas falladas etc.</p>\r\n<p>+/- 1 Por touchdown neto.</p>\r\n<p>Estos modificadores tendr&aacute;n un m&aacute;ximo de +/- 6 puntos.</p>', 1, 0, '', '', '', '2009-05-09 10:12:14', '2018-02-15 16:38:38', NULL, NULL, 1, NULL),
(4, 'Copa Caos', 'copa-caos', '2009-10-01', '2009-12-15', '<h3>Sistema de juego</h3>\r\n<p>Se jugar&aacute; formato mundial de f&uacute;tbol: X grupos de Y equipos cada uno (si somos 12, ser&aacute; 3 grupos de 4 equipos, si hay m&aacute;s gente ser&aacute;n m&aacute;s grupos pero de 3 equipos, a no ser que seamos 16). De cada grupo pasar&aacute;n los 2 primeros clasificados a participar en los playoff eliminatorios (en caso de no completar los 8 puestos de playoff, se incluir&aacute;n los mejores terceros puestos de los grupos).</p>\r\n<h3>Premios</h3>\r\n<p>Ir&aacute;n en consonancia con los dioses a los que adoran los hinchas y algunos participantes de la copa:</p>\r\n<ul>\r\n<li>1&ordm; puesto: una mutaci&oacute;n al azar a un jugador al azar</li>\r\n<li>2&ordm; puesto: 40k monedas de oro (pte confirmar)</li>\r\n<li>3&ordm; puesto: 20k monedas de oro (pte confirmar)</li>\r\n</ul>\r\n<h4>Premios especiales</h4>\r\n<ul>\r\n<li>Habr&aacute; un premio para el jugador con m&aacute;s experiencia (pte decidir).</li>\r\n<li>Habr&aacute; un premio al farolillo rojo en forma de 1 ayudante de entrenador que se otorgar&aacute; al equipo con menos puntos (si hay m&aacute;s de un equipo con los mismos puntos, se otorgar&aacute; a todos los equipos).</li>\r\n<li>Al jugador con m&aacute;s Touch Downs: +1 animadora para el equipo.</li>\r\n<li>Al jugador con m&aacute;s Bajas: +1 animadora para el equipo.</li>\r\n<li>Al jugador con m&aacute;s expulsiones: +1 al factor de hinchas para el equipo.</li>\r\n</ul>\r\n<p>A&uacute;n no se han establecido por completo, pero puedes echar un vistazo a la discusi&oacute;n del tema en el foro: <a title=\"Hilo de la Copa Caos\" href=\"http://trofeonurgle.servegame.org/foro/viewtopic.php?f=14&amp;t=74\" target=\"_blank\">Hilo de la Copa Caos</a>.</p>\r\n<h3>Fechas</h3>\r\n<p>La copa empezar&aacute; el dia 1 de octubre de 2009 y terminar&aacute; aproximadamente el 15 de diciembre de 2009 (dependiendo de cu&aacute;ntos equipos participen). El plazo para entregar los equipos ser&aacute; entre los d&iacute;as 10 y 20 de septiembre de 2009. Las jornadas durar&aacute;n 15 d&iacute;as, para que aquellos que trabajen y no tengan mucho tiempo puedan jugar.</p>\r\n<h3>Participantes</h3>\r\n<p>Los equipos podr&aacute;n ser antiguos equipos de los entrenadores que vienen participando en los torneos con un valor m&aacute;ximo de 1250k monedas de oro o equipos nuevos con un valor de 1.000.000 de monedas, satisfaciendo las <a title=\"Reglas de sexta edici&oacute;n\" href=\"http://trofeonurgle.servegame.org/foro/viewtopic.php?f=11&amp;t=22\" target=\"_blank\">reglas de sexta edici&oacute;n</a>.</p>\r\n<h3>Equipos permitidos</h3>\r\n<ul>\r\n<li>Altos Elfos</li>\r\n<li>Amazonas</li>\r\n<li>Caos</li>\r\n<li>Condes Vampiro</li>\r\n<li>Elfos</li>\r\n<li>Elfos Oscuros</li>\r\n<li>Elfos Silvanos</li>\r\n<li>Enanos</li>\r\n<li>Enanos del Caos</li>\r\n<li>Goblins</li>\r\n<li>Halflings</li>\r\n<li>Hombres Lagarto</li>\r\n<li>Humanos</li>\r\n<li>Khemri</li>\r\n<li>Nigromanticos</li>\r\n<li>No Muertos</li>\r\n<li>Nordicos</li>\r\n<li>Nurgle</li>\r\n<li>Ogros</li>\r\n<li>Orcos</li>\r\n<li>Skaven</li>\r\n<li>Pacto del Caos</li>\r\n<li>Underworld</li>\r\n<li>Slann</li>\r\n</ul>', '<ul>\r\n<li>Por cada partido ganado que tengas te mereces un total de 30 puntos</li>\r\n<li>Por cada partido empatado que tengas te mereces un total de 14 puntos</li>\r\n<li>Por cada partido perdido que tengas te mereces un total de 6 puntos</li>\r\n<li>Si no te presentas a un partido, a parte de no recibir ning&uacute;n punto, se te restar&aacute; 1 al factor de hinchas, adem&aacute;s tu tirada de mejor jugador del encuentro pasar&aacute; a beneficiar al oponente, as&iacute; como la recaudaci&oacute;n del encuentro</li>\r\n</ul>\r\n<p>+/- 1 por baja neta. Solo las bajas que normalmente otorgan puntos de experiencia contar&aacute;n. As&iacute; pues no contar&aacute;n las bajas causadas por el p&uacute;blico, \"a por ellos\" fallados, esquivas falladas, etc.</p>\r\n<p>+/- 1 Por touchdown neto.</p>\r\n<p>Estos modificadores tendr&aacute;n un m&aacute;ximo de +/- 6 puntos.</p>', 1, 1, '', '', '', '2009-09-19 10:13:17', '2018-02-15 16:23:02', NULL, NULL, 1, NULL);

-- --------------------------------------------------------

--
-- Estructura de tabla para la tabla `tournaments_players`
--

CREATE TABLE `tournaments_players` (
  `player_id` int(11) NOT NULL,
  `tournament_id` int(11) NOT NULL,
  `td` tinyint(3) UNSIGNED NOT NULL COMMENT 'touchdowns',
  `com` tinyint(3) UNSIGNED NOT NULL COMMENT 'completes',
  `itc` tinyint(3) UNSIGNED NOT NULL COMMENT 'interception',
  `cas` tinyint(3) UNSIGNED NOT NULL COMMENT 'casualties',
  `mvp` tinyint(3) UNSIGNED NOT NULL COMMENT 'most valuable player',
  `spp` smallint(5) UNSIGNED NOT NULL COMMENT 'star players points',
  `exp` tinyint(3) UNSIGNED NOT NULL COMMENT 'expulsion',
  `created_at` datetime DEFAULT NULL,
  `updated_at` datetime DEFAULT NULL,
  `deleted_at` datetime DEFAULT NULL,
  `created_by` int(11) DEFAULT NULL,
  `updated_by` int(11) DEFAULT NULL,
  `deleted_by` int(11) DEFAULT NULL
) ENGINE=InnoDB DEFAULT CHARSET=latin1 COLLATE=latin1_spanish_ci;

--
-- Volcado de datos para la tabla `tournaments_players`
--

INSERT INTO `tournaments_players` (`player_id`, `tournament_id`, `td`, `com`, `itc`, `cas`, `mvp`, `spp`, `exp`, `created_at`, `updated_at`, `deleted_at`, `created_by`, `updated_by`, `deleted_by`) VALUES
(1, 1, 0, 0, 0, 4, 1, 13, 0, NULL, NULL, NULL, NULL, NULL, NULL),
(1, 3, 0, 0, 0, 5, 1, 15, 0, NULL, NULL, NULL, NULL, NULL, NULL),
(2, 3, 0, 0, 0, 0, 0, 0, 0, NULL, NULL, NULL, NULL, NULL, NULL),
(3, 1, 0, 0, 0, 0, 0, 0, 0, NULL, NULL, NULL, NULL, NULL, NULL),
(3, 3, 1, 1, 0, 0, 1, 9, 0, NULL, NULL, NULL, NULL, NULL, NULL),
(4, 3, 0, 0, 0, 1, 0, 2, 0, NULL, NULL, NULL, NULL, NULL, NULL),
(5, 3, 0, 0, 0, 0, 0, 0, 0, NULL, NULL, NULL, NULL, NULL, NULL),
(6, 1, 1, 0, 0, 2, 1, 12, 0, NULL, NULL, NULL, NULL, NULL, NULL),
(6, 3, 0, 0, 0, 0, 1, 5, 0, NULL, NULL, NULL, NULL, NULL, NULL),
(7, 1, 3, 2, 0, 0, 2, 21, 0, NULL, NULL, NULL, NULL, NULL, NULL),
(7, 3, 0, 1, 0, 2, 0, 5, 0, NULL, NULL, NULL, NULL, NULL, NULL),
(8, 1, 1, 1, 0, 1, 1, 11, 0, NULL, NULL, NULL, NULL, NULL, NULL),
(8, 3, 2, 1, 0, 0, 2, 17, 0, NULL, NULL, NULL, NULL, NULL, NULL),
(9, 1, 0, 0, 0, 4, 2, 18, 0, NULL, NULL, NULL, NULL, NULL, NULL),
(9, 3, 0, 0, 0, 0, 0, 0, 0, NULL, NULL, NULL, NULL, NULL, NULL),
(10, 1, 1, 0, 1, 0, 1, 10, 0, NULL, NULL, NULL, NULL, NULL, NULL),
(10, 3, 1, 0, 0, 5, 1, 18, 0, NULL, NULL, NULL, NULL, NULL, NULL),
(11, 1, 2, 0, 0, 1, 0, 8, 0, NULL, NULL, NULL, NULL, NULL, NULL),
(11, 3, 2, 0, 0, 1, 0, 8, 0, NULL, NULL, NULL, NULL, NULL, NULL),
(12, 1, 0, 0, 0, 0, 0, 0, 0, NULL, NULL, NULL, NULL, NULL, NULL),
(12, 3, 0, 0, 0, 4, 1, 13, 0, NULL, NULL, NULL, NULL, NULL, NULL),
(13, 1, 1, 1, 0, 3, 1, 15, 0, NULL, NULL, NULL, NULL, NULL, NULL),
(13, 3, 0, 0, 0, 0, 0, 0, 0, NULL, NULL, NULL, NULL, NULL, NULL),
(14, 1, 1, 0, 0, 4, 0, 11, 0, NULL, NULL, NULL, NULL, NULL, NULL),
(14, 3, 0, 0, 0, 3, 2, 16, 0, NULL, NULL, NULL, NULL, NULL, NULL),
(15, 1, 0, 0, 0, 1, 0, 2, 0, NULL, NULL, NULL, NULL, NULL, NULL),
(16, 1, 2, 0, 0, 2, 0, 10, 0, NULL, NULL, NULL, NULL, NULL, NULL),
(17, 1, 1, 0, 0, 1, 2, 15, 0, NULL, NULL, NULL, NULL, NULL, NULL),
(18, 1, 0, 0, 0, 0, 0, 0, 0, NULL, NULL, NULL, NULL, NULL, NULL),
(19, 1, 0, 0, 0, 0, 0, 0, 0, NULL, NULL, NULL, NULL, NULL, NULL),
(20, 1, 2, 0, 0, 0, 0, 6, 0, NULL, NULL, NULL, NULL, NULL, NULL),
(21, 1, 0, 3, 0, 2, 0, 7, 0, NULL, NULL, NULL, NULL, NULL, NULL),
(22, 1, 4, 0, 0, 2, 2, 26, 0, NULL, NULL, NULL, NULL, NULL, NULL),
(23, 1, 2, 0, 0, 2, 0, 10, 0, NULL, NULL, NULL, NULL, NULL, NULL),
(24, 1, 0, 0, 1, 1, 0, 4, 0, NULL, NULL, NULL, NULL, NULL, NULL),
(25, 1, 0, 1, 0, 1, 2, 13, 0, NULL, NULL, NULL, NULL, NULL, NULL),
(26, 1, 0, 0, 0, 2, 0, 4, 0, NULL, NULL, NULL, NULL, NULL, NULL),
(27, 1, 0, 0, 0, 0, 0, 0, 0, NULL, NULL, NULL, NULL, NULL, NULL),
(28, 1, 0, 0, 0, 0, 1, 5, 0, NULL, NULL, NULL, NULL, NULL, NULL),
(29, 1, 0, 0, 0, 0, 0, 0, 0, NULL, NULL, NULL, NULL, NULL, NULL),
(30, 1, 1, 0, 0, 0, 0, 3, 0, NULL, NULL, NULL, NULL, NULL, NULL),
(31, 1, 0, 5, 0, 0, 1, 10, 0, NULL, NULL, NULL, NULL, NULL, NULL),
(32, 1, 0, 3, 0, 0, 1, 8, 0, NULL, NULL, NULL, NULL, NULL, NULL),
(33, 1, 0, 0, 0, 1, 0, 2, 0, NULL, NULL, NULL, NULL, NULL, NULL),
(34, 1, 0, 0, 0, 1, 0, 2, 0, NULL, NULL, NULL, NULL, NULL, NULL),
(35, 1, 4, 0, 0, 0, 1, 17, 0, NULL, NULL, NULL, NULL, NULL, NULL),
(36, 1, 3, 0, 1, 0, 3, 26, 0, NULL, NULL, NULL, NULL, NULL, NULL),
(37, 1, 0, 0, 0, 0, 0, 0, 0, NULL, NULL, NULL, NULL, NULL, NULL),
(38, 1, 2, 1, 0, 0, 2, 17, 0, NULL, NULL, NULL, NULL, NULL, NULL),
(39, 1, 0, 0, 0, 0, 1, 5, 0, NULL, NULL, NULL, NULL, NULL, NULL),
(40, 1, 0, 0, 0, 3, 1, 11, 0, NULL, NULL, NULL, NULL, NULL, NULL),
(41, 1, 0, 0, 0, 0, 1, 5, 0, NULL, NULL, NULL, NULL, NULL, NULL),
(42, 1, 0, 0, 0, 0, 0, 0, 0, NULL, NULL, NULL, NULL, NULL, NULL),
(43, 1, 2, 0, 0, 1, 0, 8, 0, NULL, NULL, NULL, NULL, NULL, NULL),
(44, 1, 0, 0, 1, 3, 0, 8, 0, NULL, NULL, NULL, NULL, NULL, NULL),
(45, 1, 0, 0, 0, 1, 0, 2, 0, NULL, NULL, NULL, NULL, NULL, NULL),
(46, 1, 0, 0, 0, 0, 0, 0, 0, NULL, NULL, NULL, NULL, NULL, NULL),
(47, 3, 1, 5, 0, 1, 1, 15, 0, NULL, NULL, NULL, NULL, NULL, NULL),
(48, 1, 0, 0, 0, 0, 1, 5, 0, NULL, NULL, NULL, NULL, NULL, NULL),
(48, 3, 1, 0, 0, 1, 2, 15, 0, NULL, NULL, NULL, NULL, NULL, NULL),
(49, 1, 1, 0, 0, 3, 2, 19, 0, NULL, NULL, NULL, NULL, NULL, NULL),
(49, 3, 0, 0, 0, 2, 0, 4, 0, NULL, NULL, NULL, NULL, NULL, NULL),
(50, 1, 0, 0, 0, 1, 1, 7, 0, NULL, NULL, NULL, NULL, NULL, NULL),
(50, 3, 0, 0, 0, 1, 1, 7, 0, NULL, NULL, NULL, NULL, NULL, NULL),
(51, 3, 0, 0, 0, 2, 2, 14, 0, NULL, NULL, NULL, NULL, NULL, NULL),
(52, 1, 3, 3, 0, 1, 2, 24, 0, NULL, NULL, NULL, NULL, NULL, NULL),
(52, 3, 4, 4, 0, 1, 0, 18, 0, NULL, NULL, NULL, NULL, NULL, NULL),
(53, 1, 2, 0, 0, 3, 0, 12, 0, NULL, NULL, NULL, NULL, NULL, NULL),
(53, 3, 2, 0, 0, 4, 2, 24, 0, NULL, NULL, NULL, NULL, NULL, NULL),
(54, 1, 0, 0, 0, 1, 0, 2, 0, NULL, NULL, NULL, NULL, NULL, NULL),
(54, 3, 0, 0, 0, 0, 1, 5, 0, NULL, NULL, NULL, NULL, NULL, NULL),
(55, 1, 0, 0, 0, 0, 1, 5, 0, NULL, NULL, NULL, NULL, NULL, NULL),
(55, 3, 0, 0, 0, 0, 0, 0, 0, NULL, NULL, NULL, NULL, NULL, NULL),
(56, 1, 1, 0, 0, 1, 1, 10, 0, NULL, NULL, NULL, NULL, NULL, NULL),
(56, 3, 0, 2, 0, 2, 0, 6, 0, NULL, NULL, NULL, NULL, NULL, NULL),
(57, 1, 2, 0, 0, 1, 0, 8, 0, NULL, NULL, NULL, NULL, NULL, NULL),
(57, 3, 1, 0, 0, 1, 0, 5, 0, NULL, NULL, NULL, NULL, NULL, NULL),
(58, 3, 0, 0, 0, 1, 1, 7, 0, NULL, NULL, NULL, NULL, NULL, NULL),
(59, 3, 1, 0, 0, 0, 0, 3, 0, NULL, NULL, NULL, NULL, NULL, NULL),
(60, 1, 1, 0, 1, 2, 0, 9, 0, NULL, '2017-12-01 11:18:08', NULL, NULL, 1, NULL),
(61, 1, 4, 0, 0, 1, 4, 34, 0, NULL, '2017-12-01 11:18:08', NULL, NULL, 1, NULL),
(62, 1, 2, 0, 0, 0, 1, 11, 0, NULL, '2017-12-01 11:18:08', NULL, NULL, 1, NULL),
(63, 1, 2, 0, 0, 1, 0, 8, 0, NULL, '2017-12-01 11:18:08', NULL, NULL, 1, NULL),
(64, 1, 0, 0, 0, 2, 2, 14, 0, NULL, '2017-12-01 11:18:08', NULL, NULL, 1, NULL),
(65, 1, 0, 0, 0, 3, 0, 6, 0, NULL, '2017-12-01 11:18:08', NULL, NULL, 1, NULL),
(66, 1, 0, 0, 0, 1, 0, 2, 0, NULL, '2017-12-01 11:18:08', NULL, NULL, 1, NULL),
(67, 1, 0, 0, 0, 1, 0, 2, 0, NULL, '2017-12-01 11:18:08', NULL, NULL, 1, NULL),
(68, 1, 0, 4, 0, 0, 0, 4, 0, NULL, '2017-12-01 11:18:08', NULL, NULL, 1, NULL),
(69, 1, 0, 0, 0, 1, 0, 2, 0, NULL, '2017-12-01 11:18:08', NULL, NULL, 1, NULL),
(70, 1, 2, 0, 0, 1, 2, 18, 0, NULL, '2017-12-01 11:18:08', NULL, NULL, 1, NULL),
(71, 1, 0, 0, 0, 2, 0, 4, 0, NULL, '2017-12-01 11:18:08', NULL, NULL, 1, NULL),
(72, 1, 0, 0, 0, 0, 0, 0, 0, NULL, '2017-12-01 11:18:08', NULL, NULL, 1, NULL),
(73, 3, 0, 1, 0, 0, 1, 6, 0, NULL, NULL, NULL, NULL, NULL, NULL),
(74, 3, 0, 0, 0, 0, 0, 0, 0, NULL, NULL, NULL, NULL, NULL, NULL),
(75, 1, 0, 2, 0, 0, 1, 7, 0, NULL, NULL, NULL, NULL, NULL, NULL),
(75, 3, 4, 2, 0, 3, 1, 25, 0, NULL, NULL, NULL, NULL, NULL, NULL),
(76, 1, 1, 1, 0, 2, 2, 18, 0, NULL, NULL, NULL, NULL, NULL, NULL),
(76, 3, 2, 1, 0, 10, 4, 47, 0, NULL, NULL, NULL, NULL, NULL, NULL),
(77, 3, 0, 0, 0, 0, 0, 0, 0, NULL, NULL, NULL, NULL, NULL, NULL),
(78, 3, 0, 0, 0, 0, 0, 0, 0, NULL, NULL, NULL, NULL, NULL, NULL),
(79, 1, 2, 1, 0, 1, 0, 9, 0, NULL, NULL, NULL, NULL, NULL, NULL),
(79, 3, 9, 5, 1, 4, 0, 42, 0, NULL, NULL, NULL, NULL, NULL, NULL),
(80, 1, 5, 0, 0, 0, 0, 15, 0, NULL, NULL, NULL, NULL, NULL, NULL),
(80, 3, 5, 4, 0, 3, 0, 25, 0, NULL, NULL, NULL, NULL, NULL, NULL),
(81, 1, 4, 7, 0, 1, 2, 31, 0, NULL, NULL, NULL, NULL, NULL, NULL),
(81, 3, 13, 7, 0, 1, 0, 48, 0, NULL, NULL, NULL, NULL, NULL, NULL),
(82, 3, 3, 2, 0, 0, 3, 26, 0, NULL, NULL, NULL, NULL, NULL, NULL),
(83, 1, 3, 0, 0, 0, 0, 9, 0, NULL, NULL, NULL, NULL, NULL, NULL),
(83, 3, 4, 2, 0, 0, 0, 14, 0, NULL, NULL, NULL, NULL, NULL, NULL),
(84, 1, 0, 19, 0, 0, 1, 24, 0, NULL, NULL, NULL, NULL, NULL, NULL),
(84, 3, 0, 29, 0, 4, 1, 42, 0, NULL, NULL, NULL, NULL, NULL, NULL),
(85, 1, 0, 0, 0, 3, 2, 16, 0, NULL, NULL, NULL, NULL, NULL, NULL),
(85, 3, 0, 0, 0, 8, 1, 21, 0, NULL, NULL, NULL, NULL, NULL, NULL),
(86, 1, 0, 0, 0, 6, 0, 12, 0, NULL, NULL, NULL, NULL, NULL, NULL),
(86, 3, 0, 0, 0, 7, 1, 19, 0, NULL, NULL, NULL, NULL, NULL, NULL),
(87, 1, 2, 0, 0, 0, 2, 16, 0, NULL, NULL, NULL, NULL, NULL, NULL),
(87, 3, 0, 1, 1, 1, 0, 5, 0, NULL, NULL, NULL, NULL, NULL, NULL),
(88, 1, 2, 1, 0, 0, 1, 12, 0, NULL, NULL, NULL, NULL, NULL, NULL),
(88, 3, 0, 1, 0, 1, 0, 3, 0, NULL, NULL, NULL, NULL, NULL, NULL),
(89, 1, 4, 0, 0, 3, 1, 23, 0, NULL, NULL, NULL, NULL, NULL, NULL),
(89, 3, 6, 1, 1, 1, 0, 23, 0, NULL, NULL, NULL, NULL, NULL, NULL),
(90, 1, 3, 1, 0, 0, 1, 15, 0, NULL, NULL, NULL, NULL, NULL, NULL),
(90, 3, 6, 0, 0, 0, 2, 28, 0, NULL, NULL, NULL, NULL, NULL, NULL),
(91, 1, 2, 11, 0, 1, 0, 19, 0, NULL, NULL, NULL, NULL, NULL, NULL),
(91, 3, 0, 7, 0, 0, 2, 17, 0, NULL, NULL, NULL, NULL, NULL, NULL),
(92, 1, 0, 4, 0, 0, 2, 14, 0, NULL, NULL, NULL, NULL, NULL, NULL),
(92, 3, 0, 9, 0, 0, 2, 19, 0, NULL, NULL, NULL, NULL, NULL, NULL),
(93, 1, 0, 0, 0, 2, 1, 9, 0, NULL, NULL, NULL, NULL, NULL, NULL),
(93, 3, 0, 0, 0, 1, 2, 12, 0, NULL, NULL, NULL, NULL, NULL, NULL),
(94, 1, 0, 0, 0, 0, 0, 0, 0, NULL, NULL, NULL, NULL, NULL, NULL),
(94, 3, 0, 0, 0, 1, 0, 2, 0, NULL, NULL, NULL, NULL, NULL, NULL),
(95, 1, 0, 0, 0, 0, 0, 0, 0, NULL, NULL, NULL, NULL, NULL, NULL),
(95, 3, 0, 0, 0, 0, 0, 0, 0, NULL, NULL, NULL, NULL, NULL, NULL),
(96, 1, 2, 0, 0, 0, 0, 6, 0, NULL, NULL, NULL, NULL, NULL, NULL),
(96, 3, 2, 0, 0, 0, 0, 6, 0, NULL, NULL, NULL, NULL, NULL, NULL),
(97, 1, 3, 0, 0, 0, 0, 9, 0, NULL, NULL, NULL, NULL, NULL, NULL),
(97, 3, 5, 1, 0, 0, 2, 26, 0, NULL, NULL, NULL, NULL, NULL, NULL),
(98, 1, 0, 0, 0, 0, 0, 0, 0, NULL, NULL, NULL, NULL, NULL, NULL),
(98, 3, 0, 0, 0, 1, 0, 2, 0, NULL, NULL, NULL, NULL, NULL, NULL),
(99, 1, 0, 0, 0, 0, 0, 0, 0, NULL, NULL, NULL, NULL, NULL, NULL),
(99, 3, 0, 0, 0, 0, 0, 0, 0, NULL, NULL, NULL, NULL, NULL, NULL),
(100, 1, 1, 1, 0, 0, 1, 9, 0, NULL, '2017-12-01 11:56:39', NULL, NULL, 1, NULL),
(100, 3, 0, 0, 0, 1, 0, 2, 0, NULL, NULL, NULL, NULL, NULL, NULL),
(101, 1, 0, 2, 0, 1, 1, 9, 0, NULL, '2017-12-01 11:56:39', NULL, NULL, 1, NULL),
(101, 3, 0, 2, 0, 0, 2, 12, 0, NULL, NULL, NULL, NULL, NULL, NULL),
(102, 1, 0, 4, 0, 1, 2, 16, 0, NULL, '2017-12-01 11:56:39', NULL, NULL, 1, NULL),
(102, 3, 1, 0, 0, 1, 0, 5, 0, NULL, NULL, NULL, NULL, NULL, NULL),
(103, 1, 0, 0, 0, 2, 0, 4, 0, NULL, '2017-12-01 11:56:39', NULL, NULL, 1, NULL),
(103, 3, 0, 0, 0, 2, 0, 4, 0, NULL, NULL, NULL, NULL, NULL, NULL),
(104, 1, 0, 1, 0, 1, 0, 3, 0, NULL, '2017-12-01 11:56:39', NULL, NULL, 1, NULL),
(104, 3, 0, 0, 0, 2, 0, 4, 0, NULL, NULL, NULL, NULL, NULL, NULL),
(105, 1, 2, 3, 0, 0, 0, 9, 0, NULL, '2017-12-01 11:56:39', NULL, NULL, 1, NULL),
(105, 3, 0, 0, 0, 0, 3, 15, 0, NULL, NULL, NULL, NULL, NULL, NULL),
(106, 1, 0, 0, 0, 0, 1, 5, 0, NULL, '2017-12-01 11:56:39', NULL, NULL, 1, NULL),
(106, 3, 0, 1, 0, 2, 3, 20, 0, NULL, NULL, NULL, NULL, NULL, NULL),
(107, 1, 0, 0, 0, 0, 0, 0, 0, NULL, '2017-12-01 11:56:39', NULL, NULL, 1, NULL),
(107, 3, 1, 1, 0, 1, 2, 16, 0, NULL, NULL, NULL, NULL, NULL, NULL),
(108, 1, 0, 13, 0, 0, 2, 23, 0, NULL, '2017-12-01 11:56:39', NULL, NULL, 1, NULL),
(108, 3, 0, 27, 0, 0, 0, 27, 0, NULL, NULL, NULL, NULL, NULL, NULL),
(109, 3, 0, 1, 0, 0, 0, 1, 0, NULL, NULL, NULL, NULL, NULL, NULL),
(110, 1, 1, 1, 0, 0, 0, 4, 0, NULL, '2017-12-01 11:56:39', NULL, NULL, 1, NULL),
(110, 3, 7, 0, 0, 2, 1, 30, 0, NULL, NULL, NULL, NULL, NULL, NULL),
(111, 1, 4, 1, 0, 0, 0, 13, 0, NULL, '2017-12-01 11:56:39', NULL, NULL, 1, NULL),
(111, 3, 13, 1, 0, 0, 1, 45, 0, NULL, NULL, NULL, NULL, NULL, NULL),
(112, 3, 0, 0, 0, 0, 0, 0, 0, NULL, NULL, NULL, NULL, NULL, NULL),
(113, 1, 1, 0, 0, 0, 1, 8, 0, NULL, '2017-12-01 11:56:39', NULL, NULL, 1, NULL),
(113, 3, 8, 0, 0, 0, 1, 29, 0, NULL, NULL, NULL, NULL, NULL, NULL),
(114, 1, 0, 0, 0, 0, 0, 0, 0, NULL, NULL, NULL, NULL, NULL, NULL),
(114, 4, 0, 0, 0, 0, 0, 0, 0, NULL, NULL, NULL, NULL, NULL, NULL),
(115, 1, 0, 0, 0, 0, 1, 5, 0, NULL, NULL, NULL, NULL, NULL, NULL),
(115, 4, 0, 0, 0, 1, 0, 2, 0, NULL, NULL, NULL, NULL, NULL, NULL),
(116, 1, 0, 0, 0, 0, 0, 0, 0, NULL, NULL, NULL, NULL, NULL, NULL),
(116, 4, 0, 0, 0, 0, 0, 0, 0, NULL, NULL, NULL, NULL, NULL, NULL),
(117, 1, 0, 0, 0, 1, 0, 2, 0, NULL, NULL, NULL, NULL, NULL, NULL),
(117, 4, 0, 0, 0, 0, 0, 0, 0, NULL, NULL, NULL, NULL, NULL, NULL),
(118, 1, 0, 0, 0, 0, 1, 5, 0, NULL, NULL, NULL, NULL, NULL, NULL),
(118, 4, 0, 0, 0, 0, 0, 0, 0, NULL, NULL, NULL, NULL, NULL, NULL),
(119, 1, 0, 0, 0, 1, 0, 2, 0, NULL, NULL, NULL, NULL, NULL, NULL),
(119, 4, 0, 0, 0, 0, 0, 0, 0, NULL, NULL, NULL, NULL, NULL, NULL),
(120, 1, 0, 0, 0, 0, 0, 0, 0, NULL, NULL, NULL, NULL, NULL, NULL),
(120, 4, 1, 0, 0, 2, 0, 7, 0, NULL, NULL, NULL, NULL, NULL, NULL),
(121, 1, 0, 0, 0, 0, 0, 0, 0, NULL, NULL, NULL, NULL, NULL, NULL),
(121, 4, 0, 0, 0, 0, 0, 0, 0, NULL, NULL, NULL, NULL, NULL, NULL),
(122, 1, 0, 2, 0, 1, 2, 14, 0, NULL, NULL, NULL, NULL, NULL, NULL),
(122, 4, 0, 0, 0, 0, 0, 0, 0, NULL, NULL, NULL, NULL, NULL, NULL),
(123, 1, 0, 0, 0, 0, 0, 0, 0, NULL, NULL, NULL, NULL, NULL, NULL),
(123, 4, 0, 0, 0, 0, 0, 0, 0, NULL, NULL, NULL, NULL, NULL, NULL),
(124, 1, 0, 0, 0, 0, 0, 0, 0, NULL, NULL, NULL, NULL, NULL, NULL),
(124, 4, 0, 0, 0, 0, 2, 10, 0, NULL, NULL, NULL, NULL, NULL, NULL),
(125, 1, 3, 0, 0, 4, 0, 17, 0, NULL, NULL, NULL, NULL, NULL, NULL),
(125, 4, 2, 0, 0, 0, 0, 6, 0, NULL, NULL, NULL, NULL, NULL, NULL),
(126, 1, 5, 0, 0, 1, 0, 17, 0, NULL, NULL, NULL, NULL, NULL, NULL),
(126, 4, 0, 0, 1, 2, 0, 6, 0, NULL, NULL, NULL, NULL, NULL, NULL),
(127, 1, 0, 0, 0, 2, 0, 4, 0, NULL, NULL, NULL, NULL, NULL, NULL),
(127, 4, 0, 0, 0, 0, 0, 0, 0, NULL, NULL, NULL, NULL, NULL, NULL),
(128, 4, 0, 0, 0, 0, 0, 0, 0, NULL, NULL, NULL, NULL, NULL, NULL),
(129, 1, 10, 1, 0, 0, 0, 31, 0, NULL, NULL, NULL, NULL, NULL, NULL),
(129, 4, 1, 0, 0, 0, 0, 3, 0, NULL, NULL, NULL, NULL, NULL, NULL),
(130, 1, 11, 1, 0, 0, 1, 39, 0, NULL, NULL, NULL, NULL, NULL, NULL),
(130, 4, 1, 0, 0, 0, 0, 3, 0, NULL, NULL, NULL, NULL, NULL, NULL),
(131, 1, 1, 9, 0, 0, 0, 12, 0, NULL, NULL, NULL, NULL, NULL, NULL),
(131, 4, 0, 2, 0, 0, 0, 2, 0, NULL, NULL, NULL, NULL, NULL, NULL),
(132, 1, 0, 0, 0, 0, 1, 5, 0, NULL, NULL, NULL, NULL, NULL, NULL),
(132, 4, 0, 0, 0, 0, 1, 5, 0, NULL, NULL, NULL, NULL, NULL, NULL),
(133, 1, 0, 0, 0, 0, 1, 5, 0, NULL, NULL, NULL, NULL, NULL, NULL),
(133, 4, 0, 0, 0, 0, 1, 5, 0, NULL, NULL, NULL, NULL, NULL, NULL),
(134, 1, 0, 0, 0, 1, 0, 2, 0, NULL, NULL, NULL, NULL, NULL, NULL),
(134, 4, 0, 0, 0, 0, 1, 5, 0, NULL, NULL, NULL, NULL, NULL, NULL),
(135, 1, 0, 1, 0, 0, 0, 1, 0, NULL, NULL, NULL, NULL, NULL, NULL),
(135, 4, 1, 0, 0, 0, 0, 3, 0, NULL, NULL, NULL, NULL, NULL, NULL),
(136, 1, 0, 0, 0, 0, 0, 0, 0, NULL, NULL, NULL, NULL, NULL, NULL),
(136, 4, 0, 0, 0, 0, 0, 0, 0, NULL, NULL, NULL, NULL, NULL, NULL),
(138, 2, 0, 0, 0, 0, 1, 5, 0, NULL, NULL, NULL, NULL, NULL, NULL),
(139, 2, 0, 0, 0, 0, 0, 0, 0, NULL, NULL, NULL, NULL, NULL, NULL),
(140, 2, 0, 0, 0, 0, 0, 0, 0, NULL, NULL, NULL, NULL, NULL, NULL),
(141, 2, 0, 0, 0, 0, 0, 0, 0, NULL, NULL, NULL, NULL, NULL, NULL),
(142, 2, 0, 0, 0, 0, 0, 0, 0, NULL, NULL, NULL, NULL, NULL, NULL),
(143, 2, 0, 0, 0, 0, 0, 0, 0, NULL, NULL, NULL, NULL, NULL, NULL),
(144, 2, 0, 0, 0, 0, 0, 0, 0, NULL, NULL, NULL, NULL, NULL, NULL),
(145, 2, 0, 0, 0, 0, 0, 0, 0, NULL, NULL, NULL, NULL, NULL, NULL),
(146, 2, 0, 0, 0, 0, 0, 0, 0, NULL, NULL, NULL, NULL, NULL, NULL),
(149, 2, 0, 0, 0, 0, 0, 0, 0, NULL, '2017-12-01 11:50:28', NULL, NULL, 1, NULL),
(149, 3, 2, 1, 0, 0, 2, 17, 0, NULL, NULL, NULL, NULL, NULL, NULL),
(150, 2, 0, 0, 0, 0, 2, 10, 0, NULL, '2017-12-01 11:50:28', NULL, NULL, 1, NULL),
(150, 3, 5, 2, 0, 3, 1, 28, 0, NULL, NULL, NULL, NULL, NULL, NULL),
(151, 2, 0, 0, 0, 0, 0, 0, 0, NULL, '2017-12-01 11:50:28', NULL, NULL, 1, NULL),
(151, 3, 0, 0, 0, 0, 0, 0, 0, NULL, NULL, NULL, NULL, NULL, NULL),
(152, 2, 0, 1, 0, 0, 0, 1, 0, NULL, '2017-12-01 11:50:28', NULL, NULL, 1, NULL),
(152, 3, 0, 0, 0, 0, 3, 15, 0, NULL, NULL, NULL, NULL, NULL, NULL),
(153, 2, 0, 0, 0, 0, 0, 0, 0, NULL, '2017-12-01 11:50:28', NULL, NULL, 1, NULL),
(153, 3, 0, 2, 0, 0, 0, 2, 0, NULL, NULL, NULL, NULL, NULL, NULL),
(154, 2, 0, 2, 0, 0, 0, 2, 0, NULL, '2017-12-01 11:50:28', NULL, NULL, 1, NULL),
(154, 3, 0, 20, 0, 0, 0, 20, 0, NULL, NULL, NULL, NULL, NULL, NULL),
(155, 2, 0, 1, 0, 0, 0, 1, 0, NULL, '2017-12-01 11:50:28', NULL, NULL, 1, NULL),
(155, 3, 0, 1, 0, 0, 0, 1, 0, NULL, NULL, NULL, NULL, NULL, NULL),
(156, 2, 0, 0, 0, 1, 1, 7, 0, NULL, '2017-12-01 11:50:28', NULL, NULL, 1, NULL),
(156, 3, 2, 1, 0, 1, 1, 14, 0, NULL, NULL, NULL, NULL, NULL, NULL),
(157, 2, 0, 0, 0, 0, 0, 0, 0, NULL, '2017-12-01 11:50:28', NULL, NULL, 1, NULL),
(157, 3, 4, 2, 0, 3, 0, 20, 0, NULL, NULL, NULL, NULL, NULL, NULL),
(158, 2, 0, 1, 0, 0, 0, 1, 0, NULL, '2017-12-01 11:50:28', NULL, NULL, 1, NULL),
(158, 3, 0, 1, 0, 1, 3, 18, 0, NULL, NULL, NULL, NULL, NULL, NULL),
(159, 2, 0, 0, 0, 0, 0, 0, 0, NULL, '2017-12-01 11:50:28', NULL, NULL, 1, NULL),
(159, 3, 1, 1, 1, 0, 1, 11, 0, NULL, NULL, NULL, NULL, NULL, NULL),
(160, 2, 1, 0, 0, 0, 0, 3, 0, NULL, '2017-12-01 11:50:28', NULL, NULL, 1, NULL),
(160, 3, 5, 0, 0, 0, 3, 30, 0, NULL, NULL, NULL, NULL, NULL, NULL),
(161, 3, 5, 0, 0, 0, 1, 20, 0, NULL, NULL, NULL, NULL, NULL, NULL),
(162, 3, 0, 0, 0, 1, 0, 2, 0, NULL, NULL, NULL, NULL, NULL, NULL),
(163, 2, 1, 0, 0, 0, 0, 3, 0, NULL, NULL, NULL, NULL, NULL, NULL),
(164, 2, 0, 0, 0, 3, 2, 16, 0, NULL, NULL, NULL, NULL, NULL, NULL),
(165, 2, 0, 0, 0, 0, 0, 0, 0, NULL, NULL, NULL, NULL, NULL, NULL),
(166, 2, 1, 0, 0, 1, 0, 5, 0, NULL, NULL, NULL, NULL, NULL, NULL),
(167, 2, 0, 0, 0, 0, 0, 0, 0, NULL, NULL, NULL, NULL, NULL, NULL),
(168, 2, 0, 0, 0, 0, 0, 0, 0, NULL, NULL, NULL, NULL, NULL, NULL),
(169, 2, 0, 0, 0, 0, 0, 0, 0, NULL, NULL, NULL, NULL, NULL, NULL),
(170, 2, 0, 0, 0, 0, 0, 0, 0, NULL, NULL, NULL, NULL, NULL, NULL),
(171, 2, 2, 0, 0, 0, 0, 6, 0, NULL, NULL, NULL, NULL, NULL, NULL),
(172, 2, 0, 0, 0, 0, 0, 0, 0, NULL, NULL, NULL, NULL, NULL, NULL),
(173, 2, 0, 0, 0, 0, 0, 0, 0, NULL, NULL, NULL, NULL, NULL, NULL),
(176, 2, 1, 0, 0, 0, 0, 3, 0, NULL, NULL, NULL, NULL, NULL, NULL),
(177, 2, 0, 0, 0, 1, 0, 2, 0, NULL, NULL, NULL, NULL, NULL, NULL),
(178, 2, 0, 0, 0, 0, 0, 0, 0, NULL, NULL, NULL, NULL, NULL, NULL),
(179, 2, 0, 0, 0, 0, 2, 10, 0, NULL, NULL, NULL, NULL, NULL, NULL),
(180, 2, 0, 0, 0, 0, 0, 0, 0, NULL, NULL, NULL, NULL, NULL, NULL),
(181, 2, 0, 0, 0, 0, 0, 0, 0, NULL, NULL, NULL, NULL, NULL, NULL),
(182, 2, 0, 3, 0, 0, 0, 3, 0, NULL, NULL, NULL, NULL, NULL, NULL),
(183, 2, 0, 0, 0, 1, 0, 2, 0, NULL, NULL, NULL, NULL, NULL, NULL),
(184, 2, 1, 0, 0, 0, 0, 3, 0, NULL, NULL, NULL, NULL, NULL, NULL),
(185, 2, 0, 0, 0, 0, 0, 0, 0, NULL, NULL, NULL, NULL, NULL, NULL),
(186, 2, 0, 0, 0, 0, 0, 0, 0, NULL, NULL, NULL, NULL, NULL, NULL),
(187, 2, 0, 0, 0, 0, 0, 0, 0, NULL, NULL, NULL, NULL, NULL, NULL),
(187, 3, 0, 1, 0, 0, 1, 6, 0, NULL, NULL, NULL, NULL, NULL, NULL),
(188, 2, 0, 0, 0, 0, 0, 0, 0, NULL, NULL, NULL, NULL, NULL, NULL),
(188, 3, 0, 0, 0, 1, 0, 2, 0, NULL, NULL, NULL, NULL, NULL, NULL),
(189, 2, 0, 1, 0, 0, 0, 1, 0, NULL, NULL, NULL, NULL, NULL, NULL),
(189, 3, 0, 0, 0, 0, 0, 0, 0, NULL, NULL, NULL, NULL, NULL, NULL),
(190, 2, 0, 0, 0, 0, 0, 0, 0, NULL, NULL, NULL, NULL, NULL, NULL),
(190, 3, 0, 0, 0, 0, 1, 5, 0, NULL, NULL, NULL, NULL, NULL, NULL),
(191, 2, 0, 0, 0, 0, 0, 0, 0, NULL, NULL, NULL, NULL, NULL, NULL),
(191, 3, 0, 0, 0, 0, 0, 0, 0, NULL, NULL, NULL, NULL, NULL, NULL),
(192, 2, 0, 0, 0, 0, 0, 0, 0, NULL, NULL, NULL, NULL, NULL, NULL),
(192, 3, 0, 0, 0, 0, 1, 5, 0, NULL, NULL, NULL, NULL, NULL, NULL),
(193, 3, 1, 0, 0, 0, 1, 8, 0, NULL, NULL, NULL, NULL, NULL, NULL),
(194, 2, 0, 0, 0, 0, 0, 0, 0, NULL, NULL, NULL, NULL, NULL, NULL),
(194, 3, 0, 1, 0, 0, 1, 6, 0, NULL, NULL, NULL, NULL, NULL, NULL),
(195, 2, 0, 0, 0, 0, 0, 0, 0, NULL, NULL, NULL, NULL, NULL, NULL),
(195, 3, 0, 0, 0, 0, 0, 0, 0, NULL, NULL, NULL, NULL, NULL, NULL),
(196, 2, 0, 0, 0, 0, 0, 0, 0, NULL, NULL, NULL, NULL, NULL, NULL),
(196, 3, 0, 0, 0, 0, 2, 10, 0, NULL, NULL, NULL, NULL, NULL, NULL),
(197, 2, 0, 0, 0, 0, 0, 0, 0, NULL, NULL, NULL, NULL, NULL, NULL),
(197, 3, 0, 0, 0, 0, 0, 0, 0, NULL, NULL, NULL, NULL, NULL, NULL),
(198, 2, 0, 0, 0, 0, 0, 0, 0, NULL, NULL, NULL, NULL, NULL, NULL),
(198, 3, 7, 0, 0, 2, 0, 25, 0, NULL, NULL, NULL, NULL, NULL, NULL),
(199, 3, 0, 0, 0, 0, 0, 0, 0, NULL, NULL, NULL, NULL, NULL, NULL),
(200, 3, 0, 0, 0, 0, 0, 0, 0, NULL, NULL, NULL, NULL, NULL, NULL),
(201, 3, 0, 0, 0, 0, 0, 0, 0, NULL, NULL, NULL, NULL, NULL, NULL),
(202, 3, 0, 0, 0, 0, 0, 0, 0, NULL, NULL, NULL, NULL, NULL, NULL),
(203, 2, 2, 0, 0, 1, 0, 8, 0, NULL, NULL, NULL, NULL, NULL, NULL),
(203, 4, 2, 3, 0, 1, 0, 11, 0, NULL, NULL, NULL, NULL, NULL, NULL),
(204, 2, 0, 0, 0, 1, 0, 2, 0, NULL, NULL, NULL, NULL, NULL, NULL),
(204, 4, 1, 4, 0, 0, 0, 7, 0, NULL, NULL, NULL, NULL, NULL, NULL),
(205, 2, 0, 0, 1, 0, 1, 7, 0, NULL, NULL, NULL, NULL, NULL, NULL),
(205, 4, 1, 1, 0, 0, 2, 14, 0, NULL, NULL, NULL, NULL, NULL, NULL),
(206, 2, 0, 0, 0, 0, 0, 0, 0, NULL, NULL, NULL, NULL, NULL, NULL),
(206, 4, 2, 0, 0, 0, 0, 6, 0, NULL, NULL, NULL, NULL, NULL, NULL),
(207, 2, 0, 0, 0, 1, 1, 7, 0, NULL, NULL, NULL, NULL, NULL, NULL),
(207, 4, 1, 0, 0, 0, 0, 3, 0, NULL, NULL, NULL, NULL, NULL, NULL),
(208, 2, 1, 0, 0, 2, 0, 7, 0, NULL, NULL, NULL, NULL, NULL, NULL),
(208, 4, 1, 1, 0, 0, 0, 4, 0, NULL, NULL, NULL, NULL, NULL, NULL),
(209, 2, 0, 0, 0, 1, 1, 7, 0, NULL, NULL, NULL, NULL, NULL, NULL),
(209, 4, 0, 0, 0, 0, 0, 0, 0, NULL, NULL, NULL, NULL, NULL, NULL),
(210, 2, 0, 0, 0, 0, 0, 0, 0, NULL, NULL, NULL, NULL, NULL, NULL),
(210, 4, 0, 0, 0, 0, 0, 0, 0, NULL, NULL, NULL, NULL, NULL, NULL),
(211, 2, 0, 0, 0, 0, 0, 0, 0, NULL, NULL, NULL, NULL, NULL, NULL),
(211, 4, 0, 0, 0, 0, 0, 0, 0, NULL, NULL, NULL, NULL, NULL, NULL),
(212, 2, 0, 0, 0, 0, 0, 0, 0, NULL, NULL, NULL, NULL, NULL, NULL),
(212, 4, 0, 0, 0, 0, 0, 0, 0, NULL, NULL, NULL, NULL, NULL, NULL),
(213, 2, 0, 0, 0, 0, 0, 0, 0, NULL, NULL, NULL, NULL, NULL, NULL),
(213, 4, 0, 0, 0, 0, 0, 0, 0, NULL, NULL, NULL, NULL, NULL, NULL),
(214, 4, 2, 0, 0, 0, 0, 6, 0, NULL, NULL, NULL, NULL, NULL, NULL),
(215, 4, 0, 16, 0, 0, 1, 21, 0, NULL, NULL, NULL, NULL, NULL, NULL),
(216, 4, 2, 0, 0, 0, 0, 6, 0, NULL, NULL, NULL, NULL, NULL, NULL),
(217, 4, 2, 0, 0, 0, 1, 11, 0, NULL, NULL, NULL, NULL, NULL, NULL),
(218, 4, 2, 0, 0, 1, 0, 8, 0, NULL, NULL, NULL, NULL, NULL, NULL),
(219, 4, 2, 0, 0, 0, 0, 6, 0, NULL, NULL, NULL, NULL, NULL, NULL),
(220, 4, 1, 4, 0, 0, 0, 7, 0, NULL, NULL, NULL, NULL, NULL, NULL),
(221, 4, 0, 1, 0, 0, 0, 1, 0, NULL, NULL, NULL, NULL, NULL, NULL),
(222, 4, 0, 0, 0, 0, 0, 0, 0, NULL, NULL, NULL, NULL, NULL, NULL),
(223, 4, 0, 0, 0, 0, 0, 0, 0, NULL, NULL, NULL, NULL, NULL, NULL),
(224, 4, 0, 0, 0, 0, 0, 0, 0, NULL, NULL, NULL, NULL, NULL, NULL),
(225, 4, 1, 2, 0, 0, 0, 5, 0, NULL, NULL, NULL, NULL, NULL, NULL),
(226, 4, 0, 0, 0, 0, 1, 5, 0, NULL, NULL, NULL, NULL, NULL, NULL),
(227, 2, 0, 0, 0, 0, 0, 0, 0, NULL, NULL, NULL, NULL, NULL, NULL),
(227, 4, 0, 0, 0, 0, 0, 0, 2, NULL, NULL, NULL, NULL, NULL, NULL),
(228, 2, 0, 0, 0, 2, 0, 4, 0, NULL, NULL, NULL, NULL, NULL, NULL),
(228, 4, 0, 0, 0, 0, 0, 0, 2, NULL, NULL, NULL, NULL, NULL, NULL),
(229, 2, 0, 0, 0, 1, 0, 2, 0, NULL, NULL, NULL, NULL, NULL, NULL),
(229, 4, 0, 0, 0, 0, 0, 0, 2, NULL, NULL, NULL, NULL, NULL, NULL),
(230, 2, 1, 0, 0, 1, 0, 5, 0, NULL, NULL, NULL, NULL, NULL, NULL),
(230, 4, 0, 0, 0, 0, 0, 0, 1, NULL, NULL, NULL, NULL, NULL, NULL),
(231, 4, 0, 0, 0, 0, 0, 0, 0, NULL, NULL, NULL, NULL, NULL, NULL),
(232, 2, 1, 0, 0, 0, 0, 3, 0, NULL, NULL, NULL, NULL, NULL, NULL),
(232, 4, 0, 0, 0, 0, 0, 0, 0, NULL, NULL, NULL, NULL, NULL, NULL),
(233, 2, 0, 0, 0, 0, 2, 10, 0, NULL, NULL, NULL, NULL, NULL, NULL),
(233, 4, 0, 0, 0, 0, 0, 0, 0, NULL, NULL, NULL, NULL, NULL, NULL),
(234, 2, 0, 0, 0, 0, 0, 0, 0, NULL, NULL, NULL, NULL, NULL, NULL),
(234, 4, 1, 0, 0, 0, 1, 8, 0, NULL, NULL, NULL, NULL, NULL, NULL),
(235, 2, 0, 0, 0, 0, 0, 0, 0, NULL, NULL, NULL, NULL, NULL, NULL),
(235, 4, 0, 0, 0, 0, 0, 0, 0, NULL, NULL, NULL, NULL, NULL, NULL),
(236, 2, 1, 0, 0, 0, 0, 3, 0, NULL, NULL, NULL, NULL, NULL, NULL),
(236, 4, 0, 0, 0, 0, 0, 0, 0, NULL, NULL, NULL, NULL, NULL, NULL),
(237, 2, 0, 0, 0, 0, 1, 5, 0, NULL, NULL, NULL, NULL, NULL, NULL),
(237, 4, 0, 0, 0, 0, 0, 0, 0, NULL, NULL, NULL, NULL, NULL, NULL),
(238, 2, 0, 0, 0, 0, 0, 0, 0, NULL, NULL, NULL, NULL, NULL, NULL),
(238, 4, 0, 0, 0, 0, 0, 0, 0, NULL, NULL, NULL, NULL, NULL, NULL),
(239, 2, 0, 0, 0, 0, 0, 0, 0, NULL, NULL, NULL, NULL, NULL, NULL),
(239, 4, 0, 0, 0, 0, 0, 0, 0, NULL, NULL, NULL, NULL, NULL, NULL),
(240, 2, 0, 0, 0, 0, 1, 5, 0, NULL, NULL, NULL, NULL, NULL, NULL),
(240, 4, 0, 0, 0, 2, 0, 4, 0, NULL, NULL, NULL, NULL, NULL, NULL),
(241, 2, 0, 0, 0, 1, 1, 7, 0, NULL, NULL, NULL, NULL, NULL, NULL),
(241, 3, 0, 0, 0, 0, 0, 0, 0, NULL, NULL, NULL, NULL, NULL, NULL),
(241, 4, 0, 0, 0, 0, 2, 10, 0, NULL, NULL, NULL, NULL, NULL, NULL),
(242, 2, 0, 0, 0, 0, 0, 0, 0, NULL, NULL, NULL, NULL, NULL, NULL),
(242, 3, 0, 0, 0, 0, 0, 0, 0, NULL, NULL, NULL, NULL, NULL, NULL),
(242, 4, 2, 0, 0, 1, 0, 8, 0, NULL, NULL, NULL, NULL, NULL, NULL),
(243, 2, 0, 0, 0, 0, 1, 5, 0, NULL, NULL, NULL, NULL, NULL, NULL),
(243, 3, 0, 0, 0, 0, 0, 0, 0, NULL, NULL, NULL, NULL, NULL, NULL),
(243, 4, 0, 0, 0, 1, 0, 2, 0, NULL, NULL, NULL, NULL, NULL, NULL),
(244, 2, 0, 0, 0, 0, 0, 0, 0, NULL, NULL, NULL, NULL, NULL, NULL),
(244, 3, 0, 0, 0, 0, 0, 0, 0, NULL, NULL, NULL, NULL, NULL, NULL),
(244, 4, 0, 0, 0, 0, 1, 5, 0, NULL, NULL, NULL, NULL, NULL, NULL),
(245, 2, 0, 0, 0, 0, 0, 0, 0, NULL, NULL, NULL, NULL, NULL, NULL),
(245, 3, 0, 0, 0, 0, 0, 0, 0, NULL, NULL, NULL, NULL, NULL, NULL),
(245, 4, 0, 0, 0, 1, 1, 7, 0, NULL, NULL, NULL, NULL, NULL, NULL),
(246, 2, 0, 0, 0, 0, 0, 0, 0, NULL, NULL, NULL, NULL, NULL, NULL),
(246, 3, 0, 0, 0, 0, 0, 0, 0, NULL, NULL, NULL, NULL, NULL, NULL),
(246, 4, 2, 0, 0, 0, 1, 11, 0, NULL, NULL, NULL, NULL, NULL, NULL),
(247, 2, 0, 0, 0, 0, 0, 0, 0, NULL, NULL, NULL, NULL, NULL, NULL),
(247, 3, 0, 0, 0, 0, 0, 0, 0, NULL, NULL, NULL, NULL, NULL, NULL),
(247, 4, 0, 0, 0, 1, 0, 2, 0, NULL, NULL, NULL, NULL, NULL, NULL),
(248, 2, 1, 0, 0, 0, 0, 3, 0, NULL, NULL, NULL, NULL, NULL, NULL),
(248, 3, 0, 0, 0, 0, 0, 0, 0, NULL, NULL, NULL, NULL, NULL, NULL),
(248, 4, 2, 0, 0, 0, 1, 11, 0, NULL, NULL, NULL, NULL, NULL, NULL),
(249, 2, 0, 0, 0, 1, 0, 2, 0, NULL, NULL, NULL, NULL, NULL, NULL),
(249, 3, 0, 0, 0, 0, 0, 0, 0, NULL, NULL, NULL, NULL, NULL, NULL),
(249, 4, 0, 0, 0, 1, 0, 2, 1, NULL, NULL, NULL, NULL, NULL, NULL),
(250, 4, 0, 0, 0, 0, 0, 0, 0, NULL, NULL, NULL, NULL, NULL, NULL),
(251, 2, 1, 0, 0, 0, 0, 3, 0, NULL, NULL, NULL, NULL, NULL, NULL),
(251, 3, 0, 0, 0, 0, 0, 0, 0, NULL, NULL, NULL, NULL, NULL, NULL),
(251, 4, 0, 1, 0, 0, 0, 1, 0, NULL, NULL, NULL, NULL, NULL, NULL),
(252, 2, 0, 3, 1, 1, 0, 7, 0, NULL, NULL, NULL, NULL, NULL, NULL),
(252, 3, 0, 17, 0, 0, 1, 22, 0, NULL, NULL, NULL, NULL, NULL, NULL),
(253, 2, 0, 0, 0, 0, 0, 0, 0, NULL, NULL, NULL, NULL, NULL, NULL),
(253, 3, 0, 0, 0, 0, 1, 5, 0, NULL, NULL, NULL, NULL, NULL, NULL),
(254, 2, 0, 0, 0, 0, 0, 0, 0, NULL, NULL, NULL, NULL, NULL, NULL),
(254, 3, 0, 1, 0, 1, 1, 8, 0, NULL, NULL, NULL, NULL, NULL, NULL),
(255, 2, 0, 0, 0, 1, 2, 12, 0, NULL, NULL, NULL, NULL, NULL, NULL),
(255, 3, 0, 0, 0, 0, 2, 10, 0, NULL, NULL, NULL, NULL, NULL, NULL),
(256, 2, 0, 0, 0, 0, 0, 0, 0, NULL, NULL, NULL, NULL, NULL, NULL),
(256, 3, 1, 0, 0, 1, 0, 5, 0, NULL, NULL, NULL, NULL, NULL, NULL),
(257, 2, 0, 0, 0, 0, 0, 0, 0, NULL, NULL, NULL, NULL, NULL, NULL),
(257, 3, 2, 0, 0, 0, 1, 11, 0, NULL, NULL, NULL, NULL, NULL, NULL),
(258, 2, 1, 0, 0, 0, 0, 3, 0, NULL, NULL, NULL, NULL, NULL, NULL),
(258, 3, 0, 0, 0, 0, 3, 15, 0, NULL, NULL, NULL, NULL, NULL, NULL),
(259, 2, 0, 0, 0, 0, 1, 5, 0, NULL, NULL, NULL, NULL, NULL, NULL),
(259, 3, 0, 0, 0, 1, 0, 2, 0, NULL, NULL, NULL, NULL, NULL, NULL),
(260, 2, 0, 0, 0, 0, 0, 0, 0, NULL, NULL, NULL, NULL, NULL, NULL),
(260, 3, 0, 0, 0, 0, 0, 0, 0, NULL, NULL, NULL, NULL, NULL, NULL),
(261, 2, 0, 1, 0, 0, 0, 1, 0, NULL, NULL, NULL, NULL, NULL, NULL),
(261, 3, 0, 0, 0, 0, 1, 5, 0, NULL, NULL, NULL, NULL, NULL, NULL),
(262, 2, 0, 0, 0, 0, 0, 0, 0, NULL, NULL, NULL, NULL, NULL, NULL),
(262, 3, 0, 0, 0, 2, 0, 4, 0, NULL, NULL, NULL, NULL, NULL, NULL),
(263, 2, 0, 0, 0, 0, 0, 0, 0, NULL, NULL, NULL, NULL, NULL, NULL),
(263, 3, 0, 0, 0, 0, 0, 0, 0, NULL, NULL, NULL, NULL, NULL, NULL),
(264, 3, 0, 0, 0, 2, 0, 4, 0, NULL, NULL, NULL, NULL, NULL, NULL),
(265, 2, 0, 0, 0, 1, 0, 2, 0, NULL, NULL, NULL, NULL, NULL, NULL),
(265, 3, 1, 0, 0, 7, 2, 27, 0, NULL, NULL, NULL, NULL, NULL, NULL),
(266, 2, 0, 0, 0, 0, 0, 0, 0, NULL, NULL, NULL, NULL, NULL, NULL),
(266, 3, 0, 0, 0, 7, 0, 14, 0, NULL, NULL, NULL, NULL, NULL, NULL),
(267, 2, 0, 0, 0, 0, 0, 0, 0, NULL, NULL, NULL, NULL, NULL, NULL),
(267, 3, 0, 0, 0, 0, 1, 5, 0, NULL, NULL, NULL, NULL, NULL, NULL),
(268, 2, 0, 0, 0, 0, 0, 0, 0, NULL, NULL, NULL, NULL, NULL, NULL),
(268, 3, 0, 0, 0, 0, 0, 0, 0, NULL, NULL, NULL, NULL, NULL, NULL),
(269, 2, 0, 0, 0, 0, 0, 0, 0, NULL, NULL, NULL, NULL, NULL, NULL),
(269, 3, 1, 0, 0, 4, 0, 11, 0, NULL, NULL, NULL, NULL, NULL, NULL),
(270, 2, 0, 0, 0, 1, 0, 2, 0, NULL, NULL, NULL, NULL, NULL, NULL),
(270, 3, 0, 0, 0, 3, 1, 11, 0, NULL, NULL, NULL, NULL, NULL, NULL),
(271, 2, 0, 0, 0, 0, 0, 0, 0, NULL, NULL, NULL, NULL, NULL, NULL),
(271, 3, 2, 0, 0, 0, 1, 11, 0, NULL, NULL, NULL, NULL, NULL, NULL),
(272, 2, 0, 0, 0, 0, 0, 0, 0, NULL, NULL, NULL, NULL, NULL, NULL),
(272, 3, 3, 0, 0, 1, 4, 31, 0, NULL, NULL, NULL, NULL, NULL, NULL),
(273, 2, 0, 0, 1, 0, 0, 2, 0, NULL, NULL, NULL, NULL, NULL, NULL),
(273, 3, 0, 0, 0, 2, 2, 14, 0, NULL, NULL, NULL, NULL, NULL, NULL),
(274, 2, 0, 0, 0, 2, 1, 9, 0, NULL, NULL, NULL, NULL, NULL, NULL),
(274, 3, 0, 0, 0, 3, 2, 16, 0, NULL, NULL, NULL, NULL, NULL, NULL),
(275, 2, 1, 0, 0, 0, 0, 3, 0, NULL, NULL, NULL, NULL, NULL, NULL),
(275, 3, 0, 9, 0, 2, 1, 18, 0, NULL, NULL, NULL, NULL, NULL, NULL),
(276, 2, 1, 0, 0, 0, 1, 8, 0, NULL, NULL, NULL, NULL, NULL, NULL),
(276, 3, 2, 0, 0, 0, 0, 6, 0, NULL, NULL, NULL, NULL, NULL, NULL),
(277, 3, 0, 0, 0, 0, 0, 0, 0, NULL, NULL, NULL, NULL, NULL, NULL),
(278, 2, 1, 0, 0, 1, 0, 5, 0, NULL, NULL, NULL, NULL, NULL, NULL),
(278, 3, 0, 0, 0, 0, 1, 5, 0, NULL, NULL, NULL, NULL, NULL, NULL),
(279, 2, 1, 0, 0, 0, 1, 8, 0, NULL, NULL, NULL, NULL, NULL, NULL),
(279, 3, 3, 2, 0, 0, 2, 21, 0, NULL, NULL, NULL, NULL, NULL, NULL),
(280, 2, 0, 0, 0, 0, 0, 0, 0, NULL, NULL, NULL, NULL, NULL, NULL),
(280, 3, 0, 3, 1, 3, 2, 21, 0, NULL, NULL, NULL, NULL, NULL, NULL),
(281, 2, 0, 0, 0, 0, 0, 0, 0, NULL, NULL, NULL, NULL, NULL, NULL),
(281, 3, 1, 2, 0, 1, 0, 7, 0, NULL, NULL, NULL, NULL, NULL, NULL),
(282, 2, 0, 0, 0, 0, 0, 0, 0, NULL, NULL, NULL, NULL, NULL, NULL),
(282, 3, 0, 0, 0, 0, 0, 0, 0, NULL, NULL, NULL, NULL, NULL, NULL),
(283, 2, 0, 0, 0, 0, 0, 0, 0, NULL, NULL, NULL, NULL, NULL, NULL),
(283, 3, 2, 0, 0, 3, 3, 27, 0, NULL, NULL, NULL, NULL, NULL, NULL),
(284, 2, 0, 0, 0, 0, 0, 0, 0, NULL, NULL, NULL, NULL, NULL, NULL),
(284, 3, 0, 0, 0, 1, 1, 7, 0, NULL, NULL, NULL, NULL, NULL, NULL),
(285, 2, 0, 0, 0, 2, 1, 9, 0, NULL, NULL, NULL, NULL, NULL, NULL),
(285, 3, 1, 0, 0, 2, 0, 7, 0, NULL, NULL, NULL, NULL, NULL, NULL),
(286, 2, 0, 0, 0, 0, 1, 5, 0, NULL, NULL, NULL, NULL, NULL, NULL),
(286, 3, 0, 1, 0, 0, 2, 11, 0, NULL, NULL, NULL, NULL, NULL, NULL),
(287, 2, 0, 0, 0, 1, 1, 7, 0, NULL, NULL, NULL, NULL, NULL, NULL),
(287, 3, 2, 1, 0, 1, 0, 9, 0, NULL, NULL, NULL, NULL, NULL, NULL),
(288, 3, 2, 0, 0, 1, 0, 8, 0, NULL, NULL, NULL, NULL, NULL, NULL),
(289, 3, 0, 0, 0, 1, 0, 2, 0, NULL, NULL, NULL, NULL, NULL, NULL),
(290, 2, 0, 0, 0, 1, 0, 2, 0, NULL, NULL, NULL, NULL, NULL, NULL),
(290, 3, 0, 0, 0, 0, 1, 5, 0, NULL, NULL, NULL, NULL, NULL, NULL),
(291, 2, 0, 0, 0, 2, 0, 4, 0, NULL, NULL, NULL, NULL, NULL, NULL),
(291, 3, 0, 0, 0, 9, 0, 18, 0, NULL, NULL, NULL, NULL, NULL, NULL),
(292, 2, 0, 0, 0, 3, 0, 6, 0, NULL, NULL, NULL, NULL, NULL, NULL),
(292, 3, 0, 0, 0, 7, 2, 24, 0, NULL, NULL, NULL, NULL, NULL, NULL),
(293, 2, 0, 1, 0, 0, 0, 1, 0, NULL, NULL, NULL, NULL, NULL, NULL),
(293, 3, 0, 0, 0, 0, 0, 0, 0, NULL, NULL, NULL, NULL, NULL, NULL),
(294, 2, 0, 0, 0, 0, 0, 0, 0, NULL, NULL, NULL, NULL, NULL, NULL),
(294, 3, 0, 0, 0, 1, 3, 17, 0, NULL, NULL, NULL, NULL, NULL, NULL),
(295, 2, 0, 0, 0, 1, 0, 2, 0, NULL, NULL, NULL, NULL, NULL, NULL),
(295, 3, 2, 1, 0, 2, 2, 21, 0, NULL, NULL, NULL, NULL, NULL, NULL),
(296, 2, 4, 0, 0, 0, 0, 12, 0, NULL, NULL, NULL, NULL, NULL, NULL),
(296, 3, 6, 1, 0, 3, 0, 25, 0, NULL, NULL, NULL, NULL, NULL, NULL),
(297, 3, 4, 0, 0, 0, 0, 12, 0, NULL, NULL, NULL, NULL, NULL, NULL),
(298, 2, 0, 0, 0, 1, 0, 2, 0, NULL, NULL, NULL, NULL, NULL, NULL),
(298, 3, 0, 0, 0, 2, 2, 14, 0, NULL, NULL, NULL, NULL, NULL, NULL),
(299, 2, 0, 0, 0, 1, 0, 2, 0, NULL, NULL, NULL, NULL, NULL, NULL),
(299, 3, 0, 0, 0, 1, 0, 2, 0, NULL, NULL, NULL, NULL, NULL, NULL),
(300, 2, 0, 0, 0, 4, 1, 13, 0, NULL, NULL, NULL, NULL, NULL, NULL),
(300, 3, 0, 0, 0, 1, 1, 7, 0, NULL, NULL, NULL, NULL, NULL, NULL),
(301, 2, 0, 0, 0, 1, 0, 2, 0, NULL, NULL, NULL, NULL, NULL, NULL),
(301, 3, 0, 0, 0, 1, 2, 12, 0, NULL, NULL, NULL, NULL, NULL, NULL),
(302, 2, 0, 0, 0, 0, 1, 5, 0, NULL, NULL, NULL, NULL, NULL, NULL),
(302, 3, 0, 0, 0, 3, 1, 11, 0, NULL, NULL, NULL, NULL, NULL, NULL),
(303, 2, 0, 0, 0, 0, 1, 5, 0, NULL, NULL, NULL, NULL, NULL, NULL),
(303, 3, 0, 0, 0, 1, 0, 2, 0, NULL, NULL, NULL, NULL, NULL, NULL),
(304, 4, 0, 0, 0, 0, 0, 0, 0, NULL, NULL, NULL, NULL, NULL, NULL),
(305, 4, 0, 0, 0, 0, 0, 0, 0, NULL, NULL, NULL, NULL, NULL, NULL),
(306, 4, 0, 0, 0, 0, 0, 0, 0, NULL, NULL, NULL, NULL, NULL, NULL),
(307, 4, 0, 0, 0, 0, 0, 0, 0, NULL, NULL, NULL, NULL, NULL, NULL),
(308, 4, 0, 0, 0, 0, 0, 0, 0, NULL, NULL, NULL, NULL, NULL, NULL),
(309, 4, 0, 0, 0, 0, 0, 0, 0, NULL, NULL, NULL, NULL, NULL, NULL),
(310, 4, 0, 0, 0, 0, 0, 0, 0, NULL, NULL, NULL, NULL, NULL, NULL),
(311, 4, 0, 0, 0, 0, 0, 0, 0, NULL, NULL, NULL, NULL, NULL, NULL),
(312, 4, 0, 0, 0, 0, 0, 0, 0, NULL, NULL, NULL, NULL, NULL, NULL),
(313, 4, 0, 0, 0, 0, 0, 0, 0, NULL, NULL, NULL, NULL, NULL, NULL),
(314, 4, 0, 0, 0, 0, 0, 0, 0, NULL, NULL, NULL, NULL, NULL, NULL),
(315, 4, 1, 0, 0, 1, 1, 10, 0, NULL, NULL, NULL, NULL, NULL, NULL),
(316, 4, 1, 1, 0, 0, 1, 9, 0, NULL, NULL, NULL, NULL, NULL, NULL),
(317, 4, 2, 0, 0, 0, 0, 6, 0, NULL, NULL, NULL, NULL, NULL, NULL),
(318, 4, 1, 0, 0, 1, 1, 10, 0, NULL, NULL, NULL, NULL, NULL, NULL),
(319, 4, 1, 0, 0, 0, 1, 8, 0, NULL, NULL, NULL, NULL, NULL, NULL),
(320, 4, 1, 0, 0, 0, 0, 3, 0, NULL, NULL, NULL, NULL, NULL, NULL),
(321, 4, 0, 0, 0, 1, 0, 2, 0, NULL, NULL, NULL, NULL, NULL, NULL),
(322, 4, 0, 0, 0, 1, 1, 7, 0, NULL, NULL, NULL, NULL, NULL, NULL),
(323, 4, 0, 0, 0, 1, 0, 2, 0, NULL, NULL, NULL, NULL, NULL, NULL),
(324, 4, 0, 0, 0, 1, 0, 2, 0, NULL, NULL, NULL, NULL, NULL, NULL),
(325, 4, 0, 0, 0, 1, 1, 7, 0, NULL, NULL, NULL, NULL, NULL, NULL),
(326, 4, 0, 0, 0, 0, 0, 0, 0, NULL, NULL, NULL, NULL, NULL, NULL),
(327, 4, 1, 0, 0, 0, 0, 3, 0, NULL, NULL, NULL, NULL, NULL, NULL),
(328, 4, 0, 0, 0, 0, 0, 0, 0, NULL, NULL, NULL, NULL, NULL, NULL),
(329, 4, 0, 0, 0, 0, 0, 0, 0, NULL, NULL, NULL, NULL, NULL, NULL),
(330, 4, 0, 0, 0, 0, 0, 0, 0, NULL, NULL, NULL, NULL, NULL, NULL),
(331, 4, 0, 0, 0, 0, 0, 0, 0, NULL, NULL, NULL, NULL, NULL, NULL),
(332, 4, 0, 0, 0, 0, 1, 5, 0, NULL, NULL, NULL, NULL, NULL, NULL),
(333, 4, 0, 0, 0, 0, 0, 0, 0, NULL, NULL, NULL, NULL, NULL, NULL),
(334, 4, 0, 0, 0, 0, 0, 0, 0, NULL, NULL, NULL, NULL, NULL, NULL),
(335, 4, 0, 1, 0, 0, 0, 1, 0, NULL, NULL, NULL, NULL, NULL, NULL),
(336, 4, 0, 0, 0, 0, 0, 0, 0, NULL, NULL, NULL, NULL, NULL, NULL),
(338, 4, 2, 0, 0, 0, 1, 11, 0, NULL, NULL, NULL, NULL, NULL, NULL),
(339, 4, 1, 1, 0, 0, 0, 4, 0, NULL, NULL, NULL, NULL, NULL, NULL),
(340, 4, 0, 0, 0, 0, 0, 0, 0, NULL, NULL, NULL, NULL, NULL, NULL),
(341, 4, 0, 0, 0, 0, 0, 0, 0, NULL, NULL, NULL, NULL, NULL, NULL),
(342, 4, 0, 0, 0, 0, 0, 0, 0, NULL, NULL, NULL, NULL, NULL, NULL),
(343, 4, 0, 0, 0, 0, 0, 0, 0, NULL, NULL, NULL, NULL, NULL, NULL),
(344, 4, 0, 0, 0, 0, 0, 0, 0, NULL, NULL, NULL, NULL, NULL, NULL),
(345, 4, 0, 0, 0, 0, 0, 0, 0, NULL, NULL, NULL, NULL, NULL, NULL),
(346, 4, 2, 0, 0, 0, 0, 6, 0, NULL, NULL, NULL, NULL, NULL, NULL),
(347, 4, 3, 0, 0, 0, 1, 14, 0, NULL, NULL, NULL, NULL, NULL, NULL),
(348, 4, 2, 0, 0, 0, 0, 6, 0, NULL, NULL, NULL, NULL, NULL, NULL),
(349, 4, 0, 0, 0, 0, 0, 0, 0, NULL, NULL, NULL, NULL, NULL, NULL),
(350, 4, 0, 0, 0, 0, 0, 0, 0, NULL, NULL, NULL, NULL, NULL, NULL),
(351, 4, 0, 2, 0, 0, 1, 7, 0, NULL, NULL, NULL, NULL, NULL, NULL),
(352, 4, 0, 0, 0, 0, 0, 0, 0, NULL, NULL, NULL, NULL, NULL, NULL),
(353, 4, 1, 0, 0, 0, 0, 3, 0, NULL, NULL, NULL, NULL, NULL, NULL),
(354, 4, 0, 0, 0, 0, 0, 0, 0, NULL, NULL, NULL, NULL, NULL, NULL),
(355, 4, 0, 0, 0, 0, 1, 5, 0, NULL, NULL, NULL, NULL, NULL, NULL),
(356, 4, 0, 0, 0, 0, 0, 0, 0, NULL, NULL, NULL, NULL, NULL, NULL),
(357, 4, 0, 0, 0, 0, 0, 0, 0, NULL, NULL, NULL, NULL, NULL, NULL),
(358, 4, 0, 0, 0, 0, 0, 0, 0, NULL, NULL, NULL, NULL, NULL, NULL),
(360, 4, 0, 2, 0, 1, 0, 4, 0, NULL, NULL, NULL, NULL, NULL, NULL),
(361, 4, 0, 1, 0, 1, 0, 3, 0, NULL, NULL, NULL, NULL, NULL, NULL),
(362, 4, 0, 0, 0, 0, 0, 0, 0, NULL, NULL, NULL, NULL, NULL, NULL),
(363, 4, 0, 1, 0, 0, 1, 6, 0, NULL, NULL, NULL, NULL, NULL, NULL),
(364, 4, 0, 0, 0, 0, 1, 5, 0, NULL, NULL, NULL, NULL, NULL, NULL),
(365, 4, 1, 0, 1, 0, 0, 5, 0, NULL, NULL, NULL, NULL, NULL, NULL),
(366, 4, 0, 1, 0, 0, 1, 6, 0, NULL, NULL, NULL, NULL, NULL, NULL),
(367, 4, 2, 0, 0, 1, 0, 8, 0, NULL, NULL, NULL, NULL, NULL, NULL),
(368, 4, 2, 0, 1, 0, 0, 8, 0, NULL, NULL, NULL, NULL, NULL, NULL),
(369, 4, 1, 0, 0, 0, 0, 3, 0, NULL, NULL, NULL, NULL, NULL, NULL),
(370, 4, 3, 0, 0, 1, 1, 16, 0, NULL, NULL, NULL, NULL, NULL, NULL),
(371, 4, 3, 0, 0, 0, 0, 9, 0, NULL, NULL, NULL, NULL, NULL, NULL),
(372, 4, 0, 0, 0, 1, 1, 7, 0, NULL, NULL, NULL, NULL, NULL, NULL),
(373, 4, 0, 0, 0, 0, 0, 0, 0, NULL, NULL, NULL, NULL, NULL, NULL),
(374, 4, 0, 0, 0, 0, 0, 0, 0, NULL, NULL, NULL, NULL, NULL, NULL),
(375, 4, 0, 1, 0, 0, 0, 1, 0, NULL, NULL, NULL, NULL, NULL, NULL),
(376, 4, 1, 0, 0, 0, 0, 3, 0, NULL, NULL, NULL, NULL, NULL, NULL),
(377, 4, 1, 1, 0, 1, 0, 6, 0, NULL, NULL, NULL, NULL, NULL, NULL),
(378, 4, 0, 0, 0, 0, 0, 0, 0, NULL, NULL, NULL, NULL, NULL, NULL),
(379, 4, 0, 0, 0, 0, 1, 5, 0, NULL, NULL, NULL, NULL, NULL, NULL),
(380, 4, 0, 0, 0, 0, 0, 0, 0, NULL, NULL, NULL, NULL, NULL, NULL),
(381, 4, 0, 0, 0, 0, 0, 0, 0, NULL, NULL, NULL, NULL, NULL, NULL),
(382, 4, 0, 0, 0, 0, 0, 0, 0, NULL, NULL, NULL, NULL, NULL, NULL),
(383, 1, 3, 0, 0, 0, 0, 9, 0, NULL, NULL, NULL, NULL, NULL, NULL),
(384, 1, 0, 12, 0, 0, 0, 12, 0, NULL, NULL, NULL, NULL, NULL, NULL),
(385, 1, 0, 0, 0, 0, 0, 0, 0, NULL, NULL, NULL, NULL, NULL, NULL),
(386, 1, 7, 3, 1, 0, 0, 26, 0, NULL, NULL, NULL, NULL, NULL, NULL),
(387, 1, 0, 1, 1, 1, 0, 5, 0, NULL, NULL, NULL, NULL, NULL, NULL),
(388, 2, 0, 0, 0, 0, 1, 5, 0, NULL, NULL, NULL, NULL, NULL, NULL),
(389, 2, 0, 0, 0, 0, 0, 0, 0, NULL, NULL, NULL, NULL, NULL, NULL),
(390, 2, 0, 0, 0, 1, 0, 2, 0, NULL, NULL, NULL, NULL, NULL, NULL),
(391, 3, 0, 0, 0, 1, 0, 2, 0, NULL, NULL, NULL, NULL, NULL, NULL),
(392, 2, 1, 0, 0, 0, 0, 3, 0, NULL, NULL, NULL, NULL, NULL, NULL),
(392, 3, 0, 0, 0, 0, 0, 0, 0, NULL, NULL, NULL, NULL, NULL, NULL),
(393, 1, 1, 0, 2, 1, 1, 14, 0, NULL, NULL, NULL, NULL, NULL, NULL),
(393, 3, 0, 0, 0, 0, 0, 0, 0, NULL, NULL, NULL, NULL, NULL, NULL),
(394, 1, 3, 1, 0, 0, 0, 10, 0, NULL, NULL, NULL, NULL, NULL, NULL),
(394, 3, 2, 1, 0, 1, 0, 9, 0, NULL, NULL, NULL, NULL, NULL, NULL),
(395, 3, 0, 0, 0, 0, 0, 0, 0, NULL, NULL, NULL, NULL, NULL, NULL),
(396, 1, 0, 0, 0, 2, 1, 9, 0, NULL, NULL, NULL, NULL, NULL, NULL),
(396, 3, 0, 0, 0, 0, 0, 0, 0, NULL, NULL, NULL, NULL, NULL, NULL),
(397, 3, 1, 0, 0, 4, 0, 11, 0, NULL, NULL, NULL, NULL, NULL, NULL),
(398, 1, 0, 0, 0, 0, 0, 0, 0, NULL, NULL, NULL, NULL, NULL, NULL),
(398, 3, 0, 0, 0, 0, 0, 0, 0, NULL, NULL, NULL, NULL, NULL, NULL),
(399, 1, 7, 2, 0, 0, 3, 38, 0, NULL, NULL, NULL, NULL, NULL, NULL),
(399, 3, 0, 1, 0, 0, 1, 6, 0, NULL, NULL, NULL, NULL, NULL, NULL),
(400, 1, 0, 0, 0, 0, 1, 5, 0, NULL, NULL, NULL, NULL, NULL, NULL),
(400, 3, 0, 1, 0, 0, 0, 1, 0, NULL, NULL, NULL, NULL, NULL, NULL),
(401, 3, 1, 0, 0, 0, 0, 3, 0, NULL, NULL, NULL, NULL, NULL, NULL),
(402, 3, 0, 0, 0, 0, 0, 0, 0, NULL, NULL, NULL, NULL, NULL, NULL),
(403, 1, 0, 1, 0, 0, 1, 6, 0, NULL, NULL, NULL, NULL, NULL, NULL),
(403, 3, 1, 1, 0, 0, 1, 9, 0, NULL, NULL, NULL, NULL, NULL, NULL),
(404, 3, 0, 0, 0, 0, 0, 0, 0, NULL, NULL, NULL, NULL, NULL, NULL),
(405, 3, 0, 0, 0, 0, 0, 0, 0, NULL, NULL, NULL, NULL, NULL, NULL),
(406, 3, 0, 0, 0, 0, 0, 0, 0, NULL, NULL, NULL, NULL, NULL, NULL),
(407, 1, 0, 0, 0, 1, 0, 2, 0, NULL, NULL, NULL, NULL, NULL, NULL),
(407, 3, 0, 0, 0, 0, 0, 0, 0, NULL, NULL, NULL, NULL, NULL, NULL),
(408, 3, 0, 0, 0, 0, 2, 10, 0, NULL, NULL, NULL, NULL, NULL, NULL),
(409, 3, 1, 0, 0, 0, 0, 3, 0, NULL, NULL, NULL, NULL, NULL, NULL),
(410, 3, 0, 0, 0, 0, 1, 5, 0, NULL, NULL, NULL, NULL, NULL, NULL),
(411, 1, 0, 0, 0, 0, 1, 5, 0, NULL, NULL, NULL, NULL, NULL, NULL),
(411, 3, 0, 0, 0, 0, 0, 0, 0, NULL, NULL, NULL, NULL, NULL, NULL),
(412, 3, 1, 1, 0, 1, 0, 6, 0, NULL, NULL, NULL, NULL, NULL, NULL),
(413, 2, 0, 0, 0, 2, 0, 4, 0, NULL, NULL, NULL, NULL, NULL, NULL),
(413, 3, 0, 0, 0, 1, 0, 2, 0, NULL, NULL, NULL, NULL, NULL, NULL),
(414, 2, 1, 0, 0, 0, 0, 3, 0, NULL, NULL, NULL, NULL, NULL, NULL),
(414, 3, 1, 0, 0, 1, 2, 15, 0, NULL, NULL, NULL, NULL, NULL, NULL),
(415, 1, 1, 2, 0, 2, 0, 9, 0, NULL, NULL, NULL, NULL, NULL, NULL),
(415, 3, 0, 0, 0, 0, 1, 5, 0, NULL, NULL, NULL, NULL, NULL, NULL),
(416, 1, 0, 0, 0, 0, 0, 0, 0, NULL, NULL, NULL, NULL, NULL, NULL),
(416, 3, 0, 0, 1, 1, 1, 9, 0, NULL, NULL, NULL, NULL, NULL, NULL),
(417, 1, 1, 0, 0, 1, 1, 10, 0, NULL, NULL, NULL, NULL, NULL, NULL),
(417, 3, 0, 0, 0, 0, 1, 5, 0, NULL, NULL, NULL, NULL, NULL, NULL),
(418, 1, 0, 1, 0, 0, 0, 1, 0, NULL, NULL, NULL, NULL, NULL, NULL),
(418, 3, 0, 0, 0, 0, 0, 0, 0, NULL, NULL, NULL, NULL, NULL, NULL),
(419, 3, 0, 0, 0, 2, 0, 4, 0, NULL, NULL, NULL, NULL, NULL, NULL),
(420, 2, 0, 0, 0, 0, 0, 0, 0, NULL, NULL, NULL, NULL, NULL, NULL),
(421, 1, 0, 0, 0, 0, 0, 0, 0, NULL, NULL, NULL, NULL, NULL, NULL),
(422, 1, 0, 0, 0, 1, 1, 7, 0, NULL, NULL, NULL, NULL, NULL, NULL),
(423, 1, 1, 0, 0, 0, 1, 8, 0, NULL, NULL, NULL, NULL, NULL, NULL),
(424, 1, 0, 0, 0, 0, 1, 5, 0, NULL, NULL, NULL, NULL, NULL, NULL),
(425, 3, 4, 1, 0, 0, 1, 18, 0, NULL, NULL, NULL, NULL, NULL, NULL),
(426, 3, 0, 2, 0, 2, 0, 6, 0, NULL, NULL, NULL, NULL, NULL, NULL),
(427, 2, 0, 4, 0, 0, 1, 9, 0, NULL, NULL, NULL, NULL, NULL, NULL),
(428, 2, 1, 0, 0, 0, 1, 8, 0, NULL, NULL, NULL, NULL, NULL, NULL),
(429, 2, 0, 0, 0, 0, 0, 0, 0, NULL, NULL, NULL, NULL, NULL, NULL),
(430, 2, 0, 0, 0, 1, 0, 2, 0, NULL, NULL, NULL, NULL, NULL, NULL),
(431, 2, 0, 0, 0, 0, 1, 5, 0, NULL, NULL, NULL, NULL, NULL, NULL),
(432, 2, 0, 0, 0, 1, 0, 2, 0, NULL, NULL, NULL, NULL, NULL, NULL),
(433, 2, 0, 0, 0, 2, 0, 4, 0, NULL, NULL, NULL, NULL, NULL, NULL),
(434, 2, 0, 0, 0, 0, 0, 0, 0, NULL, NULL, NULL, NULL, NULL, NULL),
(435, 2, 0, 0, 0, 0, 0, 0, 0, NULL, NULL, NULL, NULL, NULL, NULL),
(436, 2, 0, 0, 0, 0, 1, 5, 0, NULL, NULL, NULL, NULL, NULL, NULL),
(437, 2, 0, 0, 0, 0, 0, 0, 0, NULL, NULL, NULL, NULL, NULL, NULL),
(438, 2, 1, 0, 0, 0, 0, 3, 0, NULL, NULL, NULL, NULL, NULL, NULL),
(439, 4, 0, 0, 0, 0, 0, 0, 0, NULL, NULL, NULL, NULL, NULL, NULL),
(440, 1, 0, 0, 0, 3, 2, 16, 0, NULL, NULL, NULL, NULL, NULL, NULL),
(441, 1, 0, 0, 0, 7, 2, 24, 0, NULL, NULL, NULL, NULL, NULL, NULL),
(442, 1, 0, 0, 0, 0, 0, 0, 0, NULL, NULL, NULL, NULL, NULL, NULL),
(443, 3, 0, 1, 0, 0, 0, 1, 0, NULL, NULL, NULL, NULL, NULL, NULL),
(444, 1, 0, 1, 0, 1, 1, 8, 0, NULL, NULL, NULL, NULL, NULL, NULL),
(444, 3, 0, 1, 0, 0, 0, 1, 0, NULL, NULL, NULL, NULL, NULL, NULL),
(445, 3, 3, 0, 0, 1, 1, 16, 0, NULL, NULL, NULL, NULL, NULL, NULL),
(446, 3, 0, 0, 0, 0, 0, 0, 0, NULL, NULL, NULL, NULL, NULL, NULL),
(447, 4, 0, 0, 0, 0, 0, 0, 0, NULL, NULL, NULL, NULL, NULL, NULL),
(448, 1, 2, 0, 0, 1, 3, 23, 0, NULL, NULL, NULL, NULL, NULL, NULL),
(448, 4, 0, 0, 0, 0, 0, 0, 0, NULL, NULL, NULL, NULL, NULL, NULL),
(449, 4, 0, 0, 0, 0, 0, 0, 0, NULL, NULL, NULL, NULL, NULL, NULL),
(450, 2, 1, 0, 0, 0, 0, 3, 0, NULL, NULL, NULL, NULL, NULL, NULL),
(450, 4, 0, 0, 0, 0, 1, 5, 0, NULL, NULL, NULL, NULL, NULL, NULL),
(451, 4, 0, 16, 0, 0, 1, 21, 0, NULL, NULL, NULL, NULL, NULL, NULL),
(452, 2, 0, 0, 0, 0, 0, 0, 0, NULL, NULL, NULL, NULL, NULL, NULL),
(452, 3, 0, 0, 0, 0, 0, 0, 0, NULL, NULL, NULL, NULL, NULL, NULL),
(452, 4, 0, 0, 0, 0, 0, 0, 0, NULL, NULL, NULL, NULL, NULL, NULL),
(453, 2, 0, 0, 0, 1, 1, 7, 0, NULL, NULL, NULL, NULL, NULL, NULL),
(453, 4, 1, 0, 0, 0, 0, 3, 0, NULL, NULL, NULL, NULL, NULL, NULL),
(454, 1, 0, 0, 0, 0, 1, 5, 0, NULL, NULL, NULL, NULL, NULL, NULL),
(454, 4, 0, 0, 0, 0, 0, 0, 0, NULL, NULL, NULL, NULL, NULL, NULL),
(455, 4, 0, 0, 0, 0, 0, 0, 0, NULL, NULL, NULL, NULL, NULL, NULL),
(456, 4, 0, 0, 0, 0, 0, 0, 0, NULL, NULL, NULL, NULL, NULL, NULL),
(457, 4, 0, 1, 0, 0, 0, 1, 0, NULL, NULL, NULL, NULL, NULL, NULL),
(459, 1, 0, 1, 0, 0, 1, 6, 1, '2017-12-14 11:45:19', '2017-12-14 11:50:44', NULL, 1, 1, NULL),
(460, 1, 1, 0, 0, 0, 0, 3, 0, '2017-12-14 11:45:19', '2017-12-14 11:50:44', NULL, 1, 1, NULL),
(461, 1, 0, 0, 1, 0, 0, 2, 0, '2017-12-14 11:45:19', '2017-12-14 11:50:44', NULL, 1, 1, NULL),
(462, 1, 0, 0, 0, 1, 0, 2, 0, '2017-12-14 11:45:19', '2017-12-14 11:50:44', NULL, 1, 1, NULL),
(463, 1, 0, 0, 0, 0, 1, 5, 0, '2017-12-14 11:45:19', '2017-12-14 11:50:44', NULL, 1, 1, NULL),
(464, 1, 0, 0, 0, 1, 0, 2, 0, '2017-12-14 11:45:19', '2017-12-14 11:50:44', NULL, 1, 1, NULL),
(465, 1, 0, 0, 1, 0, 0, 2, 0, '2017-12-14 11:45:19', '2017-12-14 11:50:44', NULL, 1, 1, NULL),
(466, 1, 1, 0, 0, 0, 0, 3, 0, '2017-12-14 11:45:19', '2017-12-14 11:50:44', NULL, 1, 1, NULL),
(467, 1, 0, 1, 0, 0, 0, 1, 0, '2017-12-14 11:45:19', '2017-12-14 11:50:44', NULL, 1, 1, NULL),
(468, 1, 1, 0, 0, 0, 0, 3, 0, '2017-12-14 11:45:19', '2017-12-14 11:50:44', NULL, 1, 1, NULL),
(469, 1, 0, 0, 1, 0, 0, 2, 0, '2017-12-14 11:45:19', '2017-12-14 11:50:44', NULL, 1, 1, NULL);

-- --------------------------------------------------------

--
-- Estructura de tabla para la tabla `tournaments_teams`
--

CREATE TABLE `tournaments_teams` (
  `team_id` int(10) UNSIGNED NOT NULL,
  `tournament_id` tinyint(3) UNSIGNED NOT NULL,
  `tournament_group` char(1) COLLATE latin1_spanish_ci DEFAULT NULL,
  `played` int(11) DEFAULT NULL,
  `won` int(11) DEFAULT NULL,
  `drawn` int(11) DEFAULT NULL,
  `lost` int(11) DEFAULT NULL,
  `points` int(11) DEFAULT NULL,
  `td_for` int(11) DEFAULT NULL,
  `td_against` int(11) DEFAULT NULL,
  `cas_for` int(11) DEFAULT NULL,
  `cas_against` int(11) DEFAULT NULL,
  `created_at` datetime DEFAULT NULL,
  `updated_at` datetime DEFAULT NULL,
  `deleted_at` datetime DEFAULT NULL,
  `created_by` int(11) DEFAULT NULL,
  `updated_by` int(11) DEFAULT NULL,
  `deleted_by` int(11) DEFAULT NULL
) ENGINE=InnoDB DEFAULT CHARSET=latin1 COLLATE=latin1_spanish_ci;

--
-- Volcado de datos para la tabla `tournaments_teams`
--

INSERT INTO `tournaments_teams` (`team_id`, `tournament_id`, `tournament_group`, `played`, `won`, `drawn`, `lost`, `points`, `td_for`, `td_against`, `cas_for`, `cas_against`, `created_at`, `updated_at`, `deleted_at`, `created_by`, `updated_by`, `deleted_by`) VALUES
(1, 1, NULL, 9, 2, 2, 5, 20, 8, 13, 18, 9, NULL, NULL, NULL, NULL, NULL, NULL),
(1, 3, NULL, 11, 2, 3, 6, 150, 10, 17, 23, 8, NULL, NULL, NULL, NULL, NULL, NULL),
(2, 1, NULL, 9, 4, 1, 4, 25, 11, 11, 13, 5, NULL, NULL, NULL, NULL, NULL, NULL),
(3, 1, NULL, 11, 5, 1, 5, 30, 10, 14, 8, 7, NULL, NULL, NULL, NULL, NULL, NULL),
(4, 1, NULL, 9, 3, 2, 4, 21, 10, 13, 12, 10, NULL, NULL, NULL, NULL, NULL, NULL),
(4, 3, NULL, 11, 3, 3, 5, 165, 12, 16, 17, 14, NULL, NULL, NULL, NULL, NULL, NULL),
(5, 1, NULL, 9, 4, 2, 3, 26, 13, 8, 17, 4, NULL, NULL, NULL, NULL, NULL, NULL),
(6, 1, NULL, 11, 8, 2, 1, 37, 24, 16, 4, 12, NULL, NULL, NULL, NULL, NULL, NULL),
(6, 3, NULL, 11, 9, 2, 0, 335, 36, 8, 23, 17, NULL, NULL, NULL, NULL, NULL, NULL),
(7, 1, NULL, 11, 6, 2, 3, 32, 15, 10, 9, 16, NULL, NULL, NULL, NULL, NULL, NULL),
(7, 3, NULL, 11, 7, 1, 3, 242, 20, 14, 12, 23, NULL, NULL, NULL, NULL, NULL, NULL),
(8, 1, NULL, 9, 0, 1, 8, 15, 11, 24, 5, 18, NULL, NULL, NULL, NULL, NULL, NULL),
(8, 3, NULL, 11, 7, 4, 0, 274, 29, 16, 13, 22, NULL, NULL, NULL, NULL, NULL, NULL),
(9, 1, NULL, 9, 2, 1, 6, 18, 8, 20, 17, 11, NULL, NULL, NULL, NULL, NULL, NULL),
(9, 4, 'c', 2, 2, 0, 0, 66, 4, 1, 5, 2, NULL, NULL, NULL, NULL, NULL, NULL),
(10, 1, NULL, 11, 8, 0, 3, 38, 27, 8, 4, 15, NULL, NULL, NULL, NULL, NULL, NULL),
(10, 4, 'b', 2, 2, 0, 0, 63, 5, 2, 0, 4, NULL, NULL, NULL, NULL, NULL, NULL),
(13, 2, NULL, 2, 0, 0, 2, 6, 0, 3, 2, 5, NULL, NULL, NULL, NULL, NULL, NULL),
(14, 2, NULL, 3, 0, 0, 3, 9, 2, 5, 1, 7, NULL, NULL, NULL, NULL, NULL, NULL),
(14, 3, NULL, 11, 6, 3, 2, 235, 22, 17, 8, 16, NULL, NULL, NULL, NULL, NULL, NULL),
(15, 2, NULL, 2, 2, 0, 0, 63, 4, 0, 4, 5, NULL, NULL, NULL, NULL, NULL, NULL),
(16, 2, NULL, 3, 1, 0, 2, 32, 2, 4, 2, 6, NULL, NULL, NULL, NULL, NULL, NULL),
(17, 2, NULL, 2, 1, 0, 1, 31, 3, 2, 2, 13, NULL, NULL, NULL, NULL, NULL, NULL),
(17, 3, NULL, 11, 4, 1, 6, 144, 14, 18, 12, 36, NULL, NULL, NULL, NULL, NULL, NULL),
(18, 2, NULL, 3, 2, 0, 1, 71, 6, 3, 5, 2, NULL, NULL, NULL, NULL, NULL, NULL),
(18, 4, 'a', 2, 0, 2, 0, 28, 10, 10, 0, 0, NULL, NULL, NULL, NULL, NULL, NULL),
(19, 2, NULL, 3, 2, 0, 1, 67, 4, 3, 4, 5, NULL, NULL, NULL, NULL, NULL, NULL),
(19, 4, 'a', 2, 0, 2, 0, 28, 10, 10, 0, 0, NULL, NULL, NULL, NULL, NULL, NULL),
(20, 2, NULL, 3, 3, 0, 0, 98, 6, 2, 5, 1, NULL, NULL, NULL, NULL, NULL, NULL),
(20, 4, 'c', 2, 1, 0, 1, 37, 2, 3, 5, 3, NULL, NULL, NULL, NULL, NULL, NULL),
(21, 2, NULL, 3, 1, 0, 2, 45, 2, 3, 6, 2, NULL, NULL, NULL, NULL, NULL, NULL),
(21, 3, NULL, 11, 0, 0, 11, 0, 0, 22, 0, 0, NULL, NULL, NULL, NULL, NULL, NULL),
(21, 4, 'd', 3, 1, 2, 0, 60, 6, 5, 1, 0, NULL, NULL, NULL, NULL, NULL, NULL),
(22, 2, NULL, 3, 1, 0, 2, 38, 1, 2, 2, 5, NULL, NULL, NULL, NULL, NULL, NULL),
(22, 3, NULL, 11, 2, 1, 8, 106, 10, 26, 10, 18, NULL, NULL, NULL, NULL, NULL, NULL),
(23, 2, NULL, 2, 1, 0, 1, 35, 2, 4, 4, 3, NULL, NULL, NULL, NULL, NULL, NULL),
(23, 3, NULL, 11, 3, 2, 6, 171, 8, 14, 31, 12, NULL, NULL, NULL, NULL, NULL, NULL),
(24, 2, NULL, 3, 0, 0, 3, 0, 0, 6, 0, 0, NULL, NULL, NULL, NULL, NULL, NULL),
(25, 2, NULL, 3, 2, 0, 1, 71, 4, 4, 7, 2, NULL, NULL, NULL, NULL, NULL, NULL),
(25, 3, NULL, 11, 3, 4, 4, 175, 14, 14, 15, 14, NULL, NULL, NULL, NULL, NULL, NULL),
(26, 2, NULL, 3, 3, 0, 0, 102, 6, 1, 14, 2, NULL, NULL, NULL, NULL, NULL, NULL),
(26, 3, NULL, 11, 6, 4, 1, 267, 16, 9, 30, 14, NULL, NULL, NULL, NULL, NULL, NULL),
(27, 4, 'b', 2, 0, 0, 2, 0, 0, 4, 0, 0, NULL, NULL, NULL, NULL, NULL, NULL),
(28, 4, 'b', 2, 1, 0, 1, 45, 4, 3, 4, 0, NULL, NULL, NULL, NULL, NULL, NULL),
(29, 4, 'c', 2, 0, 0, 2, 5, 2, 4, 1, 6, NULL, NULL, NULL, NULL, NULL, NULL),
(30, 4, 'a', 2, 0, 2, 0, 28, 10, 10, 0, 0, NULL, NULL, NULL, NULL, NULL, NULL),
(31, 4, 'd', 2, 0, 0, 2, 5, 1, 5, 0, 3, NULL, NULL, NULL, NULL, NULL, NULL),
(32, 4, 'd', 3, 2, 1, 0, 79, 11, 6, 2, 2, NULL, NULL, NULL, NULL, NULL, NULL),
(34, 4, 'd', 2, 0, 1, 1, 20, 2, 4, 2, 0, NULL, NULL, NULL, NULL, NULL, NULL),
(38, 1, NULL, NULL, NULL, NULL, NULL, NULL, NULL, NULL, NULL, NULL, '2017-12-01 14:33:52', NULL, NULL, 1, NULL, NULL);

-- --------------------------------------------------------

--
-- Estructura de tabla para la tabla `users`
--

CREATE TABLE `users` (
  `id` int(11) UNSIGNED NOT NULL,
  `ip_address` varchar(15) NOT NULL,
  `username` varchar(100) DEFAULT NULL,
  `password` varchar(255) NOT NULL,
  `salt` varchar(255) DEFAULT NULL,
  `email` varchar(100) NOT NULL,
  `activation_code` varchar(40) DEFAULT NULL,
  `forgotten_password_code` varchar(40) DEFAULT NULL,
  `forgotten_password_time` int(11) UNSIGNED DEFAULT NULL,
  `remember_code` varchar(40) DEFAULT NULL,
  `created_on` int(11) UNSIGNED NOT NULL,
  `last_login` int(11) UNSIGNED DEFAULT NULL,
  `active` tinyint(1) UNSIGNED DEFAULT NULL,
  `first_name` varchar(50) DEFAULT NULL,
  `last_name` varchar(50) DEFAULT NULL,
  `company` varchar(100) DEFAULT NULL,
  `phone` varchar(20) DEFAULT NULL
) ENGINE=InnoDB DEFAULT CHARSET=utf8 ROW_FORMAT=COMPACT;

--
-- Volcado de datos para la tabla `users`
--

INSERT INTO `users` (`id`, `ip_address`, `username`, `password`, `salt`, `email`, `activation_code`, `forgotten_password_code`, `forgotten_password_time`, `remember_code`, `created_on`, `last_login`, `active`, `first_name`, `last_name`, `company`, `phone`) VALUES
(1, '127.0.0.1', 'administrator', '$2a$07$SeBknntpZror9uyftVopmu61qg0ms8Qv1yV6FG.kQOSM.9QhmTo36', '', 'admin@admin.com', '', NULL, NULL, NULL, 1268889823, 1544267034, 1, 'Admin', 'istrator', 'ADMIN', '0'),
(2, '::1', 'random', '$2y$08$U2itUV2BPT9K1K0bjGknDeQGr2EfLkh9Zlvy3jGdefU/96YtlYzaa', NULL, 'prueba@prueba.com', NULL, NULL, NULL, NULL, 1449045130, NULL, 1, 'Random', '', '', ''),
(3, '::1', 'alex', '$2y$08$U2itUV2BPT9K1K0bjGknDeQGr2EfLkh9Zlvy3jGdefU/96YtlYzaa', NULL, 'prueba@prueba.com', NULL, NULL, NULL, NULL, 1449045130, 1507293037, 1, 'Alex', '', '', '');

-- --------------------------------------------------------

--
-- Estructura de tabla para la tabla `users_groups`
--

CREATE TABLE `users_groups` (
  `id` int(11) UNSIGNED NOT NULL,
  `user_id` int(11) UNSIGNED NOT NULL,
  `group_id` mediumint(8) UNSIGNED NOT NULL
) ENGINE=InnoDB DEFAULT CHARSET=utf8 ROW_FORMAT=COMPACT;

--
-- Volcado de datos para la tabla `users_groups`
--

INSERT INTO `users_groups` (`id`, `user_id`, `group_id`) VALUES
(1, 1, 1),
(2, 1, 2),
(4, 2, 2);

-- --------------------------------------------------------

--
-- Estructura de tabla para la tabla `website`
--

CREATE TABLE `website` (
  `title` varchar(255) NOT NULL,
  `page_title` varchar(100) NOT NULL,
  `page_description` varchar(170) NOT NULL,
  `page_keywords` varchar(255) NOT NULL,
  `status` tinyint(1) NOT NULL DEFAULT '0',
  `admin_email` varchar(200) NOT NULL,
  `contact_email` varchar(200) NOT NULL,
  `created_at` datetime DEFAULT NULL,
  `updated_at` datetime DEFAULT NULL,
  `deleted_at` datetime DEFAULT NULL,
  `created_by` int(11) DEFAULT NULL,
  `updated_by` int(11) DEFAULT NULL,
  `deleted_by` int(11) DEFAULT NULL
) ENGINE=MyISAM DEFAULT CHARSET=utf8 ROW_FORMAT=DYNAMIC;

--
-- Volcado de datos para la tabla `website`
--

INSERT INTO `website` (`title`, `page_title`, `page_description`, `page_keywords`, `status`, `admin_email`, `contact_email`, `created_at`, `updated_at`, `deleted_at`, `created_by`, `updated_by`, `deleted_by`) VALUES
('Ria de Nurgle', 'Comunidad de BB Ria de Nurgle', 'Comunidad de jugadores de bloodbowl y fanáticos varios', 'bloodbowl,juego,mesa,comunidad,aviles,ria,nurgle', 1, 'admin@admin.com', 'masalladelmar@gmail.com', NULL, '2017-10-04 15:02:38', NULL, NULL, NULL, NULL);

--
-- Índices para tablas volcadas
--

--
-- Indices de la tabla `banned`
--
ALTER TABLE `banned`
  ADD PRIMARY KEY (`id`);

--
-- Indices de la tabla `coaches`
--
ALTER TABLE `coaches`
  ADD PRIMARY KEY (`id`);

--
-- Indices de la tabla `comments`
--
ALTER TABLE `comments`
  ADD PRIMARY KEY (`id`),
  ADD KEY `comment_parent` (`approved`);

--
-- Indices de la tabla `groups`
--
ALTER TABLE `groups`
  ADD PRIMARY KEY (`id`);

--
-- Indices de la tabla `journeys`
--
ALTER TABLE `journeys`
  ADD PRIMARY KEY (`journey`,`tournament_id`),
  ADD KEY `FK_jornadas_torneos` (`tournament_id`);

--
-- Indices de la tabla `links`
--
ALTER TABLE `links`
  ADD PRIMARY KEY (`id`),
  ADD KEY `link_visible` (`published`);

--
-- Indices de la tabla `matches`
--
ALTER TABLE `matches`
  ADD PRIMARY KEY (`id`),
  ADD UNIQUE KEY `torneo_id_equipo_local_id_equipo_visitante_id_jornada` (`tournament_id`,`team_id_1`,`team_id_2`,`journey`),
  ADD KEY `FK_encuentros_equipos` (`team_id_1`),
  ADD KEY `FK_encuentros_equipos_2` (`team_id_2`),
  ADD KEY `FK_encuentros_jornadas` (`journey`,`tournament_id`);

--
-- Indices de la tabla `players`
--
ALTER TABLE `players`
  ADD PRIMARY KEY (`id`),
  ADD KEY `FK_jugadores_equipos` (`team_id`);

--
-- Indices de la tabla `playoffs`
--
ALTER TABLE `playoffs`
  ADD PRIMARY KEY (`id`);

--
-- Indices de la tabla `positions`
--
ALTER TABLE `positions`
  ADD PRIMARY KEY (`id`),
  ADD KEY `FK_posiciones_razas` (`race_id`);

--
-- Indices de la tabla `posts`
--
ALTER TABLE `posts`
  ADD PRIMARY KEY (`id`) USING BTREE,
  ADD KEY `post_type` (`type`),
  ADD KEY `parent_id` (`match_id`),
  ADD KEY `status` (`status`);

--
-- Indices de la tabla `races`
--
ALTER TABLE `races`
  ADD PRIMARY KEY (`id`),
  ADD KEY `permalink` (`permalink`);

--
-- Indices de la tabla `skills`
--
ALTER TABLE `skills`
  ADD PRIMARY KEY (`id`),
  ADD KEY `tipo` (`type`);

--
-- Indices de la tabla `star_players`
--
ALTER TABLE `star_players`
  ADD PRIMARY KEY (`id`);

--
-- Indices de la tabla `star_players_race`
--
ALTER TABLE `star_players_race`
  ADD PRIMARY KEY (`id`),
  ADD UNIQUE KEY `raza_id_estrella_id` (`race_id`,`star_id`),
  ADD KEY `FK_estrella_raza_estrellas` (`star_id`);

--
-- Indices de la tabla `teams`
--
ALTER TABLE `teams`
  ADD PRIMARY KEY (`id`),
  ADD UNIQUE KEY `permalink` (`permalink`),
  ADD KEY `coach_team` (`coach_id`);

--
-- Indices de la tabla `tournaments`
--
ALTER TABLE `tournaments`
  ADD PRIMARY KEY (`id`);

--
-- Indices de la tabla `tournaments_players`
--
ALTER TABLE `tournaments_players`
  ADD PRIMARY KEY (`player_id`,`tournament_id`);

--
-- Indices de la tabla `tournaments_teams`
--
ALTER TABLE `tournaments_teams`
  ADD PRIMARY KEY (`team_id`,`tournament_id`),
  ADD KEY `FK_equipos_torneo_torneos` (`tournament_id`);

--
-- Indices de la tabla `users`
--
ALTER TABLE `users`
  ADD PRIMARY KEY (`id`);

--
-- Indices de la tabla `users_groups`
--
ALTER TABLE `users_groups`
  ADD PRIMARY KEY (`id`),
  ADD UNIQUE KEY `uc_users_groups` (`user_id`,`group_id`),
  ADD KEY `fk_users_groups_users1_idx` (`user_id`),
  ADD KEY `fk_users_groups_groups1_idx` (`group_id`);

--
-- AUTO_INCREMENT de las tablas volcadas
--

--
-- AUTO_INCREMENT de la tabla `banned`
--
ALTER TABLE `banned`
  MODIFY `id` int(11) NOT NULL AUTO_INCREMENT, AUTO_INCREMENT=4;

--
-- AUTO_INCREMENT de la tabla `coaches`
--
ALTER TABLE `coaches`
  MODIFY `id` int(10) UNSIGNED NOT NULL AUTO_INCREMENT, AUTO_INCREMENT=18;

--
-- AUTO_INCREMENT de la tabla `comments`
--
ALTER TABLE `comments`
  MODIFY `id` int(10) UNSIGNED NOT NULL AUTO_INCREMENT, AUTO_INCREMENT=48;

--
-- AUTO_INCREMENT de la tabla `groups`
--
ALTER TABLE `groups`
  MODIFY `id` mediumint(8) UNSIGNED NOT NULL AUTO_INCREMENT, AUTO_INCREMENT=3;

--
-- AUTO_INCREMENT de la tabla `links`
--
ALTER TABLE `links`
  MODIFY `id` int(11) NOT NULL AUTO_INCREMENT, AUTO_INCREMENT=11;

--
-- AUTO_INCREMENT de la tabla `matches`
--
ALTER TABLE `matches`
  MODIFY `id` int(11) NOT NULL AUTO_INCREMENT, AUTO_INCREMENT=153;

--
-- AUTO_INCREMENT de la tabla `players`
--
ALTER TABLE `players`
  MODIFY `id` int(11) NOT NULL AUTO_INCREMENT, AUTO_INCREMENT=470;

--
-- AUTO_INCREMENT de la tabla `playoffs`
--
ALTER TABLE `playoffs`
  MODIFY `id` int(11) NOT NULL AUTO_INCREMENT, AUTO_INCREMENT=29;

--
-- AUTO_INCREMENT de la tabla `positions`
--
ALTER TABLE `positions`
  MODIFY `id` int(10) UNSIGNED NOT NULL AUTO_INCREMENT, AUTO_INCREMENT=113;

--
-- AUTO_INCREMENT de la tabla `posts`
--
ALTER TABLE `posts`
  MODIFY `id` int(10) UNSIGNED NOT NULL AUTO_INCREMENT, AUTO_INCREMENT=34;

--
-- AUTO_INCREMENT de la tabla `races`
--
ALTER TABLE `races`
  MODIFY `id` int(11) NOT NULL AUTO_INCREMENT, AUTO_INCREMENT=25;

--
-- AUTO_INCREMENT de la tabla `skills`
--
ALTER TABLE `skills`
  MODIFY `id` int(11) NOT NULL AUTO_INCREMENT, AUTO_INCREMENT=76;

--
-- AUTO_INCREMENT de la tabla `star_players_race`
--
ALTER TABLE `star_players_race`
  MODIFY `id` int(11) NOT NULL AUTO_INCREMENT, AUTO_INCREMENT=150;

--
-- AUTO_INCREMENT de la tabla `teams`
--
ALTER TABLE `teams`
  MODIFY `id` int(10) UNSIGNED NOT NULL AUTO_INCREMENT, AUTO_INCREMENT=39;

--
-- AUTO_INCREMENT de la tabla `tournaments`
--
ALTER TABLE `tournaments`
  MODIFY `id` tinyint(3) UNSIGNED NOT NULL AUTO_INCREMENT, AUTO_INCREMENT=5;

--
-- AUTO_INCREMENT de la tabla `users`
--
ALTER TABLE `users`
  MODIFY `id` int(11) UNSIGNED NOT NULL AUTO_INCREMENT, AUTO_INCREMENT=4;

--
-- AUTO_INCREMENT de la tabla `users_groups`
--
ALTER TABLE `users_groups`
  MODIFY `id` int(11) UNSIGNED NOT NULL AUTO_INCREMENT, AUTO_INCREMENT=5;

--
-- Restricciones para tablas volcadas
--

--
-- Filtros para la tabla `journeys`
--
ALTER TABLE `journeys`
  ADD CONSTRAINT `FK_jornadas_torneos` FOREIGN KEY (`tournament_id`) REFERENCES `tournaments` (`id`) ON DELETE CASCADE ON UPDATE CASCADE;

--
-- Filtros para la tabla `matches`
--
ALTER TABLE `matches`
  ADD CONSTRAINT `FK_encuentros_equipos` FOREIGN KEY (`team_id_1`) REFERENCES `teams` (`id`),
  ADD CONSTRAINT `FK_encuentros_equipos_2` FOREIGN KEY (`team_id_2`) REFERENCES `teams` (`id`);

--
-- Filtros para la tabla `players`
--
ALTER TABLE `players`
  ADD CONSTRAINT `FK_jugadores_equipos` FOREIGN KEY (`team_id`) REFERENCES `teams` (`id`);

--
-- Filtros para la tabla `positions`
--
ALTER TABLE `positions`
  ADD CONSTRAINT `FK_posiciones_razas` FOREIGN KEY (`race_id`) REFERENCES `races` (`id`) ON DELETE CASCADE ON UPDATE CASCADE;

--
-- Filtros para la tabla `star_players_race`
--
ALTER TABLE `star_players_race`
  ADD CONSTRAINT `FK_estrella_raza_estrellas` FOREIGN KEY (`star_id`) REFERENCES `star_players` (`id`),
  ADD CONSTRAINT `FK_estrella_raza_razas` FOREIGN KEY (`race_id`) REFERENCES `races` (`id`) ON DELETE CASCADE ON UPDATE CASCADE;

--
-- Filtros para la tabla `teams`
--
ALTER TABLE `teams`
  ADD CONSTRAINT `coach_team` FOREIGN KEY (`coach_id`) REFERENCES `coaches` (`id`);

--
-- Filtros para la tabla `tournaments_teams`
--
ALTER TABLE `tournaments_teams`
  ADD CONSTRAINT `FK_equipos_torneo_equipos` FOREIGN KEY (`team_id`) REFERENCES `teams` (`id`) ON DELETE CASCADE ON UPDATE CASCADE,
  ADD CONSTRAINT `FK_equipos_torneo_torneos` FOREIGN KEY (`tournament_id`) REFERENCES `tournaments` (`id`) ON DELETE CASCADE ON UPDATE CASCADE;
COMMIT;

/*!40101 SET CHARACTER_SET_CLIENT=@OLD_CHARACTER_SET_CLIENT */;
/*!40101 SET CHARACTER_SET_RESULTS=@OLD_CHARACTER_SET_RESULTS */;
/*!40101 SET COLLATION_CONNECTION=@OLD_COLLATION_CONNECTION */;
